1.0000e+00,1.0000e+00,1.0000e+00
1.0000e+00,1.0000e+00,9.7727e-01
1.0000e+00,1.0000e+00,9.5293e-01
1.0000e+00,1.0000e+00,9.2687e-01
1.0000e+00,1.0000e+00,8.9900e-01
1.0000e+00,1.0000e+00,8.6924e-01
1.0000e+00,1.0000e+00,8.3755e-01
1.0000e+00,1.0000e+00,8.0389e-01
1.0000e+00,1.0000e+00,7.6828e-01
1.0000e+00,1.0000e+00,7.3080e-01
1.0000e+00,1.0000e+00,6.9157e-01
1.0000e+00,1.0000e+00,3.0843e-01
1.0000e+00,1.0000e+00,2.6920e-01
1.0000e+00,1.0000e+00,2.3172e-01
1.0000e+00,1.0000e+00,1.9611e-01
1.0000e+00,1.0000e+00,1.6245e-01
1.0000e+00,1.0000e+00,1.3076e-01
1.0000e+00,1.0000e+00,1.0100e-01
1.0000e+00,1.0000e+00,7.3133e-02
1.0000e+00,1.0000e+00,4.7071e-02
1.0000e+00,1.0000e+00,2.2727e-02
1.0000e+00,1.0000e+00,0.0000e+00
1.0000e+00,9.7727e-01,1.0000e+00
1.0000e+00,9.7645e-01,9.7643e-01
1.0000e+00,9.7560e-01,9.5113e-01
1.0000e+00,9.7473e-01,9.2397e-01
1.0000e+00,9.7385e-01,8.9486e-01
1.0000e+00,9.7297e-01,8.6372e-01
1.0000e+00,9.7210e-01,8.3050e-01
1.0000e+00,9.7126e-01,7.9517e-01
1.0000e+00,9.7047e-01,7.5776e-01
1.0000e+00,9.6974e-01,7.1838e-01
1.0000e+00,9.6974e-01,2.8162e-01
1.0000e+00,9.7047e-01,2.4224e-01
1.0000e+00,9.7126e-01,2.0483e-01
1.0000e+00,9.7210e-01,1.6950e-01
1.0000e+00,9.7297e-01,1.3628e-01
1.0000e+00,9.7385e-01,1.0514e-01
1.0000e+00,9.7473e-01,7.6031e-02
1.0000e+00,9.7560e-01,4.8875e-02
1.0000e+00,9.7645e-01,2.3568e-02
1.0000e+00,9.7727e-01,0.0000e+00
1.0000e+00,9.5293e-01,1.0000e+00
1.0000e+00,9.5116e-01,9.7553e-01
1.0000e+00,9.4934e-01,9.4918e-01
1.0000e+00,9.4748e-01,9.2083e-01
1.0000e+00,9.4559e-01,8.9038e-01
1.0000e+00,9.4371e-01,8.5773e-01
1.0000e+00,9.4186e-01,8.2283e-01
1.0000e+00,9.4009e-01,7.8567e-01
1.0000e+00,9.3843e-01,7.4629e-01
1.0000e+00,9.3694e-01,7.0483e-01
1.0000e+00,9.3694e-01,2.9517e-01
1.0000e+00,9.3843e-01,2.5371e-01
1.0000e+00,9.4009e-01,2.1433e-01
1.0000e+00,9.4186e-01,1.7717e-01
1.0000e+00,9.4371e-01,1.4227e-01
1.0000e+00,9.4559e-01,1.0962e-01
1.0000e+00,9.4748e-01,7.9167e-02
1.0000e+00,9.4934e-01,5.0821e-02
1.0000e+00,9.5116e-01,2.4473e-02
1.0000e+00,9.5293e-01,0.0000e+00
1.0000e+00,9.2687e-01,1.0000e+00
1.0000e+00,9.2403e-01,9.7455e-01
1.0000e+00,9.2110e-01,9.4707e-01
1.0000e+00,9.1811e-01,9.1743e-01
1.0000e+00,9.1510e-01,8.8550e-01
1.0000e+00,9.1209e-01,8.5119e-01
1.0000e+00,9.0916e-01,8.1445e-01
1.0000e+00,9.0636e-01,7.7528e-01
1.0000e+00,9.0378e-01,7.3375e-01
1.0000e+00,9.0378e-01,2.6625e-01
1.0000e+00,9.0636e-01,2.2472e-01
1.0000e+00,9.0916e-01,1.8555e-01
1.0000e+00,9.1209e-01,1.4881e-01
1.0000e+00,9.1510e-01,1.1450e-01
1.0000e+00,9.1811e-01,8.2571e-02
1.0000e+00,9.2110e-01,5.2929e-02
1.0000e+00,9.2403e-01,2.5451e-02
1.0000e+00,9.2687e-01,0.0000e+00
1.0000e+00,8.9900e-01,1.0000e+00
1.0000e+00,8.9495e-01,9.7349e-01
1.0000e+00,8.9078e-01,9.4478e-01
1.0000e+00,8.8653e-01,9.1372e-01
1.0000e+00,8.8224e-01,8.8017e-01
1.0000e+00,8.7799e-01,8.4404e-01
1.0000e+00,8.7387e-01,8.0527e-01
1.0000e+00,8.6999e-01,7.6388e-01
1.0000e+00,8.6646e-01,7.1999e-01
1.0000e+00,8.6646e-01,2.8001e-01
1.0000e+00,8.6999e-01,2.3612e-01
1.0000e+00,8.7387e-01,1.9473e-01
1.0000e+00,8.7799e-01,1.5596e-01
1.0000e+00,8.8224e-01,1.1983e-01
1.0000e+00,8.8653e-01,8.6280e-02
1.0000e+00,8.9078e-01,5.5219e-02
1.0000e+00,8.9495e-01,2.6510e-02
1.0000e+00,8.9900e-01,0.0000e+00
1.0000e+00,8.6924e-01,1.0000e+00
1.0000e+00,8.6385e-01,9.7234e-01
1.0000e+00,8.5830e-01,9.4228e-01
1.0000e+00,8.5264e-01,9.0967e-01
1.0000e+00,8.4695e-01,8.7433e-01
1.0000e+00,8.4135e-01,8.3618e-01
1.0000e+00,8.3597e-01,7.9517e-01
1.0000e+00,8.3095e-01,7.5133e-01
1.0000e+00,8.3095e-01,2.4867e-01
1.0000e+00,8.3597e-01,2.0483e-01
1.0000e+00,8.4135e-01,1.6382e-01
1.0000e+00,8.4695e-01,1.2567e-01
1.0000e+00,8.5264e-01,9.0334e-02
1.0000e+00,8.5830e-01,5.7716e-02
1.0000e+00,8.6385e-01,2.7662e-02
1.0000e+00,8.6924e-01,0.0000e+00
1.0000e+00,8.3755e-01,1.0000e+00
1.0000e+00,8.3067e-01,9.7108e-01
1.0000e+00,8.2359e-01,9.3955e-01
1.0000e+00,8.1639e-01,9.0521e-01
1.0000e+00,8.0920e-01,8.6790e-01
1.0000e+00,8.0216e-01,8.2751e-01
1.0000e+00,7.9546e-01,7.8400e-01
1.0000e+00,7.9546e-01,2.1600e-01
1.0000e+00,8.0216e-01,1.7249e-01
1.0000e+00,8.0920e-01,1.3210e-01
1.0000e+00,8.1639e-01,9.4786e-02
1.0000e+00,8.2359e-01,6.0448e-02
1.0000e+00,8.3067e-01,2.8917e-02
1.0000e+00,8.3755e-01,0.0000e+00
1.0000e+00,8.0389e-01,1.0000e+00
1.0000e+00,7.9538e-01,9.6971e-01
1.0000e+00,7.8665e-01,9.3655e-01
1.0000e+00,7.7781e-01,9.0030e-01
1.0000e+00,7.6902e-01,8.6079e-01
1.0000e+00,7.6049e-01,8.1789e-01
1.0000e+00,7.6049e-01,1.8211e-01
1.0000e+00,7.6902e-01,1.3921e-01
1.0000e+00,7.7781e-01,9.9696e-02
1.0000e+00,7.8665e-01,6.3451e-02
1.0000e+00,7.9538e-01,3.0292e-02
1.0000e+00,8.0389e-01,0.0000e+00
1.0000e+00,7.6828e-01,1.0000e+00
1.0000e+00,7.5804e-01,9.6820e-01
1.0000e+00,7.4754e-01,9.3323e-01
1.0000e+00,7.3697e-01,8.9486e-01
1.0000e+00,7.2654e-01,8.5288e-01
1.0000e+00,7.2654e-01,1.4712e-01
1.0000e+00,7.3697e-01,1.0514e-01
1.0000e+00,7.4754e-01,6.6767e-02
1.0000e+00,7.5804e-01,3.1805e-02
1.0000e+00,7.6828e-01,0.0000e+00
1.0000e+00,7.3080e-01,1.0000e+00
1.0000e+00,7.1872e-01,9.6652e-01
1.0000e+00,7.0639e-01,9.2955e-01
1.0000e+00,7.0639e-01,7.0447e-02
1.0000e+00,7.1872e-01,3.3475e-02
1.0000e+00,7.3080e-01,0.0000e+00
1.0000e+00,6.9157e-01,1.0000e+00
1.0000e+00,6.9157e-01,0.0000e+00
1.0000e+00,3.0834e-01,7.0483e-01
1.0000e+00,2.9823e-01,6.0514e-01
1.0000e+00,2.9473e-01,5.0000e-01
1.0000e+00,2.9823e-01,3.9486e-01
1.0000e+00,3.0834e-01,2.9517e-01
1.0000e+00,3.0135e-01,8.6079e-01
1.0000e+00,2.8213e-01,7.7160e-01
1.0000e+00,2.6809e-01,6.6950e-01
1.0000e+00,2.6062e-01,5.5772e-01
1.0000e+00,2.6062e-01,4.4228e-01
1.0000e+00,2.6809e-01,3.3050e-01
1.0000e+00,2.8213e-01,2.2840e-01
1.0000e+00,3.0135e-01,1.3921e-01
1.0000e+00,3.0843e-01,1.0000e+00
1.0000e+00,2.8314e-01,9.2955e-01
1.0000e+00,2.6068e-01,8.4404e-01
1.0000e+00,2.4269e-01,7.4224e-01
1.0000e+00,2.3093e-01,6.2567e-01
1.0000e+00,2.2681e-01,5.0000e-01
1.0000e+00,2.3093e-01,3.7433e-01
1.0000e+00,2.4269e-01,2.5776e-01
1.0000e+00,2.6068e-01,1.5596e-01
1.0000e+00,2.8314e-01,7.0447e-02
1.0000e+00,3.0843e-01,0.0000e+00
1.0000e+00,2.6920e-01,1.0000e+00
1.0000e+00,2.4394e-01,9.2083e-01
1.0000e+00,2.2224e-01,8.2283e-01
1.0000e+00,2.0602e-01,7.0483e-01
1.0000e+00,1.9725e-01,5.7045e-01
1.0000e+00,1.9725e-01,4.2955e-01
1.0000e+00,2.0602e-01,2.9517e-01
1.0000e+00,2.2224e-01,1.7717e-01
1.0000e+00,2.4394e-01,7.9167e-02
1.0000e+00,2.6920e-01,0.0000e+00
1.0000e+00,2.3172e-01,1.0000e+00
1.0000e+00,2.0677e-01,9.0967e-01
1.0000e+00,1.8623e-01,7.9517e-01
1.0000e+00,1.7242e-01,6.5596e-01
1.0000e+00,1.6751e-01,5.0000e-01
1.0000e+00,1.7242e-01,3.4404e-01
1.0000e+00,1.8623e-01,2.0483e-01
1.0000e+00,2.0677e-01,9.0334e-02
1.0000e+00,2.3172e-01,0.0000e+00
1.0000e+00,1.9611e-01,1.0000e+00
1.0000e+00,1.7173e-01,8.9486e-01
1.0000e+00,1.5283e-01,7.5776e-01
1.0000e+00,1.4227e-01,5.9033e-01
1.0000e+00,1.4227e-01,4.0967e-01
1.0000e+00,1.5283e-01,2.4224e-01
1.0000e+00,1.7173e-01,1.0514e-01
1.0000e+00,1.9611e-01,0.0000e+00
1.0000e+00,1.6245e-01,1.0000e+00
1.0000e+00,1.3889e-01,8.7433e-01
1.0000e+00,1.2226e-01,7.0483e-01
1.0000e+00,1.1613e-01,5.0000e-01
1.0000e+00,1.2226e-01,2.9517e-01
1.0000e+00,1.3889e-01,1.2567e-01
1.0000e+00,1.6245e-01,0.0000e+00
1.0000e+00,1.3076e-01,1.0000e+00
1.0000e+00,1.0831e-01,8.4404e-01
1.0000e+00,9.4930e-02,6.2567e-01
1.0000e+00,9.4930e-02,3.7433e-01
1.0000e+00,1.0831e-01,1.5596e-01
1.0000e+00,1.3076e-01,0.0000e+00
1.0000e+00,1.0100e-01,1.0000e+00
1.0000e+00,8.0101e-02,7.9517e-01
1.0000e+00,7.1720e-02,5.0000e-01
1.0000e+00,8.0101e-02,2.0483e-01
1.0000e+00,1.0100e-01,0.0000e+00
1.0000e+00,7.3133e-02,1.0000e+00
1.0000e+00,5.4617e-02,7.0483e-01
1.0000e+00,5.4617e-02,2.9517e-01
1.0000e+00,7.3133e-02,0.0000e+00
1.0000e+00,4.7071e-02,1.0000e+00
1.0000e+00,3.3315e-02,5.0000e-01
1.0000e+00,4.7071e-02,0.0000e+00
1.0000e+00,2.2727e-02,1.0000e+00
1.0000e+00,2.2727e-02,0.0000e+00
1.0000e+00,0.0000e+00,0.0000e+00
9.7727e-01,1.0000e+00,1.0000e+00
9.7645e-01,1.0000e+00,9.7643e-01
9.7560e-01,1.0000e+00,9.5113e-01
9.7473e-01,1.0000e+00,9.2397e-01
9.7385e-01,1.0000e+00,8.9486e-01
9.7297e-01,1.0000e+00,8.6372e-01
9.7210e-01,1.0000e+00,8.3050e-01
9.7126e-01,1.0000e+00,7.9517e-01
9.7047e-01,1.0000e+00,7.5776e-01
9.6974e-01,1.0000e+00,7.1838e-01
9.6974e-01,1.0000e+00,2.8162e-01
9.7047e-01,1.0000e+00,2.4224e-01
9.7126e-01,1.0000e+00,2.0483e-01
9.7210e-01,1.0000e+00,1.6950e-01
9.7297e-01,1.0000e+00,1.3628e-01
9.7385e-01,1.0000e+00,1.0514e-01
9.7473e-01,1.0000e+00,7.6031e-02
9.7560e-01,1.0000e+00,4.8875e-02
9.7645e-01,1.0000e+00,2.3568e-02
9.7727e-01,1.0000e+00,0.0000e+00
9.7645e-01,9.7643e-01,1.0000e+00
9.7556e-01,9.7554e-01,9.7553e-01
9.7465e-01,9.7463e-01,9.4918e-01
9.7372e-01,9.7369e-01,9.2083e-01
9.7277e-01,9.7275e-01,8.9038e-01
9.7183e-01,9.7180e-01,8.5773e-01
9.7090e-01,9.7087e-01,8.2283e-01
9.7001e-01,9.6998e-01,7.8567e-01
9.6918e-01,9.6914e-01,7.4629e-01
9.6843e-01,9.6839e-01,7.0483e-01
9.6843e-01,9.6839e-01,2.9517e-01
9.6918e-01,9.6914e-01,2.5371e-01
9.7001e-01,9.6998e-01,2.1433e-01
9.7090e-01,9.7087e-01,1.7717e-01
9.7183e-01,9.7180e-01,1.4227e-01
9.7277e-01,9.7275e-01,1.0962e-01
9.7372e-01,9.7369e-01,7.9167e-02
9.7465e-01,9.7463e-01,5.0821e-02
9.7556e-01,9.7554e-01,2.4473e-02
9.7645e-01,9.7643e-01,0.0000e+00
9.7560e-01,9.5113e-01,1.0000e+00
9.7465e-01,9.4922e-01,9.7455e-01
9.7367e-01,9.4725e-01,9.4707e-01
9.7267e-01,9.4524e-01,9.1743e-01
9.7166e-01,9.4321e-01,8.8550e-01
9.7066e-01,9.4119e-01,8.5119e-01
9.6967e-01,9.3921e-01,8.1445e-01
9.6874e-01,9.3732e-01,7.7528e-01
9.6787e-01,9.3558e-01,7.3375e-01
9.6711e-01,9.3404e-01,6.9003e-01
9.6711e-01,9.3404e-01,3.0997e-01
9.6787e-01,9.3558e-01,2.6625e-01
9.6874e-01,9.3732e-01,2.2472e-01
9.6967e-01,9.3921e-01,1.8555e-01
9.7066e-01,9.4119e-01,1.4881e-01
9.7166e-01,9.4321e-01,1.1450e-01
9.7267e-01,9.4524e-01,8.2571e-02
9.7367e-01,9.4725e-01,5.2929e-02
9.7465e-01,9.4922e-01,2.5451e-02
9.7560e-01,9.5113e-01,0.0000e+00
9.7473e-01,9.2397e-01,1.0000e+00
9.7372e-01,9.2090e-01,9.7349e-01
9.7267e-01,9.1774e-01,9.4478e-01
9.7161e-01,9.1450e-01,9.1372e-01
9.7053e-01,9.1124e-01,8.8017e-01
9.6946e-01,9.0800e-01,8.4404e-01
9.6843e-01,9.0486e-01,8.0527e-01
9.6746e-01,9.0190e-01,7.6388e-01
9.6657e-01,8.9920e-01,7.1999e-01
9.6657e-01,8.9920e-01,2.8001e-01
9.6746e-01,9.0190e-01,2.3612e-01
9.6843e-01,9.0486e-01,1.9473e-01
9.6946e-01,9.0800e-01,1.5596e-01
9.7053e-01,9.1124e-01,1.1983e-01
9.7161e-01,9.1450e-01,8.6280e-02
9.7267e-01,9.1774e-01,5.5219e-02
9.7372e-01,9.2090e-01,2.6510e-02
9.7473e-01,9.2397e-01,0.0000e+00
9.7385e-01,8.9486e-01,1.0000e+00
9.7277e-01,8.9048e-01,9.7234e-01
9.7166e-01,8.8596e-01,9.4228e-01
9.7053e-01,8.8135e-01,9.0967e-01
9.6939e-01,8.7671e-01,8.7433e-01
9.6827e-01,8.7214e-01,8.3618e-01
9.6720e-01,8.6773e-01,7.9517e-01
9.6620e-01,8.6362e-01,7.5133e-01
9.6620e-01,8.6362e-01,2.4867e-01
9.6720e-01,8.6773e-01,2.0483e-01
9.6827e-01,8.7214e-01,1.6382e-01
9.6939e-01,8.7671e-01,1.2567e-01
9.7053e-01,8.8135e-01,9.0334e-02
9.7166e-01,8.8596e-01,5.7716e-02
9.7277e-01,8.9048e-01,2.7662e-02
9.7385e-01,8.9486e-01,0.0000e+00
9.7297e-01,8.6372e-01,1.0000e+00
9.7183e-01,8.5787e-01,9.7108e-01
9.7066e-01,8.5184e-01,9.3955e-01
9.6946e-01,8.4570e-01,9.0521e-01
9.6827e-01,8.3955e-01,8.6790e-01
9.6711e-01,8.3351e-01,8.2751e-01
9.6600e-01,8.2776e-01,7.8400e-01
9.6499e-01,8.2248e-01,7.3745e-01
9.6499e-01,8.2248e-01,2.6255e-01
9.6600e-01,8.2776e-01,2.1600e-01
9.6711e-01,8.3351e-01,1.7249e-01
9.6827e-01,8.3955e-01,1.3210e-01
9.6946e-01,8.4570e-01,9.4786e-02
9.7066e-01,8.5184e-01,6.0448e-02
9.7183e-01,8.5787e-01,2.8917e-02
9.7297e-01,8.6372e-01,0.0000e+00
9.7210e-01,8.3050e-01,1.0000e+00
9.7090e-01,8.2302e-01,9.6971e-01
9.6967e-01,8.1532e-01,9.3655e-01
9.6843e-01,8.0751e-01,9.0030e-01
9.6720e-01,7.9973e-01,8.6079e-01
9.6600e-01,7.9215e-01,8.1789e-01
9.6488e-01,7.8503e-01,7.7160e-01
9.6488e-01,7.8503e-01,2.2840e-01
9.6600e-01,7.9215e-01,1.8211e-01
9.6720e-01,7.9973e-01,1.3921e-01
9.6843e-01,8.0751e-01,9.9696e-02
9.6967e-01,8.1532e-01,6.3451e-02
9.7090e-01,8.2302e-01,3.0292e-02
9.7210e-01,8.3050e-01,0.0000e+00
9.7126e-01,7.9517e-01,1.0000e+00
9.7001e-01,7.8591e-01,9.6820e-01
9.6874e-01,7.7641e-01,9.3323e-01
9.6746e-01,7.6681e-01,8.9486e-01
9.6620e-01,7.5731e-01,8.5288e-01
9.6499e-01,7.4817e-01,8.0718e-01
9.6499e-01,7.4817e-01,1.9282e-01
9.6620e-01,7.5731e-01,1.4712e-01
9.6746e-01,7.6681e-01,1.0514e-01
9.6874e-01,7.7641e-01,6.6767e-02
9.7001e-01,7.8591e-01,3.1805e-02
9.7126e-01,7.9517e-01,0.0000e+00
9.7047e-01,7.5776e-01,1.0000e+00
9.6918e-01,7.4661e-01,9.6652e-01
9.6787e-01,7.3520e-01,9.2955e-01
9.6657e-01,7.2373e-01,8.8880e-01
9.6657e-01,7.2373e-01,1.1120e-01
9.6787e-01,7.3520e-01,7.0447e-02
9.6918e-01,7.4661e-01,3.3475e-02
9.7047e-01,7.5776e-01,0.0000e+00
9.6974e-01,7.1838e-01,1.0000e+00
9.6843e-01,7.0522e-01,9.6467e-01
9.6711e-01,6.9184e-01,9.2545e-01
9.6711e-01,6.9184e-01,7.4554e-02
9.6843e-01,7.0522e-01,3.5331e-02
9.6974e-01,7.1838e-01,0.0000e+00
9.6499e-01,3.1405e-01,6.0514e-01
9.6488e-01,3.1043e-01,5.0000e-01
9.6499e-01,3.1405e-01,3.9486e-01
9.6711e-01,3.1636e-01,8.6079e-01
9.6657e-01,2.9648e-01,7.7160e-01
9.6620e-01,2.8192e-01,6.6950e-01
9.6600e-01,2.7417e-01,5.5772e-01
9.6600e-01,2.7417e-01,4.4228e-01
9.6620e-01,2.8192e-01,3.3050e-01
9.6657e-01,2.9648e-01,2.2840e-01
9.6711e-01,3.1636e-01,1.3921e-01
9.6843e-01,2.9673e-01,9.2955e-01
9.6787e-01,2.7348e-01,8.4404e-01
9.6746e-01,2.5481e-01,7.4224e-01
9.6720e-01,2.4258e-01,6.2567e-01
9.6711e-01,2.3830e-01,5.0000e-01
9.6720e-01,2.4258e-01,3.7433e-01
9.6746e-01,2.5481e-01,2.5776e-01
9.6787e-01,2.7348e-01,1.5596e-01
9.6843e-01,2.9673e-01,7.0447e-02
9.6974e-01,2.8162e-01,1.0000e+00
9.6918e-01,2.5548e-01,9.2083e-01
9.6874e-01,2.3294e-01,8.2283e-01
9.6843e-01,2.1607e-01,7.0483e-01
9.6827e-01,2.0694e-01,5.7045e-01
9.6827e-01,2.0694e-01,4.2955e-01
9.6843e-01,2.1607e-01,2.9517e-01
9.6874e-01,2.3294e-01,1.7717e-01
9.6918e-01,2.5548e-01,7.9167e-02
9.6974e-01,2.8162e-01,0.0000e+00
9.7047e-01,2.4224e-01,1.0000e+00
9.7001e-01,2.1635e-01,9.0967e-01
9.6967e-01,1.9498e-01,7.9517e-01
9.6946e-01,1.8060e-01,6.5596e-01
9.6939e-01,1.7548e-01,5.0000e-01
9.6946e-01,1.8060e-01,3.4404e-01
9.6967e-01,1.9498e-01,2.0483e-01
9.7001e-01,2.1635e-01,9.0334e-02
9.7047e-01,2.4224e-01,0.0000e+00
9.7126e-01,2.0483e-01,1.0000e+00
9.7090e-01,1.7949e-01,8.9486e-01
9.7066e-01,1.5981e-01,7.5776e-01
9.7053e-01,1.4881e-01,5.9033e-01
9.7053e-01,1.4881e-01,4.0967e-01
9.7066e-01,1.5981e-01,2.4224e-01
9.7090e-01,1.7949e-01,1.0514e-01
9.7126e-01,2.0483e-01,0.0000e+00
9.7210e-01,1.6950e-01,1.0000e+00
9.7183e-01,1.4499e-01,8.7433e-01
9.7166e-01,1.2767e-01,7.0483e-01
9.7161e-01,1.2128e-01,5.0000e-01
9.7166e-01,1.2767e-01,2.9517e-01
9.7183e-01,1.4499e-01,1.2567e-01
9.7210e-01,1.6950e-01,0.0000e+00
9.7297e-01,1.3628e-01,1.0000e+00
9.7277e-01,1.1292e-01,8.4404e-01
9.7267e-01,9.8993e-02,6.2567e-01
9.7267e-01,9.8993e-02,3.7433e-01
9.7277e-01,1.1292e-01,1.5596e-01
9.7297e-01,1.3628e-01,0.0000e+00
9.7385e-01,1.0514e-01,1.0000e+00
9.7372e-01,8.3402e-02,7.9517e-01
9.7367e-01,7.4682e-02,5.0000e-01
9.7372e-01,8.3402e-02,2.0483e-01
9.7385e-01,1.0514e-01,0.0000e+00
9.7473e-01,7.6031e-02,1.0000e+00
9.7465e-01,5.6790e-02,7.0483e-01
9.7465e-01,5.6790e-02,2.9517e-01
9.7473e-01,7.6031e-02,0.0000e+00
9.7560e-01,4.8875e-02,1.0000e+00
9.7556e-01,3.4593e-02,5.0000e-01
9.7560e-01,4.8875e-02,0.0000e+00
9.7645e-01,2.3568e-02,1.0000e+00
9.7645e-01,2.3568e-02,0.0000e+00
9.7727e-01,0.0000e+00,0.0000e+00
9.5293e-01,1.0000e+00,1.0000e+00
9.5116e-01,1.0000e+00,9.7553e-01
9.4934e-01,1.0000e+00,9.4918e-01
9.4748e-01,1.0000e+00,9.2083e-01
9.4559e-01,1.0000e+00,8.9038e-01
9.4371e-01,1.0000e+00,8.5773e-01
9.4186e-01,1.0000e+00,8.2283e-01
9.4009e-01,1.0000e+00,7.8567e-01
9.3843e-01,1.0000e+00,7.4629e-01
9.3694e-01,1.0000e+00,7.0483e-01
9.3694e-01,1.0000e+00,2.9517e-01
9.3843e-01,1.0000e+00,2.5371e-01
9.4009e-01,1.0000e+00,2.1433e-01
9.4186e-01,1.0000e+00,1.7717e-01
9.4371e-01,1.0000e+00,1.4227e-01
9.4559e-01,1.0000e+00,1.0962e-01
9.4748e-01,1.0000e+00,7.9167e-02
9.4934e-01,1.0000e+00,5.0821e-02
9.5116e-01,1.0000e+00,2.4473e-02
9.5293e-01,1.0000e+00,0.0000e+00
9.5116e-01,9.7553e-01,1.0000e+00
9.4926e-01,9.7457e-01,9.7455e-01
9.4730e-01,9.7358e-01,9.4707e-01
9.4529e-01,9.7257e-01,9.1743e-01
9.4327e-01,9.7155e-01,8.8550e-01
9.4125e-01,9.7053e-01,8.5119e-01
9.3928e-01,9.6953e-01,8.1445e-01
9.3740e-01,9.6859e-01,7.7528e-01
9.3566e-01,9.6771e-01,7.3375e-01
9.3413e-01,9.6693e-01,6.9003e-01
9.3413e-01,9.6693e-01,3.0997e-01
9.3566e-01,9.6771e-01,2.6625e-01
9.3740e-01,9.6859e-01,2.2472e-01
9.3928e-01,9.6953e-01,1.8555e-01
9.4125e-01,9.7053e-01,1.4881e-01
9.4327e-01,9.7155e-01,1.1450e-01
9.4529e-01,9.7257e-01,8.2571e-02
9.4730e-01,9.7358e-01,5.2929e-02
9.4926e-01,9.7457e-01,2.5451e-02
9.5116e-01,9.7553e-01,0.0000e+00
9.4934e-01,9.4918e-01,1.0000e+00
9.4730e-01,9.4712e-01,9.7349e-01
9.4519e-01,9.4499e-01,9.4478e-01
9.4304e-01,9.4281e-01,9.1372e-01
9.4087e-01,9.4061e-01,8.8017e-01
9.3872e-01,9.3843e-01,8.4404e-01
9.3663e-01,9.3631e-01,8.0527e-01
9.3466e-01,9.3431e-01,7.6388e-01
9.3286e-01,9.3249e-01,7.1999e-01
9.3286e-01,9.3249e-01,2.8001e-01
9.3466e-01,9.3431e-01,2.3612e-01
9.3663e-01,9.3631e-01,1.9473e-01
9.3872e-01,9.3843e-01,1.5596e-01
9.4087e-01,9.4061e-01,1.1983e-01
9.4304e-01,9.4281e-01,8.6280e-02
9.4519e-01,9.4499e-01,5.5219e-02
9.4730e-01,9.4712e-01,2.6510e-02
9.4934e-01,9.4918e-01,0.0000e+00
9.4748e-01,9.2083e-01,1.0000e+00
9.4529e-01,9.1751e-01,9.7234e-01
9.4304e-01,9.1407e-01,9.4228e-01
9.4074e-01,9.1056e-01,9.0967e-01
9.3843e-01,9.0703e-01,8.7433e-01
9.3615e-01,9.0354e-01,8.3618e-01
9.3396e-01,9.0017e-01,7.9517e-01
9.3191e-01,8.9702e-01,7.5133e-01
9.3009e-01,8.9422e-01,7.0483e-01
9.3009e-01,8.9422e-01,2.9517e-01
9.3191e-01,8.9702e-01,2.4867e-01
9.3396e-01,9.0017e-01,2.0483e-01
9.3615e-01,9.0354e-01,1.6382e-01
9.3843e-01,9.0703e-01,1.2567e-01
9.4074e-01,9.1056e-01,9.0334e-02
9.4304e-01,9.1407e-01,5.7716e-02
9.4529e-01,9.1751e-01,2.7662e-02
9.4748e-01,9.2083e-01,0.0000e+00
9.4559e-01,8.9038e-01,1.0000e+00
9.4327e-01,8.8562e-01,9.7108e-01
9.4087e-01,8.8070e-01,9.3955e-01
9.3843e-01,8.7569e-01,9.0521e-01
9.3599e-01,8.7066e-01,8.6790e-01
9.3360e-01,8.6572e-01,8.2751e-01
9.3132e-01,8.6100e-01,7.8400e-01
9.2923e-01,8.5666e-01,7.3745e-01
9.2923e-01,8.5666e-01,2.6255e-01
9.3132e-01,8.6100e-01,2.1600e-01
9.3360e-01,8.6572e-01,1.7249e-01
9.3599e-01,8.7066e-01,1.3210e-01
9.3843e-01,8.7569e-01,9.4786e-02
9.4087e-01,8.8070e-01,6.0448e-02
9.4327e-01,8.8562e-01,2.8917e-02
9.4559e-01,8.9038e-01,0.0000e+00
9.4371e-01,8.5773e-01,1.0000e+00
9.4125e-01,8.5136e-01,9.6971e-01
9.3872e-01,8.4479e-01,9.3655e-01
9.3615e-01,8.3810e-01,9.0030e-01
9.3360e-01,8.3143e-01,8.6079e-01
9.3112e-01,8.2492e-01,8.1789e-01
9.2879e-01,8.1878e-01,7.7160e-01
9.2879e-01,8.1878e-01,2.2840e-01
9.3112e-01,8.2492e-01,1.8211e-01
9.3360e-01,8.3143e-01,1.3921e-01
9.3615e-01,8.3810e-01,9.9696e-02
9.3872e-01,8.4479e-01,6.3451e-02
9.4125e-01,8.5136e-01,3.0292e-02
9.4371e-01,8.5773e-01,0.0000e+00
9.4186e-01,8.2283e-01,1.0000e+00
9.3928e-01,8.1467e-01,9.6820e-01
9.3663e-01,8.0628e-01,9.3323e-01
9.3396e-01,7.9777e-01,8.9486e-01
9.3132e-01,7.8933e-01,8.5288e-01
9.2879e-01,7.8118e-01,8.0718e-01
9.2879e-01,7.8118e-01,1.9282e-01
9.3132e-01,7.8933e-01,1.4712e-01
9.3396e-01,7.9777e-01,1.0514e-01
9.3663e-01,8.0628e-01,6.6767e-02
9.3928e-01,8.1467e-01,3.1805e-02
9.4186e-01,8.2283e-01,0.0000e+00
9.4009e-01,7.8567e-01,1.0000e+00
9.3740e-01,7.7556e-01,9.6652e-01
9.3466e-01,7.6520e-01,9.2955e-01
9.3191e-01,7.5475e-01,8.8880e-01
9.2923e-01,7.4446e-01,8.4404e-01
9.2923e-01,7.4446e-01,1.5596e-01
9.3191e-01,7.5475e-01,1.1120e-01
9.3466e-01,7.6520e-01,7.0447e-02
9.3740e-01,7.7556e-01,3.3475e-02
9.4009e-01,7.8567e-01,0.0000e+00
9.3843e-01,7.4629e-01,1.0000e+00
9.3566e-01,7.3411e-01,9.6467e-01
9.3286e-01,7.2167e-01,9.2545e-01
9.3009e-01,7.0921e-01,8.8200e-01
9.3009e-01,7.0921e-01,1.1800e-01
9.3286e-01,7.2167e-01,7.4554e-02
9.3566e-01,7.3411e-01,3.5331e-02
9.3843e-01,7.4629e-01,0.0000e+00
9.3694e-01,7.0483e-01,1.0000e+00
9.3413e-01,6.9048e-01,9.6259e-01
9.3413e-01,6.9048e-01,3.7405e-02
9.3694e-01,7.0483e-01,0.0000e+00
9.3009e-01,3.1225e-01,7.7160e-01
9.2923e-01,2.9715e-01,6.6950e-01
9.2879e-01,2.8910e-01,5.5772e-01
9.2879e-01,2.8910e-01,4.4228e-01
9.2923e-01,2.9715e-01,3.3050e-01
9.3009e-01,3.1225e-01,2.2840e-01
9.3413e-01,3.1159e-01,9.2955e-01
9.3286e-01,2.8752e-01,8.4404e-01
9.3191e-01,2.6813e-01,7.4224e-01
9.3132e-01,2.5540e-01,6.2567e-01
9.3112e-01,2.5094e-01,5.0000e-01
9.3132e-01,2.5540e-01,3.7433e-01
9.3191e-01,2.6813e-01,2.5776e-01
9.3286e-01,2.8752e-01,1.5596e-01
9.3413e-01,3.1159e-01,7.0447e-02
9.3694e-01,2.9517e-01,1.0000e+00
9.3566e-01,2.6809e-01,9.2083e-01
9.3466e-01,2.4468e-01,8.2283e-01
9.3396e-01,2.2710e-01,7.0483e-01
9.3360e-01,2.1758e-01,5.7045e-01
9.3360e-01,2.1758e-01,4.2955e-01
9.3396e-01,2.2710e-01,2.9517e-01
9.3466e-01,2.4468e-01,1.7717e-01
9.3566e-01,2.6809e-01,7.9167e-02
9.3694e-01,2.9517e-01,0.0000e+00
9.3843e-01,2.5371e-01,1.0000e+00
9.3740e-01,2.2681e-01,9.0967e-01
9.3663e-01,2.0457e-01,7.9517e-01
9.3615e-01,1.8956e-01,6.5596e-01
9.3599e-01,1.8422e-01,5.0000e-01
9.3615e-01,1.8956e-01,3.4404e-01
9.3663e-01,2.0457e-01,2.0483e-01
9.3740e-01,2.2681e-01,9.0334e-02
9.3843e-01,2.5371e-01,0.0000e+00
9.4009e-01,2.1433e-01,1.0000e+00
9.3928e-01,1.8796e-01,8.9486e-01
9.3872e-01,1.6744e-01,7.5776e-01
9.3843e-01,1.5596e-01,5.9033e-01
9.3843e-01,1.5596e-01,4.0967e-01
9.3872e-01,1.6744e-01,2.4224e-01
9.3928e-01,1.8796e-01,1.0514e-01
9.4009e-01,2.1433e-01,0.0000e+00
9.4186e-01,1.7717e-01,1.0000e+00
9.4125e-01,1.5164e-01,8.7433e-01
9.4087e-01,1.3358e-01,7.0483e-01
9.4074e-01,1.2691e-01,5.0000e-01
9.4087e-01,1.3358e-01,2.9517e-01
9.4125e-01,1.5164e-01,1.2567e-01
9.4186e-01,1.7717e-01,0.0000e+00
9.4371e-01,1.4227e-01,1.0000e+00
9.4327e-01,1.1794e-01,8.4404e-01
9.4304e-01,1.0342e-01,6.2567e-01
9.4304e-01,1.0342e-01,3.7433e-01
9.4327e-01,1.1794e-01,1.5596e-01
9.4371e-01,1.4227e-01,0.0000e+00
9.4559e-01,1.0962e-01,1.0000e+00
9.4529e-01,8.6984e-02,7.9517e-01
9.4519e-01,7.7897e-02,5.0000e-01
9.4529e-01,8.6984e-02,2.0483e-01
9.4559e-01,1.0962e-01,0.0000e+00
9.4748e-01,7.9167e-02,1.0000e+00
9.4730e-01,5.9143e-02,7.0483e-01
9.4730e-01,5.9143e-02,2.9517e-01
9.4748e-01,7.9167e-02,0.0000e+00
9.4934e-01,5.0821e-02,1.0000e+00
9.4926e-01,3.5974e-02,5.0000e-01
9.4934e-01,5.0821e-02,0.0000e+00
9.5116e-01,2.4473e-02,1.0000e+00
9.5116e-01,2.4473e-02,0.0000e+00
9.5293e-01,0.0000e+00,0.0000e+00
9.2687e-01,1.0000e+00,1.0000e+00
9.2403e-01,1.0000e+00,9.7455e-01
9.2110e-01,1.0000e+00,9.4707e-01
9.1811e-01,1.0000e+00,9.1743e-01
9.1510e-01,1.0000e+00,8.8550e-01
9.1209e-01,1.0000e+00,8.5119e-01
9.0916e-01,1.0000e+00,8.1445e-01
9.0636e-01,1.0000e+00,7.7528e-01
9.0378e-01,1.0000e+00,7.3375e-01
9.0378e-01,1.0000e+00,2.6625e-01
9.0636e-01,1.0000e+00,2.2472e-01
9.0916e-01,1.0000e+00,1.8555e-01
9.1209e-01,1.0000e+00,1.4881e-01
9.1510e-01,1.0000e+00,1.1450e-01
9.1811e-01,1.0000e+00,8.2571e-02
9.2110e-01,1.0000e+00,5.2929e-02
9.2403e-01,1.0000e+00,2.5451e-02
9.2687e-01,1.0000e+00,0.0000e+00
9.2403e-01,9.7455e-01,1.0000e+00
9.2097e-01,9.7351e-01,9.7349e-01
9.1781e-01,9.7244e-01,9.4478e-01
9.1459e-01,9.7135e-01,9.1372e-01
9.1134e-01,9.7024e-01,8.8017e-01
9.0811e-01,9.6914e-01,8.4404e-01
9.0498e-01,9.6808e-01,8.0527e-01
9.0202e-01,9.6707e-01,7.6388e-01
8.9934e-01,9.6615e-01,7.1999e-01
8.9934e-01,9.6615e-01,2.8001e-01
9.0202e-01,9.6707e-01,2.3612e-01
9.0498e-01,9.6808e-01,1.9473e-01
9.0811e-01,9.6914e-01,1.5596e-01
9.1134e-01,9.7024e-01,1.1983e-01
9.1459e-01,9.7135e-01,8.6280e-02
9.1781e-01,9.7244e-01,5.5219e-02
9.2097e-01,9.7351e-01,2.6510e-02
9.2403e-01,9.7455e-01,0.0000e+00
9.2110e-01,9.4707e-01,1.0000e+00
9.1781e-01,9.4483e-01,9.7234e-01
9.1442e-01,9.4252e-01,9.4228e-01
9.1095e-01,9.4016e-01,9.0967e-01
9.0747e-01,9.3777e-01,8.7433e-01
9.0402e-01,9.3542e-01,8.3618e-01
9.0071e-01,9.3314e-01,7.9517e-01
8.9762e-01,9.3102e-01,7.5133e-01
8.9486e-01,9.2912e-01,7.0483e-01
8.9486e-01,9.2912e-01,2.9517e-01
8.9762e-01,9.3102e-01,2.4867e-01
9.0071e-01,9.3314e-01,2.0483e-01
9.0402e-01,9.3542e-01,1.6382e-01
9.0747e-01,9.3777e-01,1.2567e-01
9.1095e-01,9.4016e-01,9.0334e-02
9.1442e-01,9.4252e-01,5.7716e-02
9.1781e-01,9.4483e-01,2.7662e-02
9.2110e-01,9.4707e-01,0.0000e+00
9.1811e-01,9.1743e-01,1.0000e+00
9.1459e-01,9.1381e-01,9.7108e-01
9.1095e-01,9.1007e-01,9.3955e-01
9.0725e-01,9.0625e-01,9.0521e-01
9.0354e-01,9.0241e-01,8.6790e-01
8.9989e-01,8.9863e-01,8.2751e-01
8.9642e-01,8.9502e-01,7.8400e-01
8.9323e-01,8.9170e-01,7.3745e-01
8.9323e-01,8.9170e-01,2.6255e-01
8.9642e-01,8.9502e-01,2.1600e-01
8.9989e-01,8.9863e-01,1.7249e-01
9.0354e-01,9.0241e-01,1.3210e-01
9.0725e-01,9.0625e-01,9.4786e-02
9.1095e-01,9.1007e-01,6.0448e-02
9.1459e-01,9.1381e-01,2.8917e-02
9.1811e-01,9.1743e-01,0.0000e+00
9.1510e-01,8.8550e-01,1.0000e+00
9.1134e-01,8.8031e-01,9.6971e-01
9.0747e-01,8.7494e-01,9.3655e-01
9.0354e-01,8.6948e-01,9.0030e-01
8.9962e-01,8.6400e-01,8.6079e-01
8.9581e-01,8.5866e-01,8.1789e-01
8.9222e-01,8.5361e-01,7.7160e-01
8.9222e-01,8.5361e-01,2.2840e-01
8.9581e-01,8.5866e-01,1.8211e-01
8.9962e-01,8.6400e-01,1.3921e-01
9.0354e-01,8.6948e-01,9.9696e-02
9.0747e-01,8.7494e-01,6.3451e-02
9.1134e-01,8.8031e-01,3.0292e-02
9.1510e-01,8.8550e-01,0.0000e+00
9.1209e-01,8.5119e-01,1.0000e+00
9.0811e-01,8.4423e-01,9.6820e-01
9.0402e-01,8.3704e-01,9.3323e-01
8.9989e-01,8.2975e-01,8.9486e-01
8.9581e-01,8.2248e-01,8.5288e-01
8.9187e-01,8.1546e-01,8.0718e-01
8.9187e-01,8.1546e-01,1.9282e-01
8.9581e-01,8.2248e-01,1.4712e-01
8.9989e-01,8.2975e-01,1.0514e-01
9.0402e-01,8.3704e-01,6.6767e-02
9.0811e-01,8.4423e-01,3.1805e-02
9.1209e-01,8.5119e-01,0.0000e+00
9.0916e-01,8.1445e-01,1.0000e+00
9.0498e-01,8.0552e-01,9.6652e-01
9.0071e-01,7.9634e-01,9.2955e-01
8.9642e-01,7.8704e-01,8.8880e-01
8.9222e-01,7.7787e-01,8.4404e-01
8.9222e-01,7.7787e-01,1.5596e-01
8.9642e-01,7.8704e-01,1.1120e-01
9.0071e-01,7.9634e-01,7.0447e-02
9.0498e-01,8.0552e-01,3.3475e-02
9.0916e-01,8.1445e-01,0.0000e+00
9.0636e-01,7.7528e-01,1.0000e+00
9.0202e-01,7.6421e-01,9.6467e-01
8.9762e-01,7.5287e-01,9.2545e-01
8.9323e-01,7.4147e-01,8.8200e-01
8.9323e-01,7.4147e-01,1.1800e-01
8.9762e-01,7.5287e-01,7.4554e-02
9.0202e-01,7.6421e-01,3.5331e-02
9.0636e-01,7.7528e-01,0.0000e+00
9.0378e-01,7.3375e-01,1.0000e+00
8.9934e-01,7.2041e-01,9.6259e-01
8.9486e-01,7.0680e-01,9.2083e-01
8.9486e-01,7.0680e-01,7.9167e-02
8.9934e-01,7.2041e-01,3.7405e-02
9.0378e-01,7.3375e-01,0.0000e+00
8.9486e-01,3.0296e-01,8.4404e-01
8.9323e-01,2.8282e-01,7.4224e-01
8.9222e-01,2.6956e-01,6.2567e-01
8.9187e-01,2.6492e-01,5.0000e-01
8.9222e-01,2.6956e-01,3.7433e-01
8.9323e-01,2.8282e-01,2.5776e-01
8.9486e-01,3.0296e-01,1.5596e-01
8.9934e-01,2.8192e-01,9.2083e-01
8.9762e-01,2.5758e-01,8.2283e-01
8.9642e-01,2.3927e-01,7.0483e-01
8.9581e-01,2.2932e-01,5.7045e-01
8.9581e-01,2.2932e-01,4.2955e-01
8.9642e-01,2.3927e-01,2.9517e-01
8.9762e-01,2.5758e-01,1.7717e-01
8.9934e-01,2.8192e-01,7.9167e-02
9.0378e-01,2.6625e-01,1.0000e+00
9.0202e-01,2.3830e-01,9.0967e-01
9.0071e-01,2.1511e-01,7.9517e-01
8.9989e-01,1.9944e-01,6.5596e-01
8.9962e-01,1.9385e-01,5.0000e-01
8.9989e-01,1.9944e-01,3.4404e-01
9.0071e-01,2.1511e-01,2.0483e-01
9.0202e-01,2.3830e-01,9.0334e-02
9.0378e-01,2.6625e-01,0.0000e+00
9.0636e-01,2.2472e-01,1.0000e+00
9.0498e-01,1.9725e-01,8.9486e-01
9.0402e-01,1.7583e-01,7.5776e-01
9.0354e-01,1.6382e-01,5.9033e-01
9.0354e-01,1.6382e-01,4.0967e-01
9.0402e-01,1.7583e-01,2.4224e-01
9.0498e-01,1.9725e-01,1.0514e-01
9.0636e-01,2.2472e-01,0.0000e+00
9.0916e-01,1.8555e-01,1.0000e+00
9.0811e-01,1.5892e-01,8.7433e-01
9.0747e-01,1.4005e-01,7.0483e-01
9.0725e-01,1.3307e-01,5.0000e-01
9.0747e-01,1.4005e-01,2.9517e-01
9.0811e-01,1.5892e-01,1.2567e-01
9.0916e-01,1.8555e-01,0.0000e+00
9.1209e-01,1.4881e-01,1.0000e+00
9.1134e-01,1.2342e-01,8.4404e-01
9.1095e-01,1.0825e-01,6.2567e-01
9.1095e-01,1.0825e-01,3.7433e-01
9.1134e-01,1.2342e-01,1.5596e-01
9.1209e-01,1.4881e-01,0.0000e+00
9.1510e-01,1.1450e-01,1.0000e+00
9.1459e-01,9.0885e-02,7.9517e-01
9.1442e-01,8.1400e-02,5.0000e-01
9.1459e-01,9.0885e-02,2.0483e-01
9.1510e-01,1.1450e-01,0.0000e+00
9.1811e-01,8.2571e-02,1.0000e+00
9.1781e-01,6.1698e-02,7.0483e-01
9.1781e-01,6.1698e-02,2.9517e-01
9.1811e-01,8.2571e-02,0.0000e+00
9.2110e-01,5.2929e-02,1.0000e+00
9.2097e-01,3.7470e-02,5.0000e-01
9.2110e-01,5.2929e-02,0.0000e+00
9.2403e-01,2.5451e-02,1.0000e+00
9.2403e-01,2.5451e-02,0.0000e+00
9.2687e-01,0.0000e+00,0.0000e+00
8.9900e-01,1.0000e+00,1.0000e+00
8.9495e-01,1.0000e+00,9.7349e-01
8.9078e-01,1.0000e+00,9.4478e-01
8.8653e-01,1.0000e+00,9.1372e-01
8.8224e-01,1.0000e+00,8.8017e-01
8.7799e-01,1.0000e+00,8.4404e-01
8.7387e-01,1.0000e+00,8.0527e-01
8.6999e-01,1.0000e+00,7.6388e-01
8.6646e-01,1.0000e+00,7.1999e-01
8.6646e-01,1.0000e+00,2.8001e-01
8.6999e-01,1.0000e+00,2.3612e-01
8.7387e-01,1.0000e+00,1.9473e-01
8.7799e-01,1.0000e+00,1.5596e-01
8.8224e-01,1.0000e+00,1.1983e-01
8.8653e-01,1.0000e+00,8.6280e-02
8.9078e-01,1.0000e+00,5.5219e-02
8.9495e-01,1.0000e+00,2.6510e-02
8.9900e-01,1.0000e+00,0.0000e+00
8.9495e-01,9.7349e-01,1.0000e+00
8.9058e-01,9.7236e-01,9.7234e-01
8.8608e-01,9.7120e-01,9.4228e-01
8.8148e-01,9.7001e-01,9.0967e-01
8.7686e-01,9.6881e-01,8.7433e-01
8.7230e-01,9.6762e-01,8.3618e-01
8.6790e-01,9.6648e-01,7.9517e-01
8.6381e-01,9.6541e-01,7.5133e-01
8.6381e-01,9.6541e-01,2.4867e-01
8.6790e-01,9.6648e-01,2.0483e-01
8.7230e-01,9.6762e-01,1.6382e-01
8.7686e-01,9.6881e-01,1.2567e-01
8.8148e-01,9.7001e-01,9.0334e-02
8.8608e-01,9.7120e-01,5.7716e-02
8.9058e-01,9.7236e-01,2.7662e-02
8.9495e-01,9.7349e-01,0.0000e+00
8.9078e-01,9.4478e-01,1.0000e+00
8.8608e-01,9.4234e-01,9.7108e-01
8.8122e-01,9.3982e-01,9.3955e-01
8.7628e-01,9.3725e-01,9.0521e-01
8.7132e-01,9.3466e-01,8.6790e-01
8.6646e-01,9.3210e-01,8.2751e-01
8.6182e-01,9.2966e-01,7.8400e-01
8.5756e-01,9.2741e-01,7.3745e-01
8.5756e-01,9.2741e-01,2.6255e-01
8.6182e-01,9.2966e-01,2.1600e-01
8.6646e-01,9.3210e-01,1.7249e-01
8.7132e-01,9.3466e-01,1.3210e-01
8.7628e-01,9.3725e-01,9.4786e-02
8.8122e-01,9.3982e-01,6.0448e-02
8.8608e-01,9.4234e-01,2.8917e-02
8.9078e-01,9.4478e-01,0.0000e+00
8.8653e-01,9.1372e-01,1.0000e+00
8.8148e-01,9.0977e-01,9.6971e-01
8.7628e-01,9.0568e-01,9.3655e-01
8.7099e-01,9.0150e-01,9.0030e-01
8.6572e-01,8.9732e-01,8.6079e-01
8.6058e-01,8.9323e-01,8.1789e-01
8.5574e-01,8.8936e-01,7.7160e-01
8.5574e-01,8.8936e-01,2.2840e-01
8.6058e-01,8.9323e-01,1.8211e-01
8.6572e-01,8.9732e-01,1.3921e-01
8.7099e-01,9.0150e-01,9.9696e-02
8.7628e-01,9.0568e-01,6.3451e-02
8.8148e-01,9.0977e-01,3.0292e-02
8.8653e-01,9.1372e-01,0.0000e+00
8.8224e-01,8.8017e-01,1.0000e+00
8.7686e-01,8.7449e-01,9.6820e-01
8.7132e-01,8.6861e-01,9.3323e-01
8.6572e-01,8.6263e-01,8.9486e-01
8.6016e-01,8.5666e-01,8.5288e-01
8.5481e-01,8.5088e-01,8.0718e-01
8.4984e-01,8.4548e-01,7.5776e-01
8.4984e-01,8.4548e-01,2.4224e-01
8.5481e-01,8.5088e-01,1.9282e-01
8.6016e-01,8.5666e-01,1.4712e-01
8.6572e-01,8.6263e-01,1.0514e-01
8.7132e-01,8.6861e-01,6.6767e-02
8.7686e-01,8.7449e-01,3.1805e-02
8.8224e-01,8.8017e-01,0.0000e+00
8.7799e-01,8.4404e-01,1.0000e+00
8.7230e-01,8.3640e-01,9.6652e-01
8.6646e-01,8.2851e-01,9.2955e-01
8.6058e-01,8.2052e-01,8.8880e-01
8.5481e-01,8.1260e-01,8.4404e-01
8.4932e-01,8.0502e-01,7.9517e-01
8.4932e-01,8.0502e-01,2.0483e-01
8.5481e-01,8.1260e-01,1.5596e-01
8.6058e-01,8.2052e-01,1.1120e-01
8.6646e-01,8.2851e-01,7.0447e-02
8.7230e-01,8.3640e-01,3.3475e-02
8.7799e-01,8.4404e-01,0.0000e+00
8.7387e-01,8.0527e-01,1.0000e+00
8.6790e-01,7.9546e-01,9.6467e-01
8.6182e-01,7.8537e-01,9.2545e-01
8.5574e-01,7.7519e-01,8.8200e-01
8.4984e-01,7.6521e-01,8.3410e-01
8.4984e-01,7.6521e-01,1.6590e-01
8.5574e-01,7.7519e-01,1.1800e-01
8.6182e-01,7.8537e-01,7.4554e-02
8.6790e-01,7.9546e-01,3.5331e-02
8.7387e-01,8.0527e-01,0.0000e+00
8.6999e-01,7.6388e-01,1.0000e+00
8.6381e-01,7.5172e-01,9.6259e-01
8.5756e-01,7.3926e-01,9.2083e-01
8.5756e-01,7.3926e-01,7.9167e-02
8.6381e-01,7.5172e-01,3.7405e-02
8.6999e-01,7.6388e-01,0.0000e+00
8.6646e-01,7.1999e-01,1.0000e+00
8.6646e-01,7.1999e-01,0.0000e+00
8.4984e-01,2.8528e-01,6.2567e-01
8.4932e-01,2.8044e-01,5.0000e-01
8.4984e-01,2.8528e-01,3.7433e-01
8.5756e-01,2.7184e-01,8.2283e-01
8.5574e-01,2.5274e-01,7.0483e-01
8.5481e-01,2.4235e-01,5.7045e-01
8.5481e-01,2.4235e-01,4.2955e-01
8.5574e-01,2.5274e-01,2.9517e-01
8.5756e-01,2.7184e-01,1.7717e-01
8.6646e-01,2.8001e-01,1.0000e+00
8.6381e-01,2.5094e-01,9.0967e-01
8.6182e-01,2.2674e-01,7.9517e-01
8.6058e-01,2.1035e-01,6.5596e-01
8.6016e-01,2.0450e-01,5.0000e-01
8.6058e-01,2.1035e-01,3.4404e-01
8.6182e-01,2.2674e-01,2.0483e-01
8.6381e-01,2.5094e-01,9.0334e-02
8.6646e-01,2.8001e-01,0.0000e+00
8.6999e-01,2.3612e-01,1.0000e+00
8.6790e-01,2.0746e-01,8.9486e-01
8.6646e-01,1.8507e-01,7.5776e-01
8.6572e-01,1.7249e-01,5.9033e-01
8.6572e-01,1.7249e-01,4.0967e-01
8.6646e-01,1.8507e-01,2.4224e-01
8.6790e-01,2.0746e-01,1.0514e-01
8.6999e-01,2.3612e-01,0.0000e+00
8.7387e-01,1.9473e-01,1.0000e+00
8.7230e-01,1.6692e-01,8.7433e-01
8.7132e-01,1.4717e-01,7.0483e-01
8.7099e-01,1.3986e-01,5.0000e-01
8.7132e-01,1.4717e-01,2.9517e-01
8.7230e-01,1.6692e-01,1.2567e-01
8.7387e-01,1.9473e-01,0.0000e+00
8.7799e-01,1.5596e-01,1.0000e+00
8.7686e-01,1.2943e-01,8.4404e-01
8.7628e-01,1.1355e-01,6.2567e-01
8.7628e-01,1.1355e-01,3.7433e-01
8.7686e-01,1.2943e-01,1.5596e-01
8.7799e-01,1.5596e-01,0.0000e+00
8.8224e-01,1.1983e-01,1.0000e+00
8.8148e-01,9.5150e-02,7.9517e-01
8.8122e-01,8.5231e-02,5.0000e-01
8.8148e-01,9.5150e-02,2.0483e-01
8.8224e-01,1.1983e-01,0.0000e+00
8.8653e-01,8.6280e-02,1.0000e+00
8.8608e-01,6.4484e-02,7.0483e-01
8.8608e-01,6.4484e-02,2.9517e-01
8.8653e-01,8.6280e-02,0.0000e+00
8.9078e-01,5.5219e-02,1.0000e+00
8.9058e-01,3.9095e-02,5.0000e-01
8.9078e-01,5.5219e-02,0.0000e+00
8.9495e-01,2.6510e-02,1.0000e+00
8.9495e-01,2.6510e-02,0.0000e+00
8.9900e-01,0.0000e+00,0.0000e+00
8.6924e-01,1.0000e+00,1.0000e+00
8.6385e-01,1.0000e+00,9.7234e-01
8.5830e-01,1.0000e+00,9.4228e-01
8.5264e-01,1.0000e+00,9.0967e-01
8.4695e-01,1.0000e+00,8.7433e-01
8.4135e-01,1.0000e+00,8.3618e-01
8.3597e-01,1.0000e+00,7.9517e-01
8.3095e-01,1.0000e+00,7.5133e-01
8.3095e-01,1.0000e+00,2.4867e-01
8.3597e-01,1.0000e+00,2.0483e-01
8.4135e-01,1.0000e+00,1.6382e-01
8.4695e-01,1.0000e+00,1.2567e-01
8.5264e-01,1.0000e+00,9.0334e-02
8.5830e-01,1.0000e+00,5.7716e-02
8.6385e-01,1.0000e+00,2.7662e-02
8.6924e-01,1.0000e+00,0.0000e+00
8.6385e-01,9.7234e-01,1.0000e+00
8.5801e-01,9.7111e-01,9.7108e-01
8.5200e-01,9.6984e-01,9.3955e-01
8.4588e-01,9.6855e-01,9.0521e-01
8.3975e-01,9.6724e-01,8.6790e-01
8.3374e-01,9.6596e-01,8.2751e-01
8.2801e-01,9.6472e-01,7.8400e-01
8.2276e-01,9.6359e-01,7.3745e-01
8.2276e-01,9.6359e-01,2.6255e-01
8.2801e-01,9.6472e-01,2.1600e-01
8.3374e-01,9.6596e-01,1.7249e-01
8.3975e-01,9.6724e-01,1.3210e-01
8.4588e-01,9.6855e-01,9.4786e-02
8.5200e-01,9.6984e-01,6.0448e-02
8.5801e-01,9.7111e-01,2.8917e-02
8.6385e-01,9.7234e-01,0.0000e+00
8.5830e-01,9.4228e-01,1.0000e+00
8.5200e-01,9.3962e-01,9.6971e-01
8.4552e-01,9.3686e-01,9.3655e-01
8.3893e-01,9.3404e-01,9.0030e-01
8.3236e-01,9.3122e-01,8.6079e-01
8.2597e-01,9.2845e-01,8.1789e-01
8.1995e-01,9.2583e-01,7.7160e-01
8.1995e-01,9.2583e-01,2.2840e-01
8.2597e-01,9.2845e-01,1.8211e-01
8.3236e-01,9.3122e-01,1.3921e-01
8.3893e-01,9.3404e-01,9.9696e-02
8.4552e-01,9.3686e-01,6.3451e-02
8.5200e-01,9.3962e-01,3.0292e-02
8.5830e-01,9.4228e-01,0.0000e+00
8.5264e-01,9.0967e-01,1.0000e+00
8.4588e-01,9.0533e-01,9.6820e-01
8.3893e-01,9.0084e-01,9.3323e-01
8.3190e-01,8.9627e-01,8.9486e-01
8.2492e-01,8.9170e-01,8.5288e-01
8.1819e-01,8.8726e-01,8.0718e-01
8.1819e-01,8.8726e-01,1.9282e-01
8.2492e-01,8.9170e-01,1.4712e-01
8.3190e-01,8.9627e-01,1.0514e-01
8.3893e-01,9.0084e-01,6.6767e-02
8.4588e-01,9.0533e-01,3.1805e-02
8.5264e-01,9.0967e-01,0.0000e+00
8.4695e-01,8.7433e-01,1.0000e+00
8.3975e-01,8.6808e-01,9.6652e-01
8.3236e-01,8.6162e-01,9.2955e-01
8.2492e-01,8.5504e-01,8.8880e-01
8.1760e-01,8.4852e-01,8.4404e-01
8.1062e-01,8.4226e-01,7.9517e-01
8.1062e-01,8.4226e-01,2.0483e-01
8.1760e-01,8.4852e-01,1.5596e-01
8.2492e-01,8.5504e-01,1.1120e-01
8.3236e-01,8.6162e-01,7.0447e-02
8.3975e-01,8.6808e-01,3.3475e-02
8.4695e-01,8.7433e-01,0.0000e+00
8.4135e-01,8.3618e-01,1.0000e+00
8.3374e-01,8.2776e-01,9.6467e-01
8.2597e-01,8.1908e-01,9.2545e-01
8.1819e-01,8.1029e-01,8.8200e-01
8.1062e-01,8.0164e-01,8.3410e-01
8.1062e-01,8.0164e-01,1.6590e-01
8.1819e-01,8.1029e-01,1.1800e-01
8.2597e-01,8.1908e-01,7.4554e-02
8.3374e-01,8.2776e-01,3.5331e-02
8.4135e-01,8.3618e-01,0.0000e+00
8.3597e-01,7.9517e-01,1.0000e+00
8.2801e-01,7.8434e-01,9.6259e-01
8.1995e-01,7.7322e-01,9.2083e-01
7.8265e-01,7.1956e-01,5.0000e-01
8.1995e-01,7.7322e-01,7.9167e-02
8.2801e-01,7.8434e-01,3.7405e-02
8.3597e-01,7.9517e-01,0.0000e+00
8.3095e-01,7.5133e-01,1.0000e+00
8.2276e-01,7.3791e-01,9.6026e-01
7.8265e-01,6.6853e-01,6.1120e-01
7.8059e-01,6.6478e-01,5.3741e-01
7.8059e-01,6.6478e-01,4.6259e-01
7.8265e-01,6.6853e-01,3.8880e-01
8.2276e-01,7.3791e-01,3.9737e-02
8.3095e-01,7.5133e-01,0.0000e+00
7.8059e-01,6.1050e-01,5.7917e-01
7.7954e-01,6.0817e-01,5.0000e-01
7.8059e-01,6.1050e-01,4.2083e-01
7.8265e-01,5.5820e-01,6.2567e-01
7.8059e-01,5.5275e-01,5.4238e-01
7.8059e-01,5.5275e-01,4.5762e-01
7.8265e-01,5.5820e-01,3.7433e-01
7.8265e-01,4.9678e-01,5.0000e-01
8.1062e-01,2.5685e-01,5.7045e-01
8.1062e-01,2.5685e-01,4.2955e-01
8.2276e-01,2.6492e-01,9.0967e-01
8.1995e-01,2.3965e-01,7.9517e-01
8.1819e-01,2.2248e-01,6.5596e-01
8.1760e-01,2.1635e-01,5.0000e-01
8.1819e-01,2.2248e-01,3.4404e-01
8.1995e-01,2.3965e-01,2.0483e-01
8.2276e-01,2.6492e-01,9.0334e-02
8.3095e-01,2.4867e-01,1.0000e+00
8.2801e-01,2.1875e-01,8.9486e-01
8.2597e-01,1.9530e-01,7.5776e-01
8.2492e-01,1.8211e-01,5.9033e-01
8.2492e-01,1.8211e-01,4.0967e-01
8.2597e-01,1.9530e-01,2.4224e-01
8.2801e-01,2.1875e-01,1.0514e-01
8.3095e-01,2.4867e-01,0.0000e+00
8.3597e-01,2.0483e-01,1.0000e+00
8.3374e-01,1.7574e-01,8.7433e-01
8.3236e-01,1.5503e-01,7.0483e-01
8.3190e-01,1.4736e-01,5.0000e-01
8.3236e-01,1.5503e-01,2.9517e-01
8.3374e-01,1.7574e-01,1.2567e-01
8.3597e-01,2.0483e-01,0.0000e+00
8.4135e-01,1.6382e-01,1.0000e+00
8.3975e-01,1.3604e-01,8.4404e-01
8.3893e-01,1.1939e-01,6.2567e-01
8.3893e-01,1.1939e-01,3.7433e-01
8.3975e-01,1.3604e-01,1.5596e-01
8.4135e-01,1.6382e-01,0.0000e+00
8.4695e-01,1.2567e-01,1.0000e+00
8.4588e-01,9.9832e-02,7.9517e-01
8.4552e-01,8.9439e-02,5.0000e-01
8.4588e-01,9.9832e-02,2.0483e-01
8.4695e-01,1.2567e-01,0.0000e+00
8.5264e-01,9.0334e-02,1.0000e+00
8.5200e-01,6.7532e-02,7.0483e-01
8.5200e-01,6.7532e-02,2.9517e-01
8.5264e-01,9.0334e-02,0.0000e+00
8.5830e-01,5.7716e-02,1.0000e+00
8.5801e-01,4.0867e-02,5.0000e-01
8.5830e-01,5.7716e-02,0.0000e+00
8.6385e-01,2.7662e-02,1.0000e+00
8.6385e-01,2.7662e-02,0.0000e+00
8.6924e-01,0.0000e+00,0.0000e+00
8.3755e-01,1.0000e+00,1.0000e+00
8.3067e-01,1.0000e+00,9.7108e-01
8.2359e-01,1.0000e+00,9.3955e-01
8.1639e-01,1.0000e+00,9.0521e-01
8.0920e-01,1.0000e+00,8.6790e-01
8.0216e-01,1.0000e+00,8.2751e-01
7.9546e-01,1.0000e+00,7.8400e-01
7.9546e-01,1.0000e+00,2.1600e-01
8.0216e-01,1.0000e+00,1.7249e-01
8.0920e-01,1.0000e+00,1.3210e-01
8.1639e-01,1.0000e+00,9.4786e-02
8.2359e-01,1.0000e+00,6.0448e-02
8.3067e-01,1.0000e+00,2.8917e-02
8.3755e-01,1.0000e+00,0.0000e+00
8.3067e-01,9.7108e-01,1.0000e+00
8.2321e-01,9.6974e-01,9.6971e-01
8.1554e-01,9.6835e-01,9.3655e-01
8.0776e-01,9.6693e-01,9.0030e-01
8.0000e-01,9.6551e-01,8.6079e-01
7.9246e-01,9.6411e-01,8.1789e-01
7.8537e-01,9.6279e-01,7.7160e-01
7.8537e-01,9.6279e-01,2.2840e-01
7.9246e-01,9.6411e-01,1.8211e-01
8.0000e-01,9.6551e-01,1.3921e-01
8.0776e-01,9.6693e-01,9.9696e-02
8.1554e-01,9.6835e-01,6.3451e-02
8.2321e-01,9.6974e-01,3.0292e-02
8.3067e-01,9.7108e-01,0.0000e+00
8.2359e-01,9.3955e-01,1.0000e+00
8.1554e-01,9.3663e-01,9.6820e-01
8.0727e-01,9.3360e-01,9.3323e-01
7.9889e-01,9.3050e-01,8.9486e-01
7.9060e-01,9.2741e-01,8.5288e-01
7.8260e-01,9.2440e-01,8.0718e-01
7.8260e-01,9.2440e-01,1.9282e-01
7.9060e-01,9.2741e-01,1.4712e-01
7.9889e-01,9.3050e-01,1.0514e-01
8.0727e-01,9.3360e-01,6.6767e-02
8.1554e-01,9.3663e-01,3.1805e-02
8.2359e-01,9.3955e-01,0.0000e+00
8.1639e-01,9.0521e-01,1.0000e+00
8.0776e-01,9.0044e-01,9.6652e-01
7.9889e-01,8.9549e-01,9.2955e-01
7.8996e-01,8.9046e-01,8.8880e-01
7.8118e-01,8.8545e-01,8.4404e-01
7.8118e-01,8.8545e-01,1.5596e-01
7.8996e-01,8.9046e-01,1.1120e-01
7.9889e-01,8.9549e-01,7.0447e-02
8.0776e-01,9.0044e-01,3.3475e-02
8.1639e-01,9.0521e-01,0.0000e+00
8.0920e-01,8.6790e-01,1.0000e+00
8.0000e-01,8.6100e-01,9.6467e-01
7.9060e-01,8.5386e-01,9.2545e-01
7.8118e-01,8.4661e-01,8.8200e-01
7.7201e-01,8.3946e-01,8.3410e-01
7.7201e-01,8.3946e-01,1.6590e-01
7.8118e-01,8.4661e-01,1.1800e-01
7.9060e-01,8.5386e-01,7.4554e-02
8.0000e-01,8.6100e-01,3.5331e-02
8.0920e-01,8.6790e-01,0.0000e+00
8.0216e-01,8.2751e-01,1.0000e+00
7.9246e-01,8.1819e-01,9.6259e-01
7.8260e-01,8.0858e-01,9.2083e-01
7.3678e-01,7.6170e-01,5.0000e-01
7.8260e-01,8.0858e-01,7.9167e-02
7.9246e-01,8.1819e-01,3.7405e-02
8.0216e-01,8.2751e-01,0.0000e+00
7.9546e-01,7.8400e-01,1.0000e+00
7.8537e-01,7.7201e-01,9.6026e-01
7.3551e-01,7.0916e-01,6.1120e-01
7.3294e-01,7.0571e-01,5.3741e-01
7.3294e-01,7.0571e-01,4.6259e-01
7.3551e-01,7.0916e-01,3.8880e-01
7.8537e-01,7.7201e-01,3.9737e-02
7.9546e-01,7.8400e-01,0.0000e+00
7.3551e-01,6.5584e-01,6.5596e-01
7.3162e-01,6.4947e-01,5.7917e-01
7.3028e-01,6.4727e-01,5.0000e-01
7.3162e-01,6.4947e-01,4.2083e-01
7.3551e-01,6.5584e-01,3.4404e-01
7.3294e-01,5.9459e-01,6.2567e-01
7.3028e-01,5.8929e-01,5.4238e-01
7.3028e-01,5.8929e-01,4.5762e-01
7.3294e-01,5.9459e-01,3.7433e-01
7.3678e-01,5.4268e-01,6.7717e-01
7.3294e-01,5.3348e-01,5.9033e-01
7.3162e-01,5.3028e-01,5.0000e-01
7.3294e-01,5.3348e-01,4.0967e-01
7.3678e-01,5.4268e-01,3.2283e-01
7.3551e-01,4.7416e-01,5.4887e-01
7.3551e-01,4.7416e-01,4.5113e-01
7.7201e-01,2.2958e-01,5.0000e-01
7.8537e-01,2.3128e-01,8.9486e-01
7.8260e-01,2.0669e-01,7.5776e-01
7.8118e-01,1.9282e-01,5.9033e-01
7.8118e-01,1.9282e-01,4.0967e-01
7.8260e-01,2.0669e-01,2.4224e-01
7.8537e-01,2.3128e-01,1.0514e-01
7.9546e-01,2.1600e-01,1.0000e+00
7.9246e-01,1.8551e-01,8.7433e-01
7.9060e-01,1.6376e-01,7.0483e-01
7.8996e-01,1.5570e-01,5.0000e-01
7.9060e-01,1.6376e-01,2.9517e-01
7.9246e-01,1.8551e-01,1.2567e-01
7.9546e-01,2.1600e-01,0.0000e+00
8.0216e-01,1.7249e-01,1.0000e+00
8.0000e-01,1.4335e-01,8.4404e-01
7.9889e-01,1.2585e-01,6.2567e-01
7.9889e-01,1.2585e-01,3.7433e-01
8.0000e-01,1.4335e-01,1.5596e-01
8.0216e-01,1.7249e-01,0.0000e+00
8.0920e-01,1.3210e-01,1.0000e+00
8.0776e-01,1.0499e-01,7.9517e-01
8.0727e-01,9.4079e-02,5.0000e-01
8.0776e-01,1.0499e-01,2.0483e-01
8.0920e-01,1.3210e-01,0.0000e+00
8.1639e-01,9.4786e-02,1.0000e+00
8.1554e-01,7.0882e-02,7.0483e-01
8.1554e-01,7.0882e-02,2.9517e-01
8.1639e-01,9.4786e-02,0.0000e+00
8.2359e-01,6.0448e-02,1.0000e+00
8.2321e-01,4.2808e-02,5.0000e-01
8.2359e-01,6.0448e-02,0.0000e+00
8.3067e-01,2.8917e-02,1.0000e+00
8.3067e-01,2.8917e-02,0.0000e+00
8.3755e-01,0.0000e+00,0.0000e+00
8.0389e-01,1.0000e+00,1.0000e+00
7.9538e-01,1.0000e+00,9.6971e-01
7.8665e-01,1.0000e+00,9.3655e-01
7.7781e-01,1.0000e+00,9.0030e-01
7.6902e-01,1.0000e+00,8.6079e-01
7.6049e-01,1.0000e+00,8.1789e-01
7.6049e-01,1.0000e+00,1.8211e-01
7.6902e-01,1.0000e+00,1.3921e-01
7.7781e-01,1.0000e+00,9.9696e-02
7.8665e-01,1.0000e+00,6.3451e-02
7.9538e-01,1.0000e+00,3.0292e-02
8.0389e-01,1.0000e+00,0.0000e+00
7.9538e-01,9.6971e-01,1.0000e+00
7.8616e-01,9.6824e-01,9.6820e-01
7.7670e-01,9.6671e-01,9.3323e-01
7.6713e-01,9.6515e-01,8.9486e-01
7.5767e-01,9.6359e-01,8.5288e-01
7.4857e-01,9.6207e-01,8.0718e-01
7.4857e-01,9.6207e-01,1.9282e-01
7.5767e-01,9.6359e-01,1.4712e-01
7.6713e-01,9.6515e-01,1.0514e-01
7.7670e-01,9.6671e-01,6.6767e-02
7.8616e-01,9.6824e-01,3.1805e-02
7.9538e-01,9.6971e-01,0.0000e+00
7.8665e-01,9.3655e-01,1.0000e+00
7.7670e-01,9.3332e-01,9.6652e-01
7.6649e-01,9.2998e-01,9.2955e-01
7.5622e-01,9.2657e-01,8.8880e-01
7.4613e-01,9.2317e-01,8.4404e-01
7.4613e-01,9.2317e-01,1.5596e-01
7.5622e-01,9.2657e-01,1.1120e-01
7.6649e-01,9.2998e-01,7.0447e-02
7.7670e-01,9.3332e-01,3.3475e-02
7.8665e-01,9.3655e-01,0.0000e+00
7.7781e-01,9.0030e-01,1.0000e+00
7.6713e-01,8.9502e-01,9.6467e-01
7.5622e-01,8.8955e-01,9.2545e-01
7.4530e-01,8.8398e-01,8.8200e-01
7.4530e-01,8.8398e-01,1.1800e-01
7.5622e-01,8.8955e-01,7.4554e-02
7.6713e-01,8.9502e-01,3.5331e-02
7.7781e-01,9.0030e-01,0.0000e+00
7.6902e-01,8.6079e-01,1.0000e+00
7.5767e-01,8.5313e-01,9.6259e-01
7.4613e-01,8.4520e-01,9.2083e-01
7.4613e-01,8.4520e-01,7.9167e-02
7.5767e-01,8.5313e-01,3.7405e-02
7.6902e-01,8.6079e-01,0.0000e+00
7.6049e-01,8.1789e-01,1.0000e+00
7.4857e-01,8.0753e-01,9.6026e-01
6.8941e-01,7.5250e-01,6.1120e-01
6.8633e-01,7.4945e-01,5.3741e-01
6.8633e-01,7.4945e-01,4.6259e-01
6.8941e-01,7.5250e-01,3.8880e-01
7.4857e-01,8.0753e-01,3.9737e-02
7.6049e-01,8.1789e-01,0.0000e+00
6.8788e-01,6.9749e-01,6.5596e-01
6.8316e-01,6.9161e-01,5.7917e-01
6.8154e-01,6.8957e-01,5.0000e-01
6.8316e-01,6.9161e-01,4.2083e-01
6.8788e-01,6.9749e-01,3.4404e-01
6.8941e-01,6.4388e-01,7.0483e-01
6.8316e-01,6.3435e-01,6.2567e-01
6.7989e-01,6.2928e-01,5.4238e-01
6.7989e-01,6.2928e-01,4.5762e-01
6.8316e-01,6.3435e-01,3.7433e-01
6.8941e-01,6.4388e-01,2.9517e-01
6.8633e-01,5.7946e-01,6.7717e-01
6.8154e-01,5.7045e-01,5.9033e-01
6.7989e-01,5.6731e-01,5.0000e-01
6.8154e-01,5.7045e-01,4.0967e-01
6.8633e-01,5.7946e-01,3.2283e-01
6.8633e-01,5.1498e-01,6.4438e-01
6.8316e-01,5.0767e-01,5.4887e-01
6.8316e-01,5.0767e-01,4.5113e-01
6.8633e-01,5.1498e-01,3.5562e-01
6.8941e-01,4.5226e-01,6.0514e-01
6.8788e-01,4.4795e-01,5.0000e-01
6.8941e-01,4.5226e-01,3.9486e-01
7.4857e-01,1.9641e-01,8.7433e-01
7.4613e-01,1.7351e-01,7.0483e-01
7.4530e-01,1.6501e-01,5.0000e-01
7.4613e-01,1.7351e-01,2.9517e-01
7.4857e-01,1.9641e-01,1.2567e-01
7.6049e-01,1.8211e-01,1.0000e+00
7.5767e-01,1.5148e-01,8.4404e-01
7.5622e-01,1.3305e-01,6.2567e-01
7.5622e-01,1.3305e-01,3.7433e-01
7.5767e-01,1.5148e-01,1.5596e-01
7.6049e-01,1.8211e-01,0.0000e+00
7.6902e-01,1.3921e-01,1.0000e+00
7.6713e-01,1.1071e-01,7.9517e-01
7.6649e-01,9.9224e-02,5.0000e-01
7.6713e-01,1.1071e-01,2.0483e-01
7.6902e-01,1.3921e-01,0.0000e+00
7.7781e-01,9.9696e-02,1.0000e+00
7.7670e-01,7.4579e-02,7.0483e-01
7.7670e-01,7.4579e-02,2.9517e-01
7.7781e-01,9.9696e-02,0.0000e+00
7.8665e-01,6.3451e-02,1.0000e+00
7.8616e-01,4.4941e-02,5.0000e-01
7.8665e-01,6.3451e-02,0.0000e+00
7.9538e-01,3.0292e-02,1.0000e+00
7.9538e-01,3.0292e-02,0.0000e+00
8.0389e-01,0.0000e+00,0.0000e+00
7.6828e-01,1.0000e+00,1.0000e+00
7.5804e-01,1.0000e+00,9.6820e-01
7.4754e-01,1.0000e+00,9.3323e-01
7.3697e-01,1.0000e+00,8.9486e-01
7.2654e-01,1.0000e+00,8.5288e-01
7.2654e-01,1.0000e+00,1.4712e-01
7.3697e-01,1.0000e+00,1.0514e-01
7.4754e-01,1.0000e+00,6.6767e-02
7.5804e-01,1.0000e+00,3.1805e-02
7.6828e-01,1.0000e+00,0.0000e+00
7.5804e-01,9.6820e-01,1.0000e+00
7.4692e-01,9.6657e-01,9.6652e-01
7.3555e-01,9.6488e-01,9.2955e-01
7.2414e-01,9.6316e-01,8.8880e-01
7.2414e-01,9.6316e-01,1.1120e-01
7.3555e-01,9.6488e-01,7.0447e-02
7.4692e-01,9.6657e-01,3.3475e-02
7.5804e-01,9.6820e-01,0.0000e+00
7.4754e-01,9.3323e-01,1.0000e+00
7.3555e-01,9.2966e-01,9.6467e-01
7.2332e-01,9.2595e-01,9.2545e-01
7.1109e-01,9.2218e-01,8.8200e-01
7.1109e-01,9.2218e-01,1.1800e-01
7.2332e-01,9.2595e-01,7.4554e-02
7.3555e-01,9.2966e-01,3.5331e-02
7.4754e-01,9.3323e-01,0.0000e+00
7.3697e-01,8.9486e-01,1.0000e+00
7.2414e-01,8.8899e-01,9.6259e-01
7.1109e-01,8.8289e-01,9.2083e-01
7.1109e-01,8.8289e-01,7.9167e-02
7.2414e-01,8.8899e-01,3.7405e-02
7.3697e-01,8.9486e-01,0.0000e+00
7.2654e-01,8.5288e-01,1.0000e+00
7.2654e-01,8.5288e-01,0.0000e+00
6.3640e-01,7.3690e-01,5.7917e-01
6.3452e-01,7.3508e-01,5.0000e-01
6.3640e-01,7.3690e-01,4.2083e-01
6.3452e-01,6.7759e-01,6.2567e-01
6.3066e-01,6.7287e-01,5.4238e-01
6.3066e-01,6.7287e-01,4.5762e-01
6.3452e-01,6.7759e-01,3.7433e-01
6.3640e-01,6.1987e-01,6.7717e-01
6.3066e-01,6.1120e-01,5.9033e-01
6.2869e-01,6.0817e-01,5.0000e-01
6.3066e-01,6.1120e-01,4.0967e-01
6.3640e-01,6.1987e-01,3.2283e-01
6.3452e-01,5.5225e-01,6.4438e-01
6.3066e-01,5.4501e-01,5.4887e-01
6.3066e-01,5.4501e-01,4.5113e-01
6.3452e-01,5.5225e-01,3.5562e-01
6.3640e-01,4.8562e-01,6.0514e-01
6.3452e-01,4.8127e-01,5.0000e-01
6.3640e-01,4.8562e-01,3.9486e-01
7.1109e-01,1.4110e-01,6.2567e-01
7.1109e-01,1.4110e-01,3.7433e-01
7.2654e-01,1.4712e-01,1.0000e+00
7.2414e-01,1.1708e-01,7.9517e-01
7.2332e-01,1.0496e-01,5.0000e-01
7.2414e-01,1.1708e-01,2.0483e-01
7.2654e-01,1.4712e-01,0.0000e+00
7.3697e-01,1.0514e-01,1.0000e+00
7.3555e-01,7.8682e-02,7.0483e-01
7.3555e-01,7.8682e-02,2.9517e-01
7.3697e-01,1.0514e-01,0.0000e+00
7.4754e-01,6.6767e-02,1.0000e+00
7.4692e-01,4.7298e-02,5.0000e-01
7.4754e-01,6.6767e-02,0.0000e+00
7.5804e-01,3.1805e-02,1.0000e+00
7.5804e-01,3.1805e-02,0.0000e+00
7.6828e-01,0.0000e+00,0.0000e+00
7.3080e-01,1.0000e+00,1.0000e+00
7.1872e-01,1.0000e+00,9.6652e-01
7.0639e-01,1.0000e+00,9.2955e-01
7.0639e-01,1.0000e+00,7.0447e-02
7.1872e-01,1.0000e+00,3.3475e-02
7.3080e-01,1.0000e+00,0.0000e+00
7.1872e-01,9.6652e-01,1.0000e+00
7.0562e-01,9.6472e-01,9.6467e-01
6.9228e-01,9.6285e-01,9.2545e-01
6.9228e-01,9.6285e-01,7.4554e-02
7.0562e-01,9.6472e-01,3.5331e-02
7.1872e-01,9.6652e-01,0.0000e+00
7.0639e-01,9.2955e-01,1.0000e+00
6.9228e-01,9.2557e-01,9.6259e-01
6.9228e-01,9.2557e-01,3.7405e-02
7.0639e-01,9.2955e-01,0.0000e+00
5.8820e-01,7.2435e-01,6.2567e-01
5.8381e-01,7.2011e-01,5.4238e-01
5.8381e-01,7.2011e-01,4.5762e-01
5.8820e-01,7.2435e-01,3.7433e-01
5.8820e-01,6.6408e-01,6.7717e-01
5.8157e-01,6.5596e-01,5.9033e-01
5.7928e-01,6.5311e-01,5.0000e-01
5.8157e-01,6.5596e-01,4.0967e-01
5.8820e-01,6.6408e-01,3.2283e-01
5.8381e-01,5.9361e-01,6.4438e-01
5.7928e-01,5.8658e-01,5.4887e-01
5.7928e-01,5.8658e-01,4.5113e-01
5.8381e-01,5.9361e-01,3.5562e-01
5.8381e-01,5.2309e-01,6.0514e-01
5.8157e-01,5.1873e-01,5.0000e-01
5.8381e-01,5.2309e-01,3.9486e-01
5.8820e-01,4.5502e-01,5.5772e-01
5.8820e-01,4.5502e-01,4.4228e-01
6.9228e-01,8.3259e-02,7.0483e-01
6.9228e-01,8.3259e-02,2.9517e-01
7.0639e-01,7.0447e-02,1.0000e+00
7.0562e-01,4.9915e-02,5.0000e-01
7.0639e-01,7.0447e-02,0.0000e+00
7.1872e-01,3.3475e-02,1.0000e+00
7.1872e-01,3.3475e-02,0.0000e+00
7.3080e-01,0.0000e+00,0.0000e+00
6.9157e-01,1.0000e+00,1.0000e+00
6.9157e-01,1.0000e+00,0.0000e+00
5.3289e-01,7.0225e-01,5.0000e-01
5.3029e-01,6.3271e-01,5.4887e-01
5.3029e-01,6.3271e-01,4.5113e-01
5.3289e-01,5.6515e-01,6.0514e-01
5.3029e-01,5.6088e-01,5.0000e-01
5.3289e-01,5.6515e-01,3.9486e-01
6.9157e-01,0.0000e+00,0.0000e+00
3.2000e-01,6.7759e-01,6.2567e-01
3.1600e-01,6.7226e-01,5.0000e-01
3.2000e-01,6.7759e-01,3.7433e-01
3.1600e-01,5.7794e-01,5.7045e-01
3.1600e-01,5.7794e-01,4.2955e-01
3.2000e-01,4.8127e-01,5.0000e-01
3.1584e-01,9.2633e-01,6.0514e-01
3.1225e-01,9.2532e-01,5.0000e-01
3.1584e-01,9.2633e-01,3.9486e-01
3.1935e-01,8.5361e-01,7.7160e-01
3.0485e-01,8.4520e-01,6.6950e-01
2.9715e-01,8.4041e-01,5.5772e-01
2.9715e-01,8.4041e-01,4.4228e-01
3.0485e-01,8.4520e-01,3.3050e-01
3.1935e-01,8.5361e-01,2.2840e-01
3.1935e-01,7.7787e-01,8.4404e-01
3.0104e-01,7.6111e-01,7.4224e-01
2.8910e-01,7.4902e-01,6.2567e-01
2.8494e-01,7.4456e-01,5.0000e-01
2.8910e-01,7.4902e-01,3.7433e-01
3.0104e-01,7.6111e-01,2.5776e-01
3.1935e-01,7.7787e-01,1.5596e-01
3.0485e-01,6.8015e-01,8.2283e-01
2.8910e-01,6.5770e-01,7.0483e-01
2.8068e-01,6.4452e-01,5.7045e-01
2.8068e-01,6.4452e-01,4.2955e-01
2.8910e-01,6.5770e-01,2.9517e-01
3.0485e-01,6.8015e-01,1.7717e-01
3.1584e-01,6.0817e-01,9.0967e-01
2.9715e-01,5.7412e-01,7.9517e-01
2.8494e-01,5.4875e-01,6.5596e-01
2.8068e-01,5.3919e-01,5.0000e-01
2.8494e-01,5.4875e-01,3.4404e-01
2.9715e-01,5.7412e-01,2.0483e-01
3.1584e-01,6.0817e-01,9.0334e-02
3.1225e-01,5.0436e-01,8.9486e-01
2.9715e-01,4.6565e-01,7.5776e-01
2.8910e-01,4.4228e-01,5.9033e-01
2.8910e-01,4.4228e-01,4.0967e-01
2.9715e-01,4.6565e-01,2.4224e-01
3.1225e-01,5.0436e-01,1.0514e-01
3.1584e-01,4.0079e-01,8.7433e-01
3.0485e-01,3.6193e-01,7.0483e-01
3.0104e-01,3.4689e-01,5.0000e-01
3.0485e-01,3.6193e-01,2.9517e-01
3.1584e-01,4.0079e-01,1.2567e-01
3.1935e-01,2.6956e-01,6.2567e-01
3.1935e-01,2.6956e-01,3.7433e-01
3.0834e-01,1.0000e+00,7.0483e-01
2.9823e-01,1.0000e+00,6.0514e-01
2.9473e-01,1.0000e+00,5.0000e-01
2.9823e-01,1.0000e+00,3.9486e-01
3.0834e-01,1.0000e+00,2.9517e-01
3.1792e-01,9.3122e-01,8.6079e-01
2.9823e-01,9.2583e-01,7.7160e-01
2.8380e-01,9.2144e-01,6.6950e-01
2.7614e-01,9.1893e-01,5.5772e-01
2.7614e-01,9.1893e-01,4.4228e-01
2.8380e-01,9.2144e-01,3.3050e-01
2.9823e-01,9.2583e-01,2.2840e-01
3.1792e-01,9.3122e-01,1.3921e-01
3.1792e-01,8.6162e-01,9.2955e-01
2.9473e-01,8.4852e-01,8.4404e-01
2.7614e-01,8.3651e-01,7.4224e-01
2.6399e-01,8.2776e-01,6.2567e-01
2.5974e-01,8.2452e-01,5.0000e-01
2.6399e-01,8.2776e-01,3.7433e-01
2.7614e-01,8.3651e-01,2.5776e-01
2.9473e-01,8.4852e-01,1.5596e-01
3.1792e-01,8.6162e-01,7.0447e-02
2.9823e-01,7.7322e-01,9.2083e-01
2.7614e-01,7.5116e-01,8.2283e-01
2.5974e-01,7.3228e-01,7.0483e-01
2.5094e-01,7.2107e-01,5.7045e-01
2.5094e-01,7.2107e-01,4.2955e-01
2.5974e-01,7.3228e-01,2.9517e-01
2.7614e-01,7.5116e-01,1.7717e-01
2.9823e-01,7.7322e-01,7.9167e-02
3.0834e-01,7.0483e-01,1.0000e+00
2.8380e-01,6.7226e-01,9.0967e-01
2.6399e-01,6.4098e-01,7.9517e-01
2.5094e-01,6.1722e-01,6.5596e-01
2.4637e-01,6.0817e-01,5.0000e-01
2.5094e-01,6.1722e-01,3.4404e-01
2.6399e-01,6.4098e-01,2.0483e-01
2.8380e-01,6.7226e-01,9.0334e-02
3.0834e-01,7.0483e-01,0.0000e+00
2.9823e-01,6.0514e-01,1.0000e+00
2.7614e-01,5.6200e-01,8.9486e-01
2.5974e-01,5.2360e-01,7.5776e-01
2.5094e-01,5.0000e-01,5.9033e-01
2.5094e-01,5.0000e-01,4.0967e-01
2.5974e-01,5.2360e-01,2.4224e-01
2.7614e-01,5.6200e-01,1.0514e-01
2.9823e-01,6.0514e-01,0.0000e+00
2.9473e-01,5.0000e-01,1.0000e+00
2.7614e-01,4.4843e-01,8.7433e-01
2.6399e-01,4.0777e-01,7.0483e-01
2.5974e-01,3.9183e-01,5.0000e-01
2.6399e-01,4.0777e-01,2.9517e-01
2.7614e-01,4.4843e-01,1.2567e-01
2.9473e-01,5.0000e-01,0.0000e+00
2.9823e-01,3.9486e-01,1.0000e+00
2.8380e-01,3.3887e-01,8.4404e-01
2.7614e-01,3.0280e-01,6.2567e-01
2.7614e-01,3.0280e-01,3.7433e-01
2.8380e-01,3.3887e-01,1.5596e-01
2.9823e-01,3.9486e-01,0.0000e+00
3.0834e-01,2.9517e-01,1.0000e+00
2.9823e-01,2.3965e-01,7.9517e-01
2.9473e-01,2.1635e-01,5.0000e-01
2.9823e-01,2.3965e-01,2.0483e-01
3.0834e-01,2.9517e-01,0.0000e+00
3.1792e-01,1.5503e-01,7.0483e-01
3.1792e-01,1.5503e-01,2.9517e-01
3.0135e-01,1.0000e+00,8.6079e-01
2.8213e-01,1.0000e+00,7.7160e-01
2.6809e-01,1.0000e+00,6.6950e-01
2.6062e-01,1.0000e+00,5.5772e-01
2.6062e-01,1.0000e+00,4.4228e-01
2.6809e-01,1.0000e+00,3.3050e-01
2.8213e-01,1.0000e+00,2.2840e-01
3.0135e-01,1.0000e+00,1.3921e-01
2.9828e-01,9.2998e-01,9.2955e-01
2.7525e-01,9.2317e-01,8.4404e-01
2.5677e-01,9.1688e-01,7.4224e-01
2.4468e-01,9.1228e-01,6.2567e-01
2.4045e-01,9.1056e-01,5.0000e-01
2.4468e-01,9.1228e-01,3.7433e-01
2.5677e-01,9.1688e-01,2.5776e-01
2.7525e-01,9.2317e-01,1.5596e-01
2.9828e-01,9.2998e-01,7.0447e-02
3.0135e-01,8.6079e-01,1.0000e+00
2.7525e-01,8.4520e-01,9.2083e-01
2.5283e-01,8.2932e-01,8.2283e-01
2.3612e-01,8.1554e-01,7.0483e-01
2.2710e-01,8.0727e-01,5.7045e-01
2.2710e-01,8.0727e-01,4.2955e-01
2.3612e-01,8.1554e-01,2.9517e-01
2.5283e-01,8.2932e-01,1.7717e-01
2.7525e-01,8.4520e-01,7.9167e-02
3.0135e-01,8.6079e-01,0.0000e+00
2.8213e-01,7.7160e-01,1.0000e+00
2.5677e-01,7.4456e-01,9.0967e-01
2.3612e-01,7.1803e-01,7.9517e-01
2.2241e-01,6.9749e-01,6.5596e-01
2.1758e-01,6.8957e-01,5.0000e-01
2.2241e-01,6.9749e-01,3.4404e-01
2.3612e-01,7.1803e-01,2.0483e-01
2.5677e-01,7.4456e-01,9.0334e-02
2.8213e-01,7.7160e-01,0.0000e+00
2.6809e-01,6.6950e-01,1.0000e+00
2.4468e-01,6.2968e-01,8.9486e-01
2.2710e-01,5.9329e-01,7.5776e-01
2.1758e-01,5.7045e-01,5.9033e-01
2.1758e-01,5.7045e-01,4.0967e-01
2.2710e-01,5.9329e-01,2.4224e-01
2.4468e-01,6.2968e-01,1.0514e-01
2.6809e-01,6.6950e-01,0.0000e+00
2.6062e-01,5.5772e-01,1.0000e+00
2.4045e-01,5.0624e-01,8.7433e-01
2.2710e-01,4.6456e-01,7.0483e-01
2.2241e-01,4.4795e-01,5.0000e-01
2.2710e-01,4.6456e-01,2.9517e-01
2.4045e-01,5.0624e-01,1.2567e-01
2.6062e-01,5.5772e-01,0.0000e+00
2.6062e-01,4.4228e-01,1.0000e+00
2.4468e-01,3.8329e-01,8.4404e-01
2.3612e-01,3.4447e-01,6.2567e-01
2.3612e-01,3.4447e-01,3.7433e-01
2.4468e-01,3.8329e-01,1.5596e-01
2.6062e-01,4.4228e-01,0.0000e+00
2.6809e-01,3.3050e-01,1.0000e+00
2.5677e-01,2.7013e-01,7.9517e-01
2.5283e-01,2.4446e-01,5.0000e-01
2.5677e-01,2.7013e-01,2.0483e-01
2.6809e-01,3.3050e-01,0.0000e+00
2.8213e-01,2.2840e-01,1.0000e+00
2.7525e-01,1.7351e-01,7.0483e-01
2.7525e-01,1.7351e-01,2.9517e-01
2.8213e-01,2.2840e-01,0.0000e+00
3.0135e-01,1.3921e-01,1.0000e+00
2.9828e-01,9.9224e-02,5.0000e-01
3.0135e-01,1.3921e-01,0.0000e+00
3.0843e-01,1.0000e+00,1.0000e+00
2.8314e-01,1.0000e+00,9.2955e-01
2.6068e-01,1.0000e+00,8.4404e-01
2.4269e-01,1.0000e+00,7.4224e-01
2.3093e-01,1.0000e+00,6.2567e-01
2.2681e-01,1.0000e+00,5.0000e-01
2.3093e-01,1.0000e+00,3.7433e-01
2.4269e-01,1.0000e+00,2.5776e-01
2.6068e-01,1.0000e+00,1.5596e-01
2.8314e-01,1.0000e+00,7.0447e-02
3.0843e-01,1.0000e+00,0.0000e+00
2.8314e-01,9.2955e-01,1.0000e+00
2.5723e-01,9.2144e-01,9.2083e-01
2.3494e-01,9.1310e-01,8.2283e-01
2.1828e-01,9.0579e-01,7.0483e-01
2.0927e-01,9.0137e-01,5.7045e-01
2.0927e-01,9.0137e-01,4.2955e-01
2.1828e-01,9.0579e-01,2.9517e-01
2.3494e-01,9.1310e-01,1.7717e-01
2.5723e-01,9.2144e-01,7.9167e-02
2.8314e-01,9.2955e-01,0.0000e+00
2.6068e-01,8.4404e-01,1.0000e+00
2.3494e-01,8.2452e-01,9.0967e-01
2.1383e-01,8.0502e-01,7.9517e-01
1.9973e-01,7.8965e-01,6.5596e-01
1.9473e-01,7.8365e-01,5.0000e-01
1.9973e-01,7.8965e-01,3.4404e-01
2.1383e-01,8.0502e-01,2.0483e-01
2.3494e-01,8.2452e-01,9.0334e-02
2.6068e-01,8.4404e-01,0.0000e+00
2.4269e-01,7.4224e-01,1.0000e+00
2.1828e-01,7.0831e-01,8.9486e-01
1.9973e-01,6.7643e-01,7.5776e-01
1.8956e-01,6.5596e-01,5.9033e-01
1.8956e-01,6.5596e-01,4.0967e-01
1.9973e-01,6.7643e-01,2.4224e-01
2.1828e-01,7.0831e-01,1.0514e-01
2.4269e-01,7.4224e-01,0.0000e+00
2.3093e-01,6.2567e-01,1.0000e+00
2.0927e-01,5.7652e-01,8.7433e-01
1.9473e-01,5.3544e-01,7.0483e-01
1.8956e-01,5.1873e-01,5.0000e-01
1.9473e-01,5.3544e-01,2.9517e-01
2.0927e-01,5.7652e-01,1.2567e-01
2.3093e-01,6.2567e-01,0.0000e+00
2.2681e-01,5.0000e-01,1.0000e+00
2.0927e-01,4.3900e-01,8.4404e-01
1.9973e-01,3.9773e-01,6.2567e-01
1.9973e-01,3.9773e-01,3.7433e-01
2.0927e-01,4.3900e-01,1.5596e-01
2.2681e-01,5.0000e-01,0.0000e+00
2.3093e-01,3.7433e-01,1.0000e+00
2.1828e-01,3.0879e-01,7.9517e-01
2.1383e-01,2.8044e-01,5.0000e-01
2.1828e-01,3.0879e-01,2.0483e-01
2.3093e-01,3.7433e-01,0.0000e+00
2.4269e-01,2.5776e-01,1.0000e+00
2.3494e-01,1.9684e-01,7.0483e-01
2.3494e-01,1.9684e-01,2.9517e-01
2.4269e-01,2.5776e-01,0.0000e+00
2.6068e-01,1.5596e-01,1.0000e+00
2.5723e-01,1.1139e-01,5.0000e-01
2.6068e-01,1.5596e-01,0.0000e+00
2.8314e-01,7.0447e-02,1.0000e+00
2.8314e-01,7.0447e-02,0.0000e+00
3.0843e-01,0.0000e+00,0.0000e+00
2.6920e-01,1.0000e+00,1.0000e+00
2.4394e-01,1.0000e+00,9.2083e-01
2.2224e-01,1.0000e+00,8.2283e-01
2.0602e-01,1.0000e+00,7.0483e-01
1.9725e-01,1.0000e+00,5.7045e-01
1.9725e-01,1.0000e+00,4.2955e-01
2.0602e-01,1.0000e+00,2.9517e-01
2.2224e-01,1.0000e+00,1.7717e-01
2.4394e-01,1.0000e+00,7.9167e-02
2.6920e-01,1.0000e+00,0.0000e+00
2.4394e-01,9.2083e-01,1.0000e+00
2.1834e-01,9.1056e-01,9.0967e-01
1.9725e-01,9.0017e-01,7.9517e-01
1.8309e-01,8.9187e-01,6.5596e-01
1.7806e-01,8.8861e-01,5.0000e-01
1.8309e-01,8.9187e-01,3.4404e-01
1.9725e-01,9.0017e-01,2.0483e-01
2.1834e-01,9.1056e-01,9.0334e-02
2.4394e-01,9.2083e-01,0.0000e+00
2.2224e-01,8.2283e-01,1.0000e+00
1.9725e-01,7.9777e-01,8.9486e-01
1.7806e-01,7.7362e-01,7.5776e-01
1.6744e-01,7.5776e-01,5.9033e-01
1.6744e-01,7.5776e-01,4.0967e-01
1.7806e-01,7.7362e-01,2.4224e-01
1.9725e-01,7.9777e-01,1.0514e-01
2.2224e-01,8.2283e-01,0.0000e+00
2.0602e-01,7.0483e-01,1.0000e+00
1.8309e-01,6.6144e-01,8.7433e-01
1.6744e-01,6.2384e-01,7.0483e-01
1.6182e-01,6.0817e-01,5.0000e-01
1.6744e-01,6.2384e-01,2.9517e-01
1.8309e-01,6.6144e-01,1.2567e-01
2.0602e-01,7.0483e-01,0.0000e+00
1.9725e-01,5.7045e-01,1.0000e+00
1.7806e-01,5.0965e-01,8.4404e-01
1.6744e-01,4.6701e-01,6.2567e-01
1.6744e-01,4.6701e-01,3.7433e-01
1.7806e-01,5.0965e-01,1.5596e-01
1.9725e-01,5.7045e-01,0.0000e+00
1.9725e-01,4.2955e-01,1.0000e+00
1.8309e-01,3.5902e-01,7.9517e-01
1.7806e-01,3.2774e-01,5.0000e-01
1.8309e-01,3.5902e-01,2.0483e-01
1.9725e-01,4.2955e-01,0.0000e+00
2.0602e-01,2.9517e-01,1.0000e+00
1.9725e-01,2.2710e-01,7.0483e-01
1.9725e-01,2.2710e-01,2.9517e-01
2.0602e-01,2.9517e-01,0.0000e+00
2.2224e-01,1.7717e-01,1.0000e+00
2.1834e-01,1.2691e-01,5.0000e-01
2.2224e-01,1.7717e-01,0.0000e+00
2.4394e-01,7.9167e-02,1.0000e+00
2.4394e-01,7.9167e-02,0.0000e+00
2.6920e-01,0.0000e+00,0.0000e+00
2.3172e-01,1.0000e+00,1.0000e+00
2.0677e-01,1.0000e+00,9.0967e-01
1.8623e-01,1.0000e+00,7.9517e-01
1.7242e-01,1.0000e+00,6.5596e-01
1.6751e-01,1.0000e+00,5.0000e-01
1.7242e-01,1.0000e+00,3.4404e-01
1.8623e-01,1.0000e+00,2.0483e-01
2.0677e-01,1.0000e+00,9.0334e-02
2.3172e-01,1.0000e+00,0.0000e+00
2.0677e-01,9.0967e-01,1.0000e+00
1.8177e-01,8.9627e-01,8.9486e-01
1.6242e-01,8.8311e-01,7.5776e-01
1.5164e-01,8.7433e-01,5.9033e-01
1.5164e-01,8.7433e-01,4.0967e-01
1.6242e-01,8.8311e-01,2.4224e-01
1.8177e-01,8.9627e-01,1.0514e-01
2.0677e-01,9.0967e-01,0.0000e+00
1.8623e-01,7.9517e-01,1.0000e+00
1.6242e-01,7.6204e-01,8.7433e-01
1.4590e-01,7.3228e-01,7.0483e-01
1.3989e-01,7.1956e-01,5.0000e-01
1.4590e-01,7.3228e-01,2.9517e-01
1.6242e-01,7.6204e-01,1.2567e-01
1.8623e-01,7.9517e-01,0.0000e+00
1.7242e-01,6.5596e-01,1.0000e+00
1.5164e-01,5.9956e-01,8.4404e-01
1.3989e-01,5.5820e-01,6.2567e-01
1.3989e-01,5.5820e-01,3.7433e-01
1.5164e-01,5.9956e-01,1.5596e-01
1.7242e-01,6.5596e-01,0.0000e+00
1.6751e-01,5.0000e-01,1.0000e+00
1.5164e-01,4.2588e-01,7.9517e-01
1.4590e-01,3.9183e-01,5.0000e-01
1.5164e-01,4.2588e-01,2.0483e-01
1.6751e-01,5.0000e-01,0.0000e+00
1.7242e-01,3.4404e-01,1.0000e+00
1.6242e-01,2.6772e-01,7.0483e-01
1.6242e-01,2.6772e-01,2.9517e-01
1.7242e-01,3.4404e-01,0.0000e+00
1.8623e-01,2.0483e-01,1.0000e+00
1.8177e-01,1.4736e-01,5.0000e-01
1.8623e-01,2.0483e-01,0.0000e+00
2.0677e-01,9.0334e-02,1.0000e+00
2.0677e-01,9.0334e-02,0.0000e+00
2.3172e-01,0.0000e+00,0.0000e+00
1.9611e-01,1.0000e+00,1.0000e+00
1.7173e-01,1.0000e+00,8.9486e-01
1.5283e-01,1.0000e+00,7.5776e-01
1.4227e-01,1.0000e+00,5.9033e-01
1.4227e-01,1.0000e+00,4.0967e-01
1.5283e-01,1.0000e+00,2.4224e-01
1.7173e-01,1.0000e+00,1.0514e-01
1.9611e-01,1.0000e+00,0.0000e+00
1.7173e-01,8.9486e-01,1.0000e+00
1.4766e-01,8.7671e-01,8.7433e-01
1.3074e-01,8.5995e-01,7.0483e-01
1.2452e-01,8.5264e-01,5.0000e-01
1.3074e-01,8.5995e-01,2.9517e-01
1.4766e-01,8.7671e-01,1.2567e-01
1.7173e-01,8.9486e-01,0.0000e+00
1.5283e-01,7.5776e-01,1.0000e+00
1.3074e-01,7.1248e-01,8.4404e-01
1.1794e-01,6.7759e-01,6.2567e-01
1.1794e-01,6.7759e-01,3.7433e-01
1.3074e-01,7.1248e-01,1.5596e-01
1.5283e-01,7.5776e-01,0.0000e+00
1.4227e-01,5.9033e-01,1.0000e+00
1.2452e-01,5.1676e-01,7.9517e-01
1.1794e-01,4.8127e-01,5.0000e-01
1.2452e-01,5.1676e-01,2.0483e-01
1.4227e-01,5.9033e-01,0.0000e+00
1.4227e-01,4.0967e-01,1.0000e+00
1.3074e-01,3.2451e-01,7.0483e-01
1.3074e-01,3.2451e-01,2.9517e-01
1.4227e-01,4.0967e-01,0.0000e+00
1.5283e-01,2.4224e-01,1.0000e+00
1.4766e-01,1.7548e-01,5.0000e-01
1.5283e-01,2.4224e-01,0.0000e+00
1.7173e-01,1.0514e-01,1.0000e+00
1.7173e-01,1.0514e-01,0.0000e+00
1.9611e-01,0.0000e+00,0.0000e+00
1.6245e-01,1.0000e+00,1.0000e+00
1.3889e-01,1.0000e+00,8.7433e-01
1.2226e-01,1.0000e+00,7.0483e-01
1.1613e-01,1.0000e+00,5.0000e-01
1.2226e-01,1.0000e+00,2.9517e-01
1.3889e-01,1.0000e+00,1.2567e-01
1.6245e-01,1.0000e+00,0.0000e+00
1.3889e-01,8.7433e-01,1.0000e+00
1.1613e-01,8.4852e-01,8.4404e-01
1.0267e-01,8.2776e-01,6.2567e-01
1.0267e-01,8.2776e-01,3.7433e-01
1.1613e-01,8.4852e-01,1.5596e-01
1.3889e-01,8.7433e-01,0.0000e+00
1.2226e-01,7.0483e-01,1.0000e+00
1.0267e-01,6.4098e-01,7.9517e-01
9.5168e-02,6.0817e-01,5.0000e-01
1.0267e-01,6.4098e-01,2.0483e-01
1.2226e-01,7.0483e-01,0.0000e+00
1.1613e-01,5.0000e-01,1.0000e+00
1.0267e-01,4.0777e-01,7.0483e-01
1.0267e-01,4.0777e-01,2.9517e-01
1.1613e-01,5.0000e-01,0.0000e+00
1.2226e-01,2.9517e-01,1.0000e+00
1.1613e-01,2.1635e-01,5.0000e-01
1.2226e-01,2.9517e-01,0.0000e+00
1.3889e-01,1.2567e-01,1.0000e+00
1.3889e-01,1.2567e-01,0.0000e+00
1.6245e-01,0.0000e+00,0.0000e+00
1.3076e-01,1.0000e+00,1.0000e+00
1.0831e-01,1.0000e+00,8.4404e-01
9.4930e-02,1.0000e+00,6.2567e-01
9.4930e-02,1.0000e+00,3.7433e-01
1.0831e-01,1.0000e+00,1.5596e-01
1.3076e-01,1.0000e+00,0.0000e+00
1.0831e-01,8.4404e-01,1.0000e+00
8.7423e-02,8.0502e-01,7.9517e-01
7.9167e-02,7.8365e-01,5.0000e-01
8.7423e-02,8.0502e-01,2.0483e-01
1.0831e-01,8.4404e-01,0.0000e+00
9.4930e-02,6.2567e-01,1.0000e+00
7.9167e-02,5.3544e-01,7.0483e-01
7.9167e-02,5.3544e-01,2.9517e-01
9.4930e-02,6.2567e-01,0.0000e+00
9.4930e-02,3.7433e-01,1.0000e+00
8.7423e-02,2.8044e-01,5.0000e-01
9.4930e-02,3.7433e-01,0.0000e+00
1.0831e-01,1.5596e-01,1.0000e+00
1.0831e-01,1.5596e-01,0.0000e+00
1.3076e-01,0.0000e+00,0.0000e+00
1.0100e-01,1.0000e+00,1.0000e+00
8.0101e-02,1.0000e+00,7.9517e-01
7.1720e-02,1.0000e+00,5.0000e-01
8.0101e-02,1.0000e+00,2.0483e-01
1.0100e-01,1.0000e+00,0.0000e+00
8.0101e-02,7.9517e-01,1.0000e+00
6.2177e-02,7.3228e-01,7.0483e-01
6.2177e-02,7.3228e-01,2.9517e-01
8.0101e-02,7.9517e-01,0.0000e+00
7.1720e-02,5.0000e-01,1.0000e+00
6.2177e-02,3.9183e-01,5.0000e-01
7.1720e-02,5.0000e-01,0.0000e+00
8.0101e-02,2.0483e-01,1.0000e+00
8.0101e-02,2.0483e-01,0.0000e+00
1.0100e-01,0.0000e+00,0.0000e+00
7.3133e-02,1.0000e+00,1.0000e+00
5.4617e-02,1.0000e+00,7.0483e-01
5.4617e-02,1.0000e+00,2.9517e-01
7.3133e-02,1.0000e+00,0.0000e+00
5.4617e-02,7.0483e-01,1.0000e+00
4.2347e-02,6.0817e-01,5.0000e-01
5.4617e-02,7.0483e-01,0.0000e+00
5.4617e-02,2.9517e-01,1.0000e+00
5.4617e-02,2.9517e-01,0.0000e+00
7.3133e-02,0.0000e+00,0.0000e+00
4.7071e-02,1.0000e+00,1.0000e+00
3.3315e-02,1.0000e+00,5.0000e-01
4.7071e-02,1.0000e+00,0.0000e+00
3.3315e-02,5.0000e-01,1.0000e+00
3.3315e-02,5.0000e-01,0.0000e+00
4.7071e-02,0.0000e+00,0.0000e+00
2.2727e-02,1.0000e+00,1.0000e+00
2.2727e-02,1.0000e+00,0.0000e+00
2.2727e-02,0.0000e+00,0.0000e+00
0.0000e+00,0.0000e+00,0.0000e+00
