9.5000e+00,0.0000e+00,0.0000e+00
9.4348e+00,1.8144e-01,0.0000e+00
9.3589e+00,3.6702e-01,0.0000e+00
9.2713e+00,5.5628e-01,0.0000e+00
9.1711e+00,7.4866e-01,0.0000e+00
9.0575e+00,9.4349e-01,0.0000e+00
8.9298e+00,1.1400e+00,0.0000e+00
8.7874e+00,1.3372e+00,0.0000e+00
8.6298e+00,1.5342e+00,0.0000e+00
8.4568e+00,1.7298e+00,0.0000e+00
8.2684e+00,1.9229e+00,0.0000e+00
8.0650e+00,2.1123e+00,0.0000e+00
7.8473e+00,2.2968e+00,0.0000e+00
7.6165e+00,2.4753e+00,0.0000e+00
7.3740e+00,2.6471e+00,0.0000e+00
7.1218e+00,2.8113e+00,0.0000e+00
6.8625e+00,2.9676e+00,0.0000e+00
6.5987e+00,3.1160e+00,0.0000e+00
6.3334e+00,3.2572e+00,0.0000e+00
6.0699e+00,3.3920e+00,0.0000e+00
5.8115e+00,3.5221e+00,0.0000e+00
5.5611e+00,3.6494e+00,0.0000e+00
5.3214e+00,3.7765e+00,0.0000e+00
5.0948e+00,3.9060e+00,0.0000e+00
4.8827e+00,4.0408e+00,0.0000e+00
4.6859e+00,4.1839e+00,0.0000e+00
4.5046e+00,4.3377e+00,0.0000e+00
4.3377e+00,4.5046e+00,0.0000e+00
4.1839e+00,4.6859e+00,0.0000e+00
4.0408e+00,4.8827e+00,0.0000e+00
3.9060e+00,5.0948e+00,0.0000e+00
3.7765e+00,5.3214e+00,0.0000e+00
3.6494e+00,5.5611e+00,0.0000e+00
3.5221e+00,5.8115e+00,0.0000e+00
3.3920e+00,6.0699e+00,0.0000e+00
3.2572e+00,6.3334e+00,0.0000e+00
3.1160e+00,6.5987e+00,0.0000e+00
2.9676e+00,6.8625e+00,0.0000e+00
2.8113e+00,7.1218e+00,0.0000e+00
2.6471e+00,7.3740e+00,0.0000e+00
2.4753e+00,7.6165e+00,0.0000e+00
2.2968e+00,7.8473e+00,0.0000e+00
2.1123e+00,8.0650e+00,0.0000e+00
1.9229e+00,8.2684e+00,0.0000e+00
1.7298e+00,8.4568e+00,0.0000e+00
1.5342e+00,8.6298e+00,0.0000e+00
1.3372e+00,8.7874e+00,0.0000e+00
1.1400e+00,8.9298e+00,0.0000e+00
9.4349e-01,9.0575e+00,0.0000e+00
7.4866e-01,9.1711e+00,0.0000e+00
5.5628e-01,9.2713e+00,0.0000e+00
3.6702e-01,9.3589e+00,0.0000e+00
1.8144e-01,9.4348e+00,0.0000e+00
0.0000e+00,9.5000e+00,0.0000e+00
9.4348e+00,0.0000e+00,1.8144e-01
9.3670e+00,1.8367e-01,1.8367e-01
9.2880e+00,3.7152e-01,1.8576e-01
9.1967e+00,5.6307e-01,1.8769e-01
9.0924e+00,7.5770e-01,1.8943e-01
8.9742e+00,9.5470e-01,1.9094e-01
8.8413e+00,1.1532e+00,1.9220e-01
8.6931e+00,1.3523e+00,1.9318e-01
8.5291e+00,1.5507e+00,1.9384e-01
8.3492e+00,1.7475e+00,1.9417e-01
8.1534e+00,1.9413e+00,1.9413e-01
7.9423e+00,2.1309e+00,1.9372e-01
7.7167e+00,2.3150e+00,1.9292e-01
7.4778e+00,2.4926e+00,1.9174e-01
7.2276e+00,2.6628e+00,1.9020e-01
6.9681e+00,2.8249e+00,1.8833e-01
6.7022e+00,2.9787e+00,1.8617e-01
6.4327e+00,3.1245e+00,1.8379e-01
6.1631e+00,3.2628e+00,1.8127e-01
5.8967e+00,3.3951e+00,1.7869e-01
5.6370e+00,3.5231e+00,1.7616e-01
5.3870e+00,3.6493e+00,1.7378e-01
5.1495e+00,3.7763e+00,1.7165e-01
4.9265e+00,3.9072e+00,1.6988e-01
4.7194e+00,4.0452e+00,1.6855e-01
4.5285e+00,4.1931e+00,1.6772e-01
4.3535e+00,4.3535e+00,1.6744e-01
4.1931e+00,4.5285e+00,1.6772e-01
4.0452e+00,4.7194e+00,1.6855e-01
3.9072e+00,4.9265e+00,1.6988e-01
3.7763e+00,5.1495e+00,1.7165e-01
3.6493e+00,5.3870e+00,1.7378e-01
3.5231e+00,5.6370e+00,1.7616e-01
3.3951e+00,5.8967e+00,1.7869e-01
3.2628e+00,6.1631e+00,1.8127e-01
3.1245e+00,6.4327e+00,1.8379e-01
2.9787e+00,6.7022e+00,1.8617e-01
2.8249e+00,6.9681e+00,1.8833e-01
2.6628e+00,7.2276e+00,1.9020e-01
2.4926e+00,7.4778e+00,1.9174e-01
2.3150e+00,7.7167e+00,1.9292e-01
2.1309e+00,7.9423e+00,1.9372e-01
1.9413e+00,8.1534e+00,1.9413e-01
1.7475e+00,8.3492e+00,1.9417e-01
1.5507e+00,8.5291e+00,1.9384e-01
1.3523e+00,8.6931e+00,1.9318e-01
1.1532e+00,8.8413e+00,1.9220e-01
9.5470e-01,8.9742e+00,1.9094e-01
7.5770e-01,9.0924e+00,1.8943e-01
5.6307e-01,9.1967e+00,1.8769e-01
3.7152e-01,9.2880e+00,1.8576e-01
1.8367e-01,9.3670e+00,1.8367e-01
0.0000e+00,9.4348e+00,1.8144e-01
9.3589e+00,0.0000e+00,3.6702e-01
9.2879e+00,1.8576e-01,3.7152e-01
9.2053e+00,3.7573e-01,3.7573e-01
9.1100e+00,5.6937e-01,3.7958e-01
9.0010e+00,7.6604e-01,3.8302e-01
8.8776e+00,9.6495e-01,3.8598e-01
8.7388e+00,1.1652e+00,3.8839e-01
8.5842e+00,1.3657e+00,3.9019e-01
8.4132e+00,1.5652e+00,3.9131e-01
8.2257e+00,1.7627e+00,3.9170e-01
8.0220e+00,1.9566e+00,3.9132e-01
7.8026e+00,2.1457e+00,3.9013e-01
7.5685e+00,2.3288e+00,3.8813e-01
7.3213e+00,2.5047e+00,3.8533e-01
7.0630e+00,2.6725e+00,3.8178e-01
6.7961e+00,2.8317e+00,3.7756e-01
6.5236e+00,2.9822e+00,3.7278e-01
6.2488e+00,3.1244e+00,3.6758e-01
5.9753e+00,3.2593e+00,3.6214e-01
5.7068e+00,3.3884e+00,3.5668e-01
5.4467e+00,3.5140e+00,3.5140e-01
5.1983e+00,3.6388e+00,3.4655e-01
4.9641e+00,3.7659e+00,3.4235e-01
4.7460e+00,3.8985e+00,3.3900e-01
4.5450e+00,4.0400e+00,3.3666e-01
4.3610e+00,4.1933e+00,3.3547e-01
4.1933e+00,4.3610e+00,3.3547e-01
4.0400e+00,4.5450e+00,3.3666e-01
3.8985e+00,4.7460e+00,3.3900e-01
3.7659e+00,4.9641e+00,3.4235e-01
3.6388e+00,5.1983e+00,3.4655e-01
3.5140e+00,5.4467e+00,3.5140e-01
3.3884e+00,5.7068e+00,3.5668e-01
3.2593e+00,5.9753e+00,3.6214e-01
3.1244e+00,6.2488e+00,3.6758e-01
2.9822e+00,6.5236e+00,3.7278e-01
2.8317e+00,6.7961e+00,3.7756e-01
2.6725e+00,7.0630e+00,3.8178e-01
2.5047e+00,7.3213e+00,3.8533e-01
2.3288e+00,7.5685e+00,3.8813e-01
2.1457e+00,7.8026e+00,3.9013e-01
1.9566e+00,8.0220e+00,3.9132e-01
1.7627e+00,8.2257e+00,3.9170e-01
1.5652e+00,8.4132e+00,3.9131e-01
1.3657e+00,8.5842e+00,3.9019e-01
1.1652e+00,8.7388e+00,3.8839e-01
9.6495e-01,8.8776e+00,3.8598e-01
7.6604e-01,9.0010e+00,3.8302e-01
5.6937e-01,9.1100e+00,3.7958e-01
3.7573e-01,9.2053e+00,3.7573e-01
1.8576e-01,9.2879e+00,3.7152e-01
0.0000e+00,9.3589e+00,3.6702e-01
9.2713e+00,0.0000e+00,5.5628e-01
9.1967e+00,1.8769e-01,5.6306e-01
9.1099e+00,3.7958e-01,5.6937e-01
9.0099e+00,5.7510e-01,5.7510e-01
8.8957e+00,7.7354e-01,5.8015e-01
8.7664e+00,9.7404e-01,5.8443e-01
8.6212e+00,1.1756e+00,5.8781e-01
8.4594e+00,1.3771e+00,5.9019e-01
8.2807e+00,1.5773e+00,5.9148e-01
8.0851e+00,1.7748e+00,5.9159e-01
7.8728e+00,1.9682e+00,5.9046e-01
7.6445e+00,2.1561e+00,5.8804e-01
7.4015e+00,2.3373e+00,5.8433e-01
7.1455e+00,2.5106e+00,5.7937e-01
6.8790e+00,2.6752e+00,5.7325e-01
6.6046e+00,2.8305e+00,5.6611e-01
6.3258e+00,2.9768e+00,5.5816e-01
6.0461e+00,3.1146e+00,5.4964e-01
5.7694e+00,3.2453e+00,5.4088e-01
5.4997e+00,3.3708e+00,5.3222e-01
5.2404e+00,3.4936e+00,5.2404e-01
4.9948e+00,3.6169e+00,5.1670e-01
4.7652e+00,3.7441e+00,5.1056e-01
4.5534e+00,3.8788e+00,5.0593e-01
4.3598e+00,4.0244e+00,5.0305e-01
4.1840e+00,4.1840e+00,5.0208e-01
4.0244e+00,4.3598e+00,5.0305e-01
3.8788e+00,4.5534e+00,5.0593e-01
3.7441e+00,4.7652e+00,5.1056e-01
3.6169e+00,4.9948e+00,5.1670e-01
3.4936e+00,5.2404e+00,5.2404e-01
3.3708e+00,5.4997e+00,5.3222e-01
3.2453e+00,5.7694e+00,5.4088e-01
3.1146e+00,6.0461e+00,5.4964e-01
2.9768e+00,6.3258e+00,5.5816e-01
2.8305e+00,6.6046e+00,5.6611e-01
2.6752e+00,6.8790e+00,5.7325e-01
2.5106e+00,7.1455e+00,5.7937e-01
2.3373e+00,7.4015e+00,5.8433e-01
2.1561e+00,7.6445e+00,5.8804e-01
1.9682e+00,7.8728e+00,5.9046e-01
1.7748e+00,8.0851e+00,5.9159e-01
1.5773e+00,8.2807e+00,5.9148e-01
1.3771e+00,8.4594e+00,5.9019e-01
1.1756e+00,8.6212e+00,5.8781e-01
9.7404e-01,8.7664e+00,5.8443e-01
7.7354e-01,8.8957e+00,5.8015e-01
5.7510e-01,9.0099e+00,5.7510e-01
3.7958e-01,9.1099e+00,5.6937e-01
1.8769e-01,9.1967e+00,5.6306e-01
0.0000e+00,9.2713e+00,5.5628e-01
9.1711e+00,0.0000e+00,7.4866e-01
9.0923e+00,1.8942e-01,7.5769e-01
9.0008e+00,3.8301e-01,7.6602e-01
8.8955e+00,5.8014e-01,7.7352e-01
8.7754e+00,7.8004e-01,7.8004e-01
8.6396e+00,9.8177e-01,7.8541e-01
8.4872e+00,1.1843e+00,7.8950e-01
8.3176e+00,1.3863e+00,7.9215e-01
8.1306e+00,1.5865e+00,7.9323e-01
7.9260e+00,1.7834e+00,7.9260e-01
7.7045e+00,1.9755e+00,7.9020e-01
7.4668e+00,2.1614e+00,7.8598e-01
7.2144e+00,2.3398e+00,7.7994e-01
6.9494e+00,2.5095e+00,7.7216e-01
6.6745e+00,2.6698e+00,7.6280e-01
6.3928e+00,2.8203e+00,7.5209e-01
6.1080e+00,2.9614e+00,7.4036e-01
5.8240e+00,3.0940e+00,7.2800e-01
5.5451e+00,3.2197e+00,7.1550e-01
5.2752e+00,3.3410e+00,7.0336e-01
5.0181e+00,3.4608e+00,6.9215e-01
4.7768e+00,3.5826e+00,6.8239e-01
4.5535e+00,3.7102e+00,6.7459e-01
4.3494e+00,3.8475e+00,6.6914e-01
4.1646e+00,3.9980e+00,6.6633e-01
3.9980e+00,4.1646e+00,6.6633e-01
3.8475e+00,4.3494e+00,6.6914e-01
3.7102e+00,4.5535e+00,6.7459e-01
3.5826e+00,4.7768e+00,6.8239e-01
3.4608e+00,5.0181e+00,6.9215e-01
3.3410e+00,5.2752e+00,7.0336e-01
3.2197e+00,5.5451e+00,7.1550e-01
3.0940e+00,5.8240e+00,7.2800e-01
2.9614e+00,6.1080e+00,7.4036e-01
2.8203e+00,6.3928e+00,7.5209e-01
2.6698e+00,6.6745e+00,7.6280e-01
2.5095e+00,6.9494e+00,7.7216e-01
2.3398e+00,7.2144e+00,7.7994e-01
2.1614e+00,7.4668e+00,7.8598e-01
1.9755e+00,7.7045e+00,7.9020e-01
1.7834e+00,7.9260e+00,7.9260e-01
1.5865e+00,8.1306e+00,7.9323e-01
1.3863e+00,8.3176e+00,7.9215e-01
1.1843e+00,8.4872e+00,7.8950e-01
9.8177e-01,8.6396e+00,7.8541e-01
7.8004e-01,8.7754e+00,7.8004e-01
5.8014e-01,8.8955e+00,7.7352e-01
3.8301e-01,9.0008e+00,7.6602e-01
1.8942e-01,9.0923e+00,7.5769e-01
0.0000e+00,9.1711e+00,7.4866e-01
9.0575e+00,0.0000e+00,9.4349e-01
8.9739e+00,1.9093e-01,9.5467e-01
8.8771e+00,3.8596e-01,9.6490e-01
8.7659e+00,5.8439e-01,9.7398e-01
8.6392e+00,7.8538e-01,9.8173e-01
8.4961e+00,9.8792e-01,9.8792e-01
8.3358e+00,1.1908e+00,9.9236e-01
8.1577e+00,1.3928e+00,9.9485e-01
7.9616e+00,1.5923e+00,9.9520e-01
7.7475e+00,1.7879e+00,9.9327e-01
7.5161e+00,1.9779e+00,9.8896e-01
7.2685e+00,2.1609e+00,9.8223e-01
7.0064e+00,2.3355e+00,9.7311e-01
6.7322e+00,2.5005e+00,9.6174e-01
6.4489e+00,2.6554e+00,9.4837e-01
6.1601e+00,2.8001e+00,9.3335e-01
5.8699e+00,2.9350e+00,9.1717e-01
5.5826e+00,3.0614e+00,9.0042e-01
5.3025e+00,3.1815e+00,8.8375e-01
5.0339e+00,3.2981e+00,8.6792e-01
4.7805e+00,3.4147e+00,8.5367e-01
4.5452e+00,3.5352e+00,8.4170e-01
4.3298e+00,3.6637e+00,8.3266e-01
4.1351e+00,3.8043e+00,8.2702e-01
3.9605e+00,3.9605e+00,8.2511e-01
3.8043e+00,4.1351e+00,8.2702e-01
3.6637e+00,4.3298e+00,8.3266e-01
3.5352e+00,4.5452e+00,8.4170e-01
3.4147e+00,4.7805e+00,8.5367e-01
3.2981e+00,5.0339e+00,8.6792e-01
3.1815e+00,5.3025e+00,8.8375e-01
3.0614e+00,5.5826e+00,9.0042e-01
2.9350e+00,5.8699e+00,9.1717e-01
2.8001e+00,6.1601e+00,9.3335e-01
2.6554e+00,6.4489e+00,9.4837e-01
2.5005e+00,6.7322e+00,9.6174e-01
2.3355e+00,7.0064e+00,9.7311e-01
2.1609e+00,7.2685e+00,9.8223e-01
1.9779e+00,7.5161e+00,9.8896e-01
1.7879e+00,7.7475e+00,9.9327e-01
1.5923e+00,7.9616e+00,9.9520e-01
1.3928e+00,8.1577e+00,9.9485e-01
1.1908e+00,8.3358e+00,9.9236e-01
9.8792e-01,8.4961e+00,9.8792e-01
7.8538e-01,8.6392e+00,9.8173e-01
5.8439e-01,8.7659e+00,9.7398e-01
3.8596e-01,8.8771e+00,9.6490e-01
1.9093e-01,8.9739e+00,9.5467e-01
0.0000e+00,9.0575e+00,9.4349e-01
8.9298e+00,0.0000e+00,1.1400e+00
8.8408e+00,1.9219e-01,1.1532e+00
8.7380e+00,3.8835e-01,1.1651e+00
8.6201e+00,5.8774e-01,1.1755e+00
8.4862e+00,7.8941e-01,1.1841e+00
8.3352e+00,9.9228e-01,1.1907e+00
8.1662e+00,1.1951e+00,1.1951e+00
7.9789e+00,1.3963e+00,1.1968e+00
7.7730e+00,1.5945e+00,1.1958e+00
7.5487e+00,1.7879e+00,1.1919e+00
7.3069e+00,1.9748e+00,1.1849e+00
7.0489e+00,2.1538e+00,1.1748e+00
6.7768e+00,2.3235e+00,1.1617e+00
6.4934e+00,2.4828e+00,1.1459e+00
6.2020e+00,2.6311e+00,1.1276e+00
5.9066e+00,2.7687e+00,1.1075e+00
5.6118e+00,2.8964e+00,1.0862e+00
5.3222e+00,3.0159e+00,1.0644e+00
5.0425e+00,3.1298e+00,1.0433e+00
4.7769e+00,3.2414e+00,1.0236e+00
4.5290e+00,3.3548e+00,1.0064e+00
4.3016e+00,3.4743e+00,9.9267e-01
4.0959e+00,3.6044e+00,9.8303e-01
3.9123e+00,3.7492e+00,9.7806e-01
3.7492e+00,3.9123e+00,9.7806e-01
3.6044e+00,4.0959e+00,9.8303e-01
3.4743e+00,4.3016e+00,9.9267e-01
3.3548e+00,4.5290e+00,1.0064e+00
3.2414e+00,4.7769e+00,1.0236e+00
3.1298e+00,5.0425e+00,1.0433e+00
3.0159e+00,5.3222e+00,1.0644e+00
2.8964e+00,5.6118e+00,1.0862e+00
2.7687e+00,5.9066e+00,1.1075e+00
2.6311e+00,6.2020e+00,1.1276e+00
2.4828e+00,6.4934e+00,1.1459e+00
2.3235e+00,6.7768e+00,1.1617e+00
2.1538e+00,7.0489e+00,1.1748e+00
1.9748e+00,7.3069e+00,1.1849e+00
1.7879e+00,7.5487e+00,1.1919e+00
1.5945e+00,7.7730e+00,1.1958e+00
1.3963e+00,7.9789e+00,1.1968e+00
1.1951e+00,8.1662e+00,1.1951e+00
9.9228e-01,8.3352e+00,1.1907e+00
7.8941e-01,8.4862e+00,1.1841e+00
5.8774e-01,8.6201e+00,1.1755e+00
3.8835e-01,8.7380e+00,1.1651e+00
1.9219e-01,8.8408e+00,1.1532e+00
0.0000e+00,8.9298e+00,1.1400e+00
8.7874e+00,0.0000e+00,1.3372e+00
8.6924e+00,1.9316e-01,1.3521e+00
8.5829e+00,3.9013e-01,1.3655e+00
8.4577e+00,5.9007e-01,1.3768e+00
8.3158e+00,7.9198e-01,1.3860e+00
8.1561e+00,9.9464e-01,1.3925e+00
7.9778e+00,1.1967e+00,1.3961e+00
7.7805e+00,1.3965e+00,1.3965e+00
7.5642e+00,1.5925e+00,1.3934e+00
7.3292e+00,1.7828e+00,1.3866e+00
7.0765e+00,1.9657e+00,1.3760e+00
6.8078e+00,2.1396e+00,1.3616e+00
6.5256e+00,2.3032e+00,1.3435e+00
6.2331e+00,2.4555e+00,1.3222e+00
5.9340e+00,2.5961e+00,1.2981e+00
5.6329e+00,2.7256e+00,1.2719e+00
5.3346e+00,2.8451e+00,1.2447e+00
5.0442e+00,2.9570e+00,1.2176e+00
4.7665e+00,3.0642e+00,1.1916e+00
4.5058e+00,3.1708e+00,1.1682e+00
4.2656e+00,3.2812e+00,1.1484e+00
4.0480e+00,3.4004e+00,1.1335e+00
3.8541e+00,3.5329e+00,1.1241e+00
3.6831e+00,3.6831e+00,1.1209e+00
3.5329e+00,3.8541e+00,1.1241e+00
3.4004e+00,4.0480e+00,1.1335e+00
3.2812e+00,4.2656e+00,1.1484e+00
3.1708e+00,4.5058e+00,1.1682e+00
3.0642e+00,4.7665e+00,1.1916e+00
2.9570e+00,5.0442e+00,1.2176e+00
2.8451e+00,5.3346e+00,1.2447e+00
2.7256e+00,5.6329e+00,1.2719e+00
2.5961e+00,5.9340e+00,1.2981e+00
2.4555e+00,6.2331e+00,1.3222e+00
2.3032e+00,6.5256e+00,1.3435e+00
2.1396e+00,6.8078e+00,1.3616e+00
1.9657e+00,7.0765e+00,1.3760e+00
1.7828e+00,7.3292e+00,1.3866e+00
1.5925e+00,7.5642e+00,1.3934e+00
1.3965e+00,7.7805e+00,1.3965e+00
1.1967e+00,7.9778e+00,1.3961e+00
9.9464e-01,8.1561e+00,1.3925e+00
7.9198e-01,8.3158e+00,1.3860e+00
5.9007e-01,8.4577e+00,1.3768e+00
3.9013e-01,8.5829e+00,1.3655e+00
1.9316e-01,8.6924e+00,1.3521e+00
0.0000e+00,8.7874e+00,1.3372e+00
8.6298e+00,0.0000e+00,1.5342e+00
8.5281e+00,1.9382e-01,1.5506e+00
8.4113e+00,3.9122e-01,1.5649e+00
8.2782e+00,5.9130e-01,1.5768e+00
8.1276e+00,7.9293e-01,1.5859e+00
7.9585e+00,9.9481e-01,1.5917e+00
7.7702e+00,1.1954e+00,1.5939e+00
7.5624e+00,1.3931e+00,1.5921e+00
7.3351e+00,1.5860e+00,1.5860e+00
7.0888e+00,1.7722e+00,1.5753e+00
6.8250e+00,1.9500e+00,1.5600e+00
6.5455e+00,2.1177e+00,1.5401e+00
6.2534e+00,2.2740e+00,1.5160e+00
5.9521e+00,2.4180e+00,1.4880e+00
5.6461e+00,2.5499e+00,1.4571e+00
5.3403e+00,2.6702e+00,1.4241e+00
5.0400e+00,2.7807e+00,1.3904e+00
4.7506e+00,2.8843e+00,1.3573e+00
4.4769e+00,2.9846e+00,1.3265e+00
4.2234e+00,3.0863e+00,1.2995e+00
3.9930e+00,3.1944e+00,1.2778e+00
3.7875e+00,3.3141e+00,1.2625e+00
3.6071e+00,3.4503e+00,1.2547e+00
3.4503e+00,3.6071e+00,1.2547e+00
3.3141e+00,3.7875e+00,1.2625e+00
3.1944e+00,3.9930e+00,1.2778e+00
3.0863e+00,4.2234e+00,1.2995e+00
2.9846e+00,4.4769e+00,1.3265e+00
2.8843e+00,4.7506e+00,1.3573e+00
2.7807e+00,5.0400e+00,1.3904e+00
2.6702e+00,5.3403e+00,1.4241e+00
2.5499e+00,5.6461e+00,1.4571e+00
2.4180e+00,5.9521e+00,1.4880e+00
2.2740e+00,6.2534e+00,1.5160e+00
2.1177e+00,6.5455e+00,1.5401e+00
1.9500e+00,6.8250e+00,1.5600e+00
1.7722e+00,7.0888e+00,1.5753e+00
1.5860e+00,7.3351e+00,1.5860e+00
1.3931e+00,7.5624e+00,1.5921e+00
1.1954e+00,7.7702e+00,1.5939e+00
9.9481e-01,7.9585e+00,1.5917e+00
7.9293e-01,8.1276e+00,1.5859e+00
5.9130e-01,8.2782e+00,1.5768e+00
3.9122e-01,8.4113e+00,1.5649e+00
1.9382e-01,8.5281e+00,1.5506e+00
0.0000e+00,8.6298e+00,1.5342e+00
8.4568e+00,0.0000e+00,1.7298e+00
8.3478e+00,1.9413e-01,1.7472e+00
8.2231e+00,3.9158e-01,1.7621e+00
8.0814e+00,5.9132e-01,1.7740e+00
7.9215e+00,7.9215e-01,1.7823e+00
7.7424e+00,9.9262e-01,1.7867e+00
7.5436e+00,1.1911e+00,1.7866e+00
7.3247e+00,1.3858e+00,1.7817e+00
7.0860e+00,1.5747e+00,1.7715e+00
6.8282e+00,1.7558e+00,1.7558e+00
6.5531e+00,1.9274e+00,1.7346e+00
6.2630e+00,2.0877e+00,1.7081e+00
5.9613e+00,2.2355e+00,1.6766e+00
5.6520e+00,2.3702e+00,1.6409e+00
5.3401e+00,2.4921e+00,1.6020e+00
5.0311e+00,2.6023e+00,1.5614e+00
4.7306e+00,2.7032e+00,1.5205e+00
4.4442e+00,2.7982e+00,1.4814e+00
4.1770e+00,2.8917e+00,1.4459e+00
3.9329e+00,2.9890e+00,1.4159e+00
3.7148e+00,3.0957e+00,1.3930e+00
3.5235e+00,3.2171e+00,1.3788e+00
3.3585e+00,3.3585e+00,1.3739e+00
3.2171e+00,3.5235e+00,1.3788e+00
3.0957e+00,3.7148e+00,1.3930e+00
2.9890e+00,3.9329e+00,1.4159e+00
2.8917e+00,4.1770e+00,1.4459e+00
2.7982e+00,4.4442e+00,1.4814e+00
2.7032e+00,4.7306e+00,1.5205e+00
2.6023e+00,5.0311e+00,1.5614e+00
2.4921e+00,5.3401e+00,1.6020e+00
2.3702e+00,5.6520e+00,1.6409e+00
2.2355e+00,5.9613e+00,1.6766e+00
2.0877e+00,6.2630e+00,1.7081e+00
1.9274e+00,6.5531e+00,1.7346e+00
1.7558e+00,6.8282e+00,1.7558e+00
1.5747e+00,7.0860e+00,1.7715e+00
1.3858e+00,7.3247e+00,1.7817e+00
1.1911e+00,7.5436e+00,1.7866e+00
9.9262e-01,7.7424e+00,1.7867e+00
7.9215e-01,7.9215e+00,1.7823e+00
5.9132e-01,8.0814e+00,1.7740e+00
3.9158e-01,8.2231e+00,1.7621e+00
1.9413e-01,8.3478e+00,1.7472e+00
0.0000e+00,8.4568e+00,1.7298e+00
8.2684e+00,0.0000e+00,1.9229e+00
8.1516e+00,1.9409e-01,1.9409e+00
8.0184e+00,3.9114e-01,1.9557e+00
7.8675e+00,5.9007e-01,1.9669e+00
7.6979e+00,7.8952e-01,1.9738e+00
7.5084e+00,9.8795e-01,1.9759e+00
7.2986e+00,1.1836e+00,1.9726e+00
7.0683e+00,1.3744e+00,1.9634e+00
6.8179e+00,1.5584e+00,1.9480e+00
6.5486e+00,1.7334e+00,1.9260e+00
5.9619e+00,2.0494e+00,1.8631e+00
5.3351e+00,2.3119e+00,1.7784e+00
5.0188e+00,2.4229e+00,1.7306e+00
4.7084e+00,2.5223e+00,1.6816e+00
4.4098e+00,2.6132e+00,1.6333e+00
4.1289e+00,2.6997e+00,1.5881e+00
3.8707e+00,2.7869e+00,1.5483e+00
3.6387e+00,2.8807e+00,1.5161e+00
3.4352e+00,2.9871e+00,1.4936e+00
3.2602e+00,3.1120e+00,1.4819e+00
3.1120e+00,3.2602e+00,1.4819e+00
2.9871e+00,3.4352e+00,1.4936e+00
2.8807e+00,3.6387e+00,1.5161e+00
2.7869e+00,3.8707e+00,1.5483e+00
2.6997e+00,4.1289e+00,1.5881e+00
2.6132e+00,4.4098e+00,1.6333e+00
2.5223e+00,4.7084e+00,1.6816e+00
2.4229e+00,5.0188e+00,1.7306e+00
2.3119e+00,5.3351e+00,1.7784e+00
2.0494e+00,5.9619e+00,1.8631e+00
1.7334e+00,6.5486e+00,1.9260e+00
1.5584e+00,6.8179e+00,1.9480e+00
1.3744e+00,7.0683e+00,1.9634e+00
1.1836e+00,7.2986e+00,1.9726e+00
9.8795e-01,7.5084e+00,1.9759e+00
7.8952e-01,7.6979e+00,1.9738e+00
5.9007e-01,7.8675e+00,1.9669e+00
3.9114e-01,8.0184e+00,1.9557e+00
1.9409e-01,8.1516e+00,1.9409e+00
0.0000e+00,8.2684e+00,1.9229e+00
8.0650e+00,0.0000e+00,2.1123e+00
7.9399e+00,1.9366e-01,2.1302e+00
7.7978e+00,3.8989e-01,2.1444e+00
7.6374e+00,5.8749e-01,2.1541e+00
7.4576e+00,7.8501e-01,2.1588e+00
7.2574e+00,9.8072e-01,2.1576e+00
7.0363e+00,1.1727e+00,2.1500e+00
6.7944e+00,1.3589e+00,2.1354e+00
4.0821e+00,2.5121e+00,1.7270e+00
3.8094e+00,2.5904e+00,1.6761e+00
3.5628e+00,2.6721e+00,1.6330e+00
3.3456e+00,2.7637e+00,1.6001e+00
3.1589e+00,2.8717e+00,1.5794e+00
3.0019e+00,3.0019e+00,1.5724e+00
2.8717e+00,3.1589e+00,1.5794e+00
2.7637e+00,3.3456e+00,1.6001e+00
2.6721e+00,3.5628e+00,1.6330e+00
2.5904e+00,3.8094e+00,1.6761e+00
2.5121e+00,4.0821e+00,1.7270e+00
1.3589e+00,6.7944e+00,2.1354e+00
1.1727e+00,7.0363e+00,2.1500e+00
9.8072e-01,7.2574e+00,2.1576e+00
7.8501e-01,7.4576e+00,2.1588e+00
5.8749e-01,7.6374e+00,2.1541e+00
3.8989e-01,7.7978e+00,2.1444e+00
1.9366e-01,7.9399e+00,2.1302e+00
0.0000e+00,8.0650e+00,2.1123e+00
7.8473e+00,0.0000e+00,2.2968e+00
7.7136e+00,1.9284e-01,2.3141e+00
7.5624e+00,3.8781e-01,2.3269e+00
7.3922e+00,5.8359e-01,2.3344e+00
7.2019e+00,7.7859e-01,2.3358e+00
6.9909e+00,9.7095e-01,2.3303e+00
6.7586e+00,1.1586e+00,2.3172e+00
6.5053e+00,1.3393e+00,2.2960e+00
3.4909e+00,2.4727e+00,1.7455e+00
3.2588e+00,2.5504e+00,1.7003e+00
3.0587e+00,2.6416e+00,1.6684e+00
2.8909e+00,2.7532e+00,1.6519e+00
2.7532e+00,2.8909e+00,1.6519e+00
2.6416e+00,3.0587e+00,1.6684e+00
2.5504e+00,3.2588e+00,1.7003e+00
2.4727e+00,3.4909e+00,1.7455e+00
1.3393e+00,6.5053e+00,2.2960e+00
1.1586e+00,6.7586e+00,2.3172e+00
9.7095e-01,6.9909e+00,2.3303e+00
7.7859e-01,7.2019e+00,2.3358e+00
5.8359e-01,7.3922e+00,2.3344e+00
3.8781e-01,7.5624e+00,2.3269e+00
1.9284e-01,7.7136e+00,2.3141e+00
0.0000e+00,7.8473e+00,2.2968e+00
7.6165e+00,0.0000e+00,2.4753e+00
7.4740e+00,1.9164e-01,2.4913e+00
7.3135e+00,3.8492e-01,2.5020e+00
7.1335e+00,5.7839e-01,2.5064e+00
6.9329e+00,7.7033e-01,2.5036e+00
6.7111e+00,9.5873e-01,2.4927e+00
6.4679e+00,1.1414e+00,2.4730e+00
2.9643e+00,2.4253e+00,1.7516e+00
2.7835e+00,2.5184e+00,1.7231e+00
2.6361e+00,2.6361e+00,1.7134e+00
2.5184e+00,2.7835e+00,1.7231e+00
2.4253e+00,2.9643e+00,1.7516e+00
1.1414e+00,6.4679e+00,2.4730e+00
9.5873e-01,6.7111e+00,2.4927e+00
7.7033e-01,6.9329e+00,2.5036e+00
5.7839e-01,7.1335e+00,2.5064e+00
3.8492e-01,7.3135e+00,2.5020e+00
1.9164e-01,7.4740e+00,2.4913e+00
0.0000e+00,7.6165e+00,2.4753e+00
7.3740e+00,0.0000e+00,2.6471e+00
7.2229e+00,1.9008e-01,2.6611e+00
7.0532e+00,3.8125e-01,2.6688e+00
6.8636e+00,5.7196e-01,2.6692e+00
6.6530e+00,7.6035e-01,2.6612e+00
6.4210e+00,9.4426e-01,2.6439e+00
6.1673e+00,1.1213e+00,2.6164e+00
2.6848e+00,2.3013e+00,1.7899e+00
2.5251e+00,2.3988e+00,1.7676e+00
2.3988e+00,2.5251e+00,1.7676e+00
2.3013e+00,2.6848e+00,1.7899e+00
1.1213e+00,6.1673e+00,2.6164e+00
9.4426e-01,6.4210e+00,2.6439e+00
7.6035e-01,6.6530e+00,2.6612e+00
5.7196e-01,6.8636e+00,2.6692e+00
3.8125e-01,7.0532e+00,2.6688e+00
1.9008e-01,7.2229e+00,2.6611e+00
0.0000e+00,7.3740e+00,2.6471e+00
7.1218e+00,0.0000e+00,2.8113e+00
6.9624e+00,1.8817e-01,2.8226e+00
6.7839e+00,3.7688e-01,2.8266e+00
6.5852e+00,5.6445e-01,2.8222e+00
6.3653e+00,7.4886e-01,2.8082e+00
6.1237e+00,9.2784e-01,2.7835e+00
5.8606e+00,1.0989e+00,2.7471e+00
2.4255e+00,2.1829e+00,1.8191e+00
2.2878e+00,2.2878e+00,1.8062e+00
2.1829e+00,2.4255e+00,1.8191e+00
1.0989e+00,5.8606e+00,2.7471e+00
9.2784e-01,6.1237e+00,2.7835e+00
7.4886e-01,6.3653e+00,2.8082e+00
5.6445e-01,6.5852e+00,2.8222e+00
3.7688e-01,6.7839e+00,2.8266e+00
1.8817e-01,6.9624e+00,2.8226e+00
0.0000e+00,7.1218e+00,2.8113e+00
6.8625e+00,0.0000e+00,2.9676e+00
6.6952e+00,1.8598e-01,2.9757e+00
6.5087e+00,3.7192e-01,2.9754e+00
6.3017e+00,5.5603e-01,2.9655e+00
6.0733e+00,7.3615e-01,2.9446e+00
5.8232e+00,9.0987e-01,2.9116e+00
5.5518e+00,1.0745e+00,2.8654e+00
2.1905e+00,2.0752e+00,1.8446e+00
2.0752e+00,2.1905e+00,1.8446e+00
1.0745e+00,5.5518e+00,2.8654e+00
9.0987e-01,5.8232e+00,2.9116e+00
7.3615e-01,6.0733e+00,2.9446e+00
5.5603e-01,6.3017e+00,2.9655e+00
3.7192e-01,6.5087e+00,2.9754e+00
1.8598e-01,6.6952e+00,2.9757e+00
0.0000e+00,6.8625e+00,2.9676e+00
6.5987e+00,0.0000e+00,3.1160e+00
6.4244e+00,1.8355e-01,3.1204e+00
6.2307e+00,3.6651e-01,3.1154e+00
6.0165e+00,5.4695e-01,3.0994e+00
5.7808e+00,7.2260e-01,3.0710e+00
5.5235e+00,8.9090e-01,3.0290e+00
5.2453e+00,1.0491e+00,2.9723e+00
4.9477e+00,1.1943e+00,2.9004e+00
2.1114e+00,1.8892e+00,1.8892e+00
1.9828e+00,1.9828e+00,1.8726e+00
1.8892e+00,2.1114e+00,1.8892e+00
1.1943e+00,4.9477e+00,2.9004e+00
1.0491e+00,5.2453e+00,2.9723e+00
8.9090e-01,5.5235e+00,3.0290e+00
7.2260e-01,5.7808e+00,3.0710e+00
5.4695e-01,6.0165e+00,3.0994e+00
3.6651e-01,6.2307e+00,3.1154e+00
1.8355e-01,6.4244e+00,3.1204e+00
0.0000e+00,6.5987e+00,3.1160e+00
6.3334e+00,0.0000e+00,3.2572e+00
6.1533e+00,1.8098e-01,3.2576e+00
5.9536e+00,3.6083e-01,3.2474e+00
5.7334e+00,5.3751e-01,3.2250e+00
5.4919e+00,7.0863e-01,3.1888e+00
5.2290e+00,8.7150e-01,3.1374e+00
4.9456e+00,1.0232e+00,3.0697e+00
4.6436e+00,1.1609e+00,2.9852e+00
2.0548e+00,1.7303e+00,1.9466e+00
1.9101e+00,1.8040e+00,1.9101e+00
1.8040e+00,1.9101e+00,1.9101e+00
1.7303e+00,2.0548e+00,1.9466e+00
1.1609e+00,4.6436e+00,2.9852e+00
1.0232e+00,4.9456e+00,3.0697e+00
8.7150e-01,5.2290e+00,3.1374e+00
7.0863e-01,5.4919e+00,3.1888e+00
5.3751e-01,5.7334e+00,3.2250e+00
3.6083e-01,5.9536e+00,3.2474e+00
1.8098e-01,6.1533e+00,3.2576e+00
0.0000e+00,6.3334e+00,3.2572e+00
6.0699e+00,0.0000e+00,3.3920e+00
5.8852e+00,1.7834e-01,3.3885e+00
5.6810e+00,3.5506e-01,3.3731e+00
5.4563e+00,5.2803e-01,3.3442e+00
5.2105e+00,6.9473e-01,3.3000e+00
4.9436e+00,8.5234e-01,3.2389e+00
4.6567e+00,9.9787e-01,3.1599e+00
4.3522e+00,1.1283e+00,3.0626e+00
1.8606e+00,1.6538e+00,1.9639e+00
1.7389e+00,1.7389e+00,1.9434e+00
1.6538e+00,1.8606e+00,1.9639e+00
1.1283e+00,4.3522e+00,3.0626e+00
9.9787e-01,4.6567e+00,3.1599e+00
8.5234e-01,4.9436e+00,3.2389e+00
6.9473e-01,5.2105e+00,3.3000e+00
5.2803e-01,5.4563e+00,3.3442e+00
3.5506e-01,5.6810e+00,3.3731e+00
1.7834e-01,5.8852e+00,3.3885e+00
0.0000e+00,6.0699e+00,3.3920e+00
5.8115e+00,0.0000e+00,3.5221e+00
5.6236e+00,1.7574e-01,3.5147e+00
5.4164e+00,3.4944e-01,3.4944e+00
5.1888e+00,5.1888e-01,3.4592e+00
4.9402e+00,6.8141e-01,3.4070e+00
4.6710e+00,8.3410e-01,3.3364e+00
4.3823e+00,9.7384e-01,3.2461e+00
4.0769e+00,1.0976e+00,3.1360e+00
1.8368e+00,1.5307e+00,2.0409e+00
1.6968e+00,1.5970e+00,1.9962e+00
1.5970e+00,1.6968e+00,1.9962e+00
1.5307e+00,1.8368e+00,2.0409e+00
1.0976e+00,4.0769e+00,3.1360e+00
9.7384e-01,4.3823e+00,3.2461e+00
8.3410e-01,4.6710e+00,3.3364e+00
6.8141e-01,4.9402e+00,3.4070e+00
5.1888e-01,5.1888e+00,3.4592e+00
3.4944e-01,5.4164e+00,3.4944e+00
1.7574e-01,5.6236e+00,3.5147e+00
0.0000e+00,5.8115e+00,3.5221e+00
5.5611e+00,0.0000e+00,3.6494e+00
5.3715e+00,1.7327e-01,3.6388e+00
5.1628e+00,3.4419e-01,3.6140e+00
4.9339e+00,5.1040e-01,3.5728e+00
4.6842e+00,6.6917e-01,3.5131e+00
4.4140e+00,8.1742e-01,3.4331e+00
4.1250e+00,9.5193e-01,3.3318e+00
3.8202e+00,1.0697e+00,3.2090e+00
1.8403e+00,1.4314e+00,2.1471e+00
1.6798e+00,1.4822e+00,2.0750e+00
1.5621e+00,1.5621e+00,2.0502e+00
1.4822e+00,1.6798e+00,2.0750e+00
1.4314e+00,1.8403e+00,2.1471e+00
1.0697e+00,3.8202e+00,3.2090e+00
9.5193e-01,4.1250e+00,3.3318e+00
8.1742e-01,4.4140e+00,3.4331e+00
6.6917e-01,4.6842e+00,3.5131e+00
5.1040e-01,4.9339e+00,3.5728e+00
3.4419e-01,5.1628e+00,3.6140e+00
1.7327e-01,5.3715e+00,3.6388e+00
0.0000e+00,5.5611e+00,3.6494e+00
5.3214e+00,0.0000e+00,3.7765e+00
5.1317e+00,1.7106e-01,3.7633e+00
4.9230e+00,3.3952e-01,3.7347e+00
4.6942e+00,5.0294e-01,3.6883e+00
4.4446e+00,6.5846e-01,3.6215e+00
4.1749e+00,8.0286e-01,3.5326e+00
3.8867e+00,9.3281e-01,3.4203e+00
3.5835e+00,1.0452e+00,3.2849e+00
3.2708e+00,1.1377e+00,3.1286e+00
1.8714e+00,1.3516e+00,2.2873e+00
1.6888e+00,1.3908e+00,2.1855e+00
1.5506e+00,1.4536e+00,2.1320e+00
1.4536e+00,1.5506e+00,2.1320e+00
1.3908e+00,1.6888e+00,2.1855e+00
1.3516e+00,1.8714e+00,2.2873e+00
1.1377e+00,3.2708e+00,3.1286e+00
1.0452e+00,3.5835e+00,3.2849e+00
9.3281e-01,3.8867e+00,3.4203e+00
8.0286e-01,4.1749e+00,3.5326e+00
6.5846e-01,4.4446e+00,3.6215e+00
5.0294e-01,4.6942e+00,3.6883e+00
3.3952e-01,4.9230e+00,3.7347e+00
1.7106e-01,5.1317e+00,3.7633e+00
0.0000e+00,5.3214e+00,3.7765e+00
5.0948e+00,0.0000e+00,3.9060e+00
4.9063e+00,1.6918e-01,3.8912e+00
4.6988e+00,3.3563e-01,3.8598e+00
4.4712e+00,4.9680e-01,3.8088e+00
4.2229e+00,6.4967e-01,3.7356e+00
3.9544e+00,7.9088e-01,3.6380e+00
3.6678e+00,9.1694e-01,3.5149e+00
3.3670e+00,1.0247e+00,3.3670e+00
3.0582e+00,1.1121e+00,3.1972e+00
1.9292e+00,1.2861e+00,2.4651e+00
1.7239e+00,1.3183e+00,2.3324e+00
1.5630e+00,1.3676e+00,2.2468e+00
1.4460e+00,1.4460e+00,2.2173e+00
1.3676e+00,1.5630e+00,2.2468e+00
1.3183e+00,1.7239e+00,2.3324e+00
1.2861e+00,1.9292e+00,2.4651e+00
1.1121e+00,3.0582e+00,3.1972e+00
1.0247e+00,3.3670e+00,3.3670e+00
9.1694e-01,3.6678e+00,3.5149e+00
7.9088e-01,3.9544e+00,3.6380e+00
6.4967e-01,4.2229e+00,3.7356e+00
4.9680e-01,4.4712e+00,3.8088e+00
3.3563e-01,4.6988e+00,3.8598e+00
1.6918e-01,4.9063e+00,3.8912e+00
0.0000e+00,5.0948e+00,3.9060e+00
4.8827e+00,0.0000e+00,4.0408e+00
4.6965e+00,1.6773e-01,4.0256e+00
4.4913e+00,3.3269e-01,3.9923e+00
4.2657e+00,4.9220e-01,3.9376e+00
4.0192e+00,6.4307e-01,3.8584e+00
3.7523e+00,7.8174e-01,3.7523e+00
3.4676e+00,9.0459e-01,3.6184e+00
3.1695e+00,1.0085e+00,3.4576e+00
2.8648e+00,1.0914e+00,3.2741e+00
2.5630e+00,1.1533e+00,3.0755e+00
2.0117e+00,1.2294e+00,2.6823e+00
1.7842e+00,1.2594e+00,2.5188e+00
1.5993e+00,1.2994e+00,2.3989e+00
1.4596e+00,1.3623e+00,2.3354e+00
1.3623e+00,1.4596e+00,2.3354e+00
1.2994e+00,1.5993e+00,2.3989e+00
1.2594e+00,1.7842e+00,2.5188e+00
1.2294e+00,2.0117e+00,2.6823e+00
1.1533e+00,2.5630e+00,3.0755e+00
1.0914e+00,2.8648e+00,3.2741e+00
1.0085e+00,3.1695e+00,3.4576e+00
9.0459e-01,3.4676e+00,3.6184e+00
7.8174e-01,3.7523e+00,3.7523e+00
6.4307e-01,4.0192e+00,3.8584e+00
4.9220e-01,4.2657e+00,3.9376e+00
3.3269e-01,4.4913e+00,3.9923e+00
1.6773e-01,4.6965e+00,4.0256e+00
0.0000e+00,4.8827e+00,4.0408e+00
4.6859e+00,0.0000e+00,4.1839e+00
4.5029e+00,1.6678e-01,4.1694e+00
4.3005e+00,3.3081e-01,4.1351e+00
4.0773e+00,4.8928e-01,4.0773e+00
3.8327e+00,6.3878e-01,3.9924e+00
3.5675e+00,7.7554e-01,3.8777e+00
3.2844e+00,8.9575e-01,3.7323e+00
2.9888e+00,9.9626e-01,3.5581e+00
2.6884e+00,1.0754e+00,3.3605e+00
2.3935e+00,1.1338e+00,3.1493e+00
2.1160e+00,1.1756e+00,2.9389e+00
1.8677e+00,1.2085e+00,2.7467e+00
1.6586e+00,1.2439e+00,2.5915e+00
1.4943e+00,1.2950e+00,2.4904e+00
1.3750e+00,1.3750e+00,2.4553e+00
1.2950e+00,1.4943e+00,2.4904e+00
1.2439e+00,1.6586e+00,2.5915e+00
1.2085e+00,1.8677e+00,2.7467e+00
1.1756e+00,2.1160e+00,2.9389e+00
1.1338e+00,2.3935e+00,3.1493e+00
1.0754e+00,2.6884e+00,3.3605e+00
9.9626e-01,2.9888e+00,3.5581e+00
8.9575e-01,3.2844e+00,3.7323e+00
7.7554e-01,3.5675e+00,3.8777e+00
6.3878e-01,3.8327e+00,3.9924e+00
4.8928e-01,4.0773e+00,4.0773e+00
3.3081e-01,4.3005e+00,4.1351e+00
1.6678e-01,4.5029e+00,4.1694e+00
0.0000e+00,4.6859e+00,4.1839e+00
4.5046e+00,0.0000e+00,4.3377e+00
4.3251e+00,1.6635e-01,4.3251e+00
4.1256e+00,3.3005e-01,4.2907e+00
3.9047e+00,4.8808e-01,4.2301e+00
3.6616e+00,6.3680e-01,4.1392e+00
3.3975e+00,7.7215e-01,4.0152e+00
3.1156e+00,8.9016e-01,3.8574e+00
2.8220e+00,9.8769e-01,3.6686e+00
2.5256e+00,1.0634e+00,3.4561e+00
2.2381e+00,1.1190e+00,3.2327e+00
1.9719e+00,1.1600e+00,3.0159e+00
1.7394e+00,1.1958e+00,2.8265e+00
1.5493e+00,1.2394e+00,2.6854e+00
1.4054e+00,1.3050e+00,2.6100e+00
1.3050e+00,1.4054e+00,2.6100e+00
1.2394e+00,1.5493e+00,2.6854e+00
1.1958e+00,1.7394e+00,2.8265e+00
1.1600e+00,1.9719e+00,3.0159e+00
1.1190e+00,2.2381e+00,3.2327e+00
1.0634e+00,2.5256e+00,3.4561e+00
9.8769e-01,2.8220e+00,3.6686e+00
8.9016e-01,3.1156e+00,3.8574e+00
7.7215e-01,3.3975e+00,4.0152e+00
6.3680e-01,3.6616e+00,4.1392e+00
4.8808e-01,3.9047e+00,4.2301e+00
3.3005e-01,4.1256e+00,4.2907e+00
1.6635e-01,4.3251e+00,4.3251e+00
0.0000e+00,4.5046e+00,4.3377e+00
4.3377e+00,0.0000e+00,4.5046e+00
4.1617e+00,1.6647e-01,4.4946e+00
3.9649e+00,3.3041e-01,4.4605e+00
3.7456e+00,4.8856e-01,4.3970e+00
3.5033e+00,6.3696e-01,4.2995e+00
3.2393e+00,7.7127e-01,4.1648e+00
2.9577e+00,8.8731e-01,3.9929e+00
2.6656e+00,9.8205e-01,3.7879e+00
2.3732e+00,1.0548e+00,3.5598e+00
2.0933e+00,1.1082e+00,3.3247e+00
1.8395e+00,1.1497e+00,3.1042e+00
1.6237e+00,1.1907e+00,2.9226e+00
1.4532e+00,1.2456e+00,2.8026e+00
1.3292e+00,1.3292e+00,2.7607e+00
1.2456e+00,1.4532e+00,2.8026e+00
1.1907e+00,1.6237e+00,2.9226e+00
1.1497e+00,1.8395e+00,3.1042e+00
1.1082e+00,2.0933e+00,3.3247e+00
1.0548e+00,2.3732e+00,3.5598e+00
9.8205e-01,2.6656e+00,3.7879e+00
8.8731e-01,2.9577e+00,3.9929e+00
7.7127e-01,3.2393e+00,4.1648e+00
6.3696e-01,3.5033e+00,4.2995e+00
4.8856e-01,3.7456e+00,4.3970e+00
3.3041e-01,3.9649e+00,4.4605e+00
1.6647e-01,4.1617e+00,4.4946e+00
0.0000e+00,4.3377e+00,4.5046e+00
4.1839e+00,0.0000e+00,4.6859e+00
4.0108e+00,1.6712e-01,4.6792e+00
3.8159e+00,3.3181e-01,4.6454e+00
3.5972e+00,4.9053e-01,4.5783e+00
3.3545e+00,6.3896e-01,4.4727e+00
3.0896e+00,7.7239e-01,4.3254e+00
2.8072e+00,8.8650e-01,4.1370e+00
2.5160e+00,9.7844e-01,3.9138e+00
2.2276e+00,1.0483e+00,3.6690e+00
1.9562e+00,1.1004e+00,3.4234e+00
1.7160e+00,1.1440e+00,3.2032e+00
1.5180e+00,1.1927e+00,3.0361e+00
1.3676e+00,1.2624e+00,2.9457e+00
1.2624e+00,1.3676e+00,2.9457e+00
1.1927e+00,1.5180e+00,3.0361e+00
1.1440e+00,1.7160e+00,3.2032e+00
1.1004e+00,1.9562e+00,3.4234e+00
1.0483e+00,2.2276e+00,3.6690e+00
9.7844e-01,2.5160e+00,3.9138e+00
8.8650e-01,2.8072e+00,4.1370e+00
7.7239e-01,3.0896e+00,4.3254e+00
6.3896e-01,3.3545e+00,4.4727e+00
4.9053e-01,3.5972e+00,4.5783e+00
3.3181e-01,3.8159e+00,4.6454e+00
1.6712e-01,4.0108e+00,4.6792e+00
0.0000e+00,4.1839e+00,4.6859e+00
4.0408e+00,0.0000e+00,4.8827e+00
3.8698e+00,1.6825e-01,4.8793e+00
3.6756e+00,3.3415e-01,4.8451e+00
3.4564e+00,4.9377e-01,4.7731e+00
3.2118e+00,6.4237e-01,4.6572e+00
2.9446e+00,7.7489e-01,4.4944e+00
2.6606e+00,8.8686e-01,4.2865e+00
2.3699e+00,9.7583e-01,4.0427e+00
2.0860e+00,1.0430e+00,3.7808e+00
1.8243e+00,1.0946e+00,3.5270e+00
1.5992e+00,1.1423e+00,3.3127e+00
1.4205e+00,1.2019e+00,3.1687e+00
1.2902e+00,1.2902e+00,3.1179e+00
1.2019e+00,1.4205e+00,3.1687e+00
1.1423e+00,1.5992e+00,3.3127e+00
1.0946e+00,1.8243e+00,3.5270e+00
1.0430e+00,2.0860e+00,3.7808e+00
9.7583e-01,2.3699e+00,4.0427e+00
8.8686e-01,2.6606e+00,4.2865e+00
7.7489e-01,2.9446e+00,4.4944e+00
6.4237e-01,3.2118e+00,4.6572e+00
4.9377e-01,3.4564e+00,4.7731e+00
3.3415e-01,3.6756e+00,4.8451e+00
1.6825e-01,3.8698e+00,4.8793e+00
0.0000e+00,4.0408e+00,4.8827e+00
3.9060e+00,0.0000e+00,5.0948e+00
3.7358e+00,1.6981e-01,5.0943e+00
3.5410e+00,3.3724e-01,5.0586e+00
3.3196e+00,4.9794e-01,4.9794e+00
3.0717e+00,6.4668e-01,4.8501e+00
2.8009e+00,7.7803e-01,4.6682e+00
2.5145e+00,8.8746e-01,4.4373e+00
2.2244e+00,9.7316e-01,4.1707e+00
1.9459e+00,1.0378e+00,3.8919e+00
1.6958e+00,1.0901e+00,3.6338e+00
1.4878e+00,1.1445e+00,3.4335e+00
1.3295e+00,1.2187e+00,3.3236e+00
1.2187e+00,1.3295e+00,3.3236e+00
1.1445e+00,1.4878e+00,3.4335e+00
1.0901e+00,1.6958e+00,3.6338e+00
1.0378e+00,1.9459e+00,3.8919e+00
9.7316e-01,2.2244e+00,4.1707e+00
8.8746e-01,2.5145e+00,4.4373e+00
7.7803e-01,2.8009e+00,4.6682e+00
6.4668e-01,3.0717e+00,4.8501e+00
4.9794e-01,3.3196e+00,4.9794e+00
3.3724e-01,3.5410e+00,5.0586e+00
1.6981e-01,3.7358e+00,5.0943e+00
0.0000e+00,3.9060e+00,5.0948e+00
3.7765e+00,0.0000e+00,5.3214e+00
3.6058e+00,1.7170e-01,5.3229e+00
3.4088e+00,3.4088e-01,5.2836e+00
3.1836e+00,5.0267e-01,5.1942e+00
2.9310e+00,6.5132e-01,5.0478e+00
2.6555e+00,7.8102e-01,4.8423e+00
2.3662e+00,8.8734e-01,4.5846e+00
2.0773e+00,9.6942e-01,4.2932e+00
1.8061e+00,1.0320e+00,3.9992e+00
1.5698e+00,1.0868e+00,3.7434e+00
1.3812e+00,1.1510e+00,3.5682e+00
1.2439e+00,1.2439e+00,3.5057e+00
1.1510e+00,1.3812e+00,3.5682e+00
1.0868e+00,1.5698e+00,3.7434e+00
1.0320e+00,1.8061e+00,3.9992e+00
9.6942e-01,2.0773e+00,4.2932e+00
8.8734e-01,2.3662e+00,4.5846e+00
7.8102e-01,2.6555e+00,4.8423e+00
6.5132e-01,2.9310e+00,5.0478e+00
5.0267e-01,3.1836e+00,5.1942e+00
3.4088e-01,3.4088e+00,5.2836e+00
1.7170e-01,3.6058e+00,5.3229e+00
0.0000e+00,3.7765e+00,5.3214e+00
3.6494e+00,0.0000e+00,5.5611e+00
3.4767e+00,1.7384e-01,5.5627e+00
3.2759e+00,3.4483e-01,5.5172e+00
3.0454e+00,5.0756e-01,5.4140e+00
2.7867e+00,6.5569e-01,5.2455e+00
2.5058e+00,7.8306e-01,5.0116e+00
2.2139e+00,8.8557e-01,4.7231e+00
1.9276e+00,9.6380e-01,4.4059e+00
1.6660e+00,1.0252e+00,4.1009e+00
1.4465e+00,1.0849e+00,3.8574e+00
1.2793e+00,1.1630e+00,3.7216e+00
1.1630e+00,1.2793e+00,3.7216e+00
1.0849e+00,1.4465e+00,3.8574e+00
1.0252e+00,1.6660e+00,4.1009e+00
9.6380e-01,1.9276e+00,4.4059e+00
8.8557e-01,2.2139e+00,4.7231e+00
7.8306e-01,2.5058e+00,5.0116e+00
6.5569e-01,2.7867e+00,5.2455e+00
5.0756e-01,3.0454e+00,5.4140e+00
3.4483e-01,3.2759e+00,5.5172e+00
1.7384e-01,3.4767e+00,5.5627e+00
0.0000e+00,3.6494e+00,5.5611e+00
3.5221e+00,0.0000e+00,5.8115e+00
3.3458e+00,1.7609e-01,5.8111e+00
3.1396e+00,3.4885e-01,5.7560e+00
2.9025e+00,5.1220e-01,5.6342e+00
2.6368e+00,6.5919e-01,5.4383e+00
2.3501e+00,7.8338e-01,5.1703e+00
2.0565e+00,8.8135e-01,4.8474e+00
1.7749e+00,9.5571e-01,4.5055e+00
1.5261e+00,1.0174e+00,4.1968e+00
1.3266e+00,1.0854e+00,3.9799e+00
1.1823e+00,1.1823e+00,3.9016e+00
1.0854e+00,1.3266e+00,3.9799e+00
1.0174e+00,1.5261e+00,4.1968e+00
9.5571e-01,1.7749e+00,4.5055e+00
8.8135e-01,2.0565e+00,4.8474e+00
7.8338e-01,2.3501e+00,5.1703e+00
6.5919e-01,2.6368e+00,5.4383e+00
5.1220e-01,2.9025e+00,5.6342e+00
3.4885e-01,3.1396e+00,5.7560e+00
1.7609e-01,3.3458e+00,5.8111e+00
0.0000e+00,3.5221e+00,5.8115e+00
3.3920e+00,0.0000e+00,6.0699e+00
3.2107e+00,1.7837e-01,6.0647e+00
2.9980e+00,3.5270e-01,5.9959e+00
1.8937e+00,8.7403e-01,4.9528e+00
1.6199e+00,9.4495e-01,4.5898e+00
1.3879e+00,1.0094e+00,4.2898e+00
1.2114e+00,1.0903e+00,4.1188e+00
1.0903e+00,1.2114e+00,4.1188e+00
1.0094e+00,1.3879e+00,4.2898e+00
9.4495e-01,1.6199e+00,4.5898e+00
8.7403e-01,1.8937e+00,4.9528e+00
3.5270e-01,2.9980e+00,5.9959e+00
1.7837e-01,3.2107e+00,6.0647e+00
0.0000e+00,3.3920e+00,6.0699e+00
3.2572e+00,0.0000e+00,6.3334e+00
1.7264e+00,8.6319e-01,5.0353e+00
1.4644e+00,9.3187e-01,4.6593e+00
1.2533e+00,1.0026e+00,4.3865e+00
1.1022e+00,1.1022e+00,4.2864e+00
1.0026e+00,1.2533e+00,4.3865e+00
9.3187e-01,1.4644e+00,4.6593e+00
8.6319e-01,1.7264e+00,5.0353e+00
0.0000e+00,3.2572e+00,6.3334e+00
3.1160e+00,0.0000e+00,6.5987e+00
1.5561e+00,8.4876e-01,5.0926e+00
1.3107e+00,9.1747e-01,4.7184e+00
1.1248e+00,9.9981e-01,4.4991e+00
9.9981e-01,1.1248e+00,4.4991e+00
9.1747e-01,1.3107e+00,4.7184e+00
8.4876e-01,1.5561e+00,5.0926e+00
0.0000e+00,3.1160e+00,6.5987e+00
2.9676e+00,0.0000e+00,6.8625e+00
1.3852e+00,8.3114e-01,5.1254e+00
1.1619e+00,9.0372e-01,4.7768e+00
1.0045e+00,1.0045e+00,4.6460e+00
9.0372e-01,1.1619e+00,4.7768e+00
8.3114e-01,1.3852e+00,5.1254e+00
0.0000e+00,2.9676e+00,6.8625e+00
2.8113e+00,0.0000e+00,7.1218e+00
1.2172e+00,8.1144e-01,5.1391e+00
1.0215e+00,8.9379e-01,4.8520e+00
8.9379e-01,1.0215e+00,4.8520e+00
8.1144e-01,1.2172e+00,5.1391e+00
0.0000e+00,2.8113e+00,7.1218e+00
2.6471e+00,0.0000e+00,7.3740e+00
1.0557e+00,7.9180e-01,5.1467e+00
8.9230e-01,8.9230e-01,4.9714e+00
7.9180e-01,1.0557e+00,5.1467e+00
0.0000e+00,2.6471e+00,7.3740e+00
2.4753e+00,0.0000e+00,7.6165e+00
9.0524e-01,7.7592e-01,5.1728e+00
7.7592e-01,9.0524e-01,5.1728e+00
0.0000e+00,2.4753e+00,7.6165e+00
2.2968e+00,0.0000e+00,7.8473e+00
7.6951e-01,7.6951e-01,5.2583e+00
0.0000e+00,2.2968e+00,7.8473e+00
2.1123e+00,0.0000e+00,8.0650e+00
7.8041e-01,6.5034e-01,5.4628e+00
6.5034e-01,7.8041e-01,5.4628e+00
0.0000e+00,2.1123e+00,8.0650e+00
1.9229e+00,0.0000e+00,8.2684e+00
6.4023e-01,6.4023e-01,5.5060e+00
0.0000e+00,1.9229e+00,8.2684e+00
1.7298e+00,0.0000e+00,8.4568e+00
0.0000e+00,1.7298e+00,8.4568e+00
1.5342e+00,0.0000e+00,8.6298e+00
5.0810e-01,5.0810e-01,5.7161e+00
0.0000e+00,1.5342e+00,8.6298e+00
1.3372e+00,0.0000e+00,8.7874e+00
0.0000e+00,1.3372e+00,8.7874e+00
1.1400e+00,0.0000e+00,8.9298e+00
3.7607e-01,3.7607e-01,5.8918e+00
0.0000e+00,1.1400e+00,8.9298e+00
9.4349e-01,0.0000e+00,9.0575e+00
0.0000e+00,9.4349e-01,9.0575e+00
7.4866e-01,0.0000e+00,9.1711e+00
2.4639e-01,2.4639e-01,6.0367e+00
0.0000e+00,7.4866e-01,9.1711e+00
5.5628e-01,0.0000e+00,9.2713e+00
0.0000e+00,5.5628e-01,9.2713e+00
3.6702e-01,0.0000e+00,9.3589e+00
1.2068e-01,1.2068e-01,6.1548e+00
0.0000e+00,3.6702e-01,9.3589e+00
1.8144e-01,0.0000e+00,9.4348e+00
0.0000e+00,1.8144e-01,9.4348e+00
0.0000e+00,0.0000e+00,9.5000e+00
7.6373e+00,1.9093e+00,9.5466e-01
7.4777e+00,2.0353e+00,9.5130e-01
7.3109e+00,2.1580e+00,9.4690e-01
7.1376e+00,2.2770e+00,9.4146e-01
6.9583e+00,2.3919e+00,9.3502e-01
6.7739e+00,2.5024e+00,9.2763e-01
6.5853e+00,2.6084e+00,9.1937e-01
6.3935e+00,2.7098e+00,9.1033e-01
6.1997e+00,2.8066e+00,9.0063e-01
6.0052e+00,2.8990e+00,8.9042e-01
5.8111e+00,2.9874e+00,8.7985e-01
5.6189e+00,3.0722e+00,8.6911e-01
5.4298e+00,3.1541e+00,8.5840e-01
5.2452e+00,3.2339e+00,8.4792e-01
5.0663e+00,3.3126e+00,8.3789e-01
4.8941e+00,3.3912e+00,8.2853e-01
4.7295e+00,3.4709e+00,8.2004e-01
4.5734e+00,3.5529e+00,8.1263e-01
4.4262e+00,3.6385e+00,8.0647e-01
4.2882e+00,3.7289e+00,8.0171e-01
4.1595e+00,3.8252e+00,7.9847e-01
4.0397e+00,3.9285e+00,7.9683e-01
3.9285e+00,4.0397e+00,7.9683e-01
3.8252e+00,4.1595e+00,7.9847e-01
3.7289e+00,4.2882e+00,8.0171e-01
3.6385e+00,4.4262e+00,8.0647e-01
3.5529e+00,4.5734e+00,8.1263e-01
3.4709e+00,4.7295e+00,8.2004e-01
3.3912e+00,4.8941e+00,8.2853e-01
3.3126e+00,5.0663e+00,8.3789e-01
3.2339e+00,5.2452e+00,8.4792e-01
3.1541e+00,5.4298e+00,8.5840e-01
3.0722e+00,5.6189e+00,8.6911e-01
2.9874e+00,5.8111e+00,8.7985e-01
2.8990e+00,6.0052e+00,8.9042e-01
2.8066e+00,6.1997e+00,9.0063e-01
2.7098e+00,6.3935e+00,9.1033e-01
2.6084e+00,6.5853e+00,9.1937e-01
2.5024e+00,6.7739e+00,9.2763e-01
2.3919e+00,6.9583e+00,9.3502e-01
2.2770e+00,7.1376e+00,9.4146e-01
2.1580e+00,7.3109e+00,9.4690e-01
2.0353e+00,7.4777e+00,9.5130e-01
1.9093e+00,7.6373e+00,9.5466e-01
7.5041e+00,1.9093e+00,1.0879e+00
7.3398e+00,2.0339e+00,1.0833e+00
7.1684e+00,2.1549e+00,1.0775e+00
6.9905e+00,2.2719e+00,1.0704e+00
6.8069e+00,2.3846e+00,1.0622e+00
6.6183e+00,2.4926e+00,1.0529e+00
6.4259e+00,2.5959e+00,1.0426e+00
6.2308e+00,2.6944e+00,1.0314e+00
6.0340e+00,2.7881e+00,1.0195e+00
5.8371e+00,2.8775e+00,1.0071e+00
5.6414e+00,2.9627e+00,9.9434e-01
5.4481e+00,3.0446e+00,9.8147e-01
5.2588e+00,3.1237e+00,9.6873e-01
5.0748e+00,3.2010e+00,9.5640e-01
4.8971e+00,3.2776e+00,9.4472e-01
4.7270e+00,3.3546e+00,9.3396e-01
4.5653e+00,3.4334e+00,9.2437e-01
4.4126e+00,3.5151e+00,9.1618e-01
4.2695e+00,3.6012e+00,9.0958e-01
4.1360e+00,3.6928e+00,9.0475e-01
4.0121e+00,3.7912e+00,9.0179e-01
3.8973e+00,3.8973e+00,9.0080e-01
3.7912e+00,4.0121e+00,9.0179e-01
3.6928e+00,4.1360e+00,9.0475e-01
3.6012e+00,4.2695e+00,9.0958e-01
3.5151e+00,4.4126e+00,9.1618e-01
3.4334e+00,4.5653e+00,9.2437e-01
3.3546e+00,4.7270e+00,9.3396e-01
3.2776e+00,4.8971e+00,9.4472e-01
3.2010e+00,5.0748e+00,9.5640e-01
3.1237e+00,5.2588e+00,9.6873e-01
3.0446e+00,5.4481e+00,9.8147e-01
2.9627e+00,5.6414e+00,9.9434e-01
2.8775e+00,5.8371e+00,1.0071e+00
2.7881e+00,6.0340e+00,1.0195e+00
2.6944e+00,6.2308e+00,1.0314e+00
2.5959e+00,6.4259e+00,1.0426e+00
2.4926e+00,6.6183e+00,1.0529e+00
2.3846e+00,6.8069e+00,1.0622e+00
2.2719e+00,6.9905e+00,1.0704e+00
2.1549e+00,7.1684e+00,1.0775e+00
2.0339e+00,7.3398e+00,1.0833e+00
1.9093e+00,7.5041e+00,1.0879e+00
7.3614e+00,1.9069e+00,1.2195e+00
7.1923e+00,2.0297e+00,1.2134e+00
7.0162e+00,2.1487e+00,1.2059e+00
6.8337e+00,2.2634e+00,1.1970e+00
6.6457e+00,2.3735e+00,1.1867e+00
6.4531e+00,2.4787e+00,1.1752e+00
6.2569e+00,2.5789e+00,1.1626e+00
6.0585e+00,2.6741e+00,1.1490e+00
5.8590e+00,2.7645e+00,1.1347e+00
5.6600e+00,2.8504e+00,1.1198e+00
5.4629e+00,2.9323e+00,1.1046e+00
5.2691e+00,3.0109e+00,1.0895e+00
5.0800e+00,3.0871e+00,1.0746e+00
4.8970e+00,3.1618e+00,1.0604e+00
4.7212e+00,3.2363e+00,1.0470e+00
4.5537e+00,3.3118e+00,1.0349e+00
4.3954e+00,3.3897e+00,1.0244e+00
4.2469e+00,3.4713e+00,1.0156e+00
4.1083e+00,3.5581e+00,1.0087e+00
3.9799e+00,3.6513e+00,1.0041e+00
3.8613e+00,3.7520e+00,1.0017e+00
3.7520e+00,3.8613e+00,1.0017e+00
3.6513e+00,3.9799e+00,1.0041e+00
3.5581e+00,4.1083e+00,1.0087e+00
3.4713e+00,4.2469e+00,1.0156e+00
3.3897e+00,4.3954e+00,1.0244e+00
3.3118e+00,4.5537e+00,1.0349e+00
3.2363e+00,4.7212e+00,1.0470e+00
3.1618e+00,4.8970e+00,1.0604e+00
3.0871e+00,5.0800e+00,1.0746e+00
3.0109e+00,5.2691e+00,1.0895e+00
2.9323e+00,5.4629e+00,1.1046e+00
2.8504e+00,5.6600e+00,1.1198e+00
2.7645e+00,5.8590e+00,1.1347e+00
2.6741e+00,6.0585e+00,1.1490e+00
2.5789e+00,6.2569e+00,1.1626e+00
2.4787e+00,6.4531e+00,1.1752e+00
2.3735e+00,6.6457e+00,1.1867e+00
2.2634e+00,6.8337e+00,1.1970e+00
2.1487e+00,7.0162e+00,1.2059e+00
2.0297e+00,7.1923e+00,1.2134e+00
1.9069e+00,7.3614e+00,1.2195e+00
7.2091e+00,1.9018e+00,1.3489e+00
7.0352e+00,2.0226e+00,1.3411e+00
6.8543e+00,2.1392e+00,1.3316e+00
6.6672e+00,2.2513e+00,1.3204e+00
6.4748e+00,2.3584e+00,1.3078e+00
6.2781e+00,2.4603e+00,1.2938e+00
6.0783e+00,2.5571e+00,1.2785e+00
5.8768e+00,2.6487e+00,1.2623e+00
5.6750e+00,2.7354e+00,1.2452e+00
5.4742e+00,2.8176e+00,1.2277e+00
5.2761e+00,2.8959e+00,1.2099e+00
5.0822e+00,2.9711e+00,1.1924e+00
4.8938e+00,3.0442e+00,1.1753e+00
4.7124e+00,3.1163e+00,1.1591e+00
4.5391e+00,3.1886e+00,1.1442e+00
4.3750e+00,3.2627e+00,1.1308e+00
4.2207e+00,3.3399e+00,1.1194e+00
4.0769e+00,3.4216e+00,1.1102e+00
3.9435e+00,3.5094e+00,1.1035e+00
3.8207e+00,3.6044e+00,1.0993e+00
3.7079e+00,3.7079e+00,1.0980e+00
3.6044e+00,3.8207e+00,1.0993e+00
3.5094e+00,3.9435e+00,1.1035e+00
3.4216e+00,4.0769e+00,1.1102e+00
3.3399e+00,4.2207e+00,1.1194e+00
3.2627e+00,4.3750e+00,1.1308e+00
3.1886e+00,4.5391e+00,1.1442e+00
3.1163e+00,4.7124e+00,1.1591e+00
3.0442e+00,4.8938e+00,1.1753e+00
2.9711e+00,5.0822e+00,1.1924e+00
2.8959e+00,5.2761e+00,1.2099e+00
2.8176e+00,5.4742e+00,1.2277e+00
2.7354e+00,5.6750e+00,1.2452e+00
2.6487e+00,5.8768e+00,1.2623e+00
2.5571e+00,6.0783e+00,1.2785e+00
2.4603e+00,6.2781e+00,1.2938e+00
2.3584e+00,6.4748e+00,1.3078e+00
2.2513e+00,6.6672e+00,1.3204e+00
2.1392e+00,6.8543e+00,1.3316e+00
2.0226e+00,7.0352e+00,1.3411e+00
1.9018e+00,7.2091e+00,1.3489e+00
7.0473e+00,1.8940e+00,1.4755e+00
6.8684e+00,2.0124e+00,1.4656e+00
6.6827e+00,2.1263e+00,1.4537e+00
6.4910e+00,2.2353e+00,1.4401e+00
6.2943e+00,2.3391e+00,1.4247e+00
6.0937e+00,2.4375e+00,1.4078e+00
5.8905e+00,2.5304e+00,1.3897e+00
5.6862e+00,2.6181e+00,1.3704e+00
5.4822e+00,2.7008e+00,1.3504e+00
5.2801e+00,2.7790e+00,1.3300e+00
5.0816e+00,2.8535e+00,1.3095e+00
4.8880e+00,2.9251e+00,1.2894e+00
4.7010e+00,2.9950e+00,1.2700e+00
4.5219e+00,3.0644e+00,1.2519e+00
4.3517e+00,3.1347e+00,1.2355e+00
4.1916e+00,3.2075e+00,1.2210e+00
4.0421e+00,3.2842e+00,1.2090e+00
3.9035e+00,3.3663e+00,1.1997e+00
3.7760e+00,3.4554e+00,1.1934e+00
3.6592e+00,3.5527e+00,1.1901e+00
3.5527e+00,3.6592e+00,1.1901e+00
3.4554e+00,3.7760e+00,1.1934e+00
3.3663e+00,3.9035e+00,1.1997e+00
3.2842e+00,4.0421e+00,1.2090e+00
3.2075e+00,4.1916e+00,1.2210e+00
3.1347e+00,4.3517e+00,1.2355e+00
3.0644e+00,4.5219e+00,1.2519e+00
2.9950e+00,4.7010e+00,1.2700e+00
2.9251e+00,4.8880e+00,1.2894e+00
2.8535e+00,5.0816e+00,1.3095e+00
2.7790e+00,5.2801e+00,1.3300e+00
2.7008e+00,5.4822e+00,1.3504e+00
2.6181e+00,5.6862e+00,1.3704e+00
2.5304e+00,5.8905e+00,1.3897e+00
2.4375e+00,6.0937e+00,1.4078e+00
2.3391e+00,6.2943e+00,1.4247e+00
2.2353e+00,6.4910e+00,1.4401e+00
2.1263e+00,6.6827e+00,1.4537e+00
2.0124e+00,6.8684e+00,1.4656e+00
1.8940e+00,7.0473e+00,1.4755e+00
6.8762e+00,1.8833e+00,1.5986e+00
6.6923e+00,1.9990e+00,1.5862e+00
6.5017e+00,2.1098e+00,1.5716e+00
6.3054e+00,2.2154e+00,1.5551e+00
6.1045e+00,2.3155e+00,1.5367e+00
5.9002e+00,2.4099e+00,1.5166e+00
5.6939e+00,2.4988e+00,1.4952e+00
5.4871e+00,2.5822e+00,1.4726e+00
5.2814e+00,2.6606e+00,1.4494e+00
5.0785e+00,2.7346e+00,1.4259e+00
4.8800e+00,2.8050e+00,1.4025e+00
4.6874e+00,2.8729e+00,1.3798e+00
4.5024e+00,2.9396e+00,1.3582e+00
4.3262e+00,3.0064e+00,1.3382e+00
4.1600e+00,3.0748e+00,1.3203e+00
4.0045e+00,3.1464e+00,1.3050e+00
3.8604e+00,3.2229e+00,1.2927e+00
3.7278e+00,3.3058e+00,1.2836e+00
3.6067e+00,3.3966e+00,1.2781e+00
3.4965e+00,3.4965e+00,1.2762e+00
3.3966e+00,3.6067e+00,1.2781e+00
3.3058e+00,3.7278e+00,1.2836e+00
3.2229e+00,3.8604e+00,1.2927e+00
3.1464e+00,4.0045e+00,1.3050e+00
3.0748e+00,4.1600e+00,1.3203e+00
3.0064e+00,4.3262e+00,1.3382e+00
2.9396e+00,4.5024e+00,1.3582e+00
2.8729e+00,4.6874e+00,1.3798e+00
2.8050e+00,4.8800e+00,1.4025e+00
2.7346e+00,5.0785e+00,1.4259e+00
2.6606e+00,5.2814e+00,1.4494e+00
2.5822e+00,5.4871e+00,1.4726e+00
2.4988e+00,5.6939e+00,1.4952e+00
2.4099e+00,5.9002e+00,1.5166e+00
2.3155e+00,6.1045e+00,1.5367e+00
2.2154e+00,6.3054e+00,1.5551e+00
2.1098e+00,6.5017e+00,1.5716e+00
1.9990e+00,6.6923e+00,1.5862e+00
1.8833e+00,6.8762e+00,1.5986e+00
6.6959e+00,1.8696e+00,1.7175e+00
6.5070e+00,1.9823e+00,1.7022e+00
6.3116e+00,2.0897e+00,1.6845e+00
6.1109e+00,2.1915e+00,1.6647e+00
5.9060e+00,2.2875e+00,1.6429e+00
5.6982e+00,2.3777e+00,1.6193e+00
5.4891e+00,2.4620e+00,1.5943e+00
5.2802e+00,2.5408e+00,1.5682e+00
5.0733e+00,2.6147e+00,1.5415e+00
4.8701e+00,2.6843e+00,1.5147e+00
4.6722e+00,2.7506e+00,1.4883e+00
4.4814e+00,2.8148e+00,1.4629e+00
4.2991e+00,2.8782e+00,1.4391e+00
4.1266e+00,2.9424e+00,1.4174e+00
3.9650e+00,3.0091e+00,1.3984e+00
3.8149e+00,3.0799e+00,1.3825e+00
3.6769e+00,3.1566e+00,1.3702e+00
3.5509e+00,3.2406e+00,1.3618e+00
3.4367e+00,3.3336e+00,1.3575e+00
3.3336e+00,3.4367e+00,1.3575e+00
3.2406e+00,3.5509e+00,1.3618e+00
3.1566e+00,3.6769e+00,1.3702e+00
3.0799e+00,3.8149e+00,1.3825e+00
3.0091e+00,3.9650e+00,1.3984e+00
2.9424e+00,4.1266e+00,1.4174e+00
2.8782e+00,4.2991e+00,1.4391e+00
2.8148e+00,4.4814e+00,1.4629e+00
2.7506e+00,4.6722e+00,1.4883e+00
2.6843e+00,4.8701e+00,1.5147e+00
2.6147e+00,5.0733e+00,1.5415e+00
2.5408e+00,5.2802e+00,1.5682e+00
2.4620e+00,5.4891e+00,1.5943e+00
2.3777e+00,5.6982e+00,1.6193e+00
2.2875e+00,5.9060e+00,1.6429e+00
2.1915e+00,6.1109e+00,1.6647e+00
2.0897e+00,6.3116e+00,1.6845e+00
1.9823e+00,6.5070e+00,1.7022e+00
1.8696e+00,6.6959e+00,1.7175e+00
6.5069e+00,1.8530e+00,1.8314e+00
6.3130e+00,1.9622e+00,1.8129e+00
6.1130e+00,2.0658e+00,1.7918e+00
5.9081e+00,2.1635e+00,1.7683e+00
5.6994e+00,2.2551e+00,1.7426e+00
5.4884e+00,2.3407e+00,1.7151e+00
5.2769e+00,2.4202e+00,1.6862e+00
5.0664e+00,2.4942e+00,1.6563e+00
4.8588e+00,2.5633e+00,1.6260e+00
4.6559e+00,2.6283e+00,1.5958e+00
4.4594e+00,2.6904e+00,1.5663e+00
4.2711e+00,2.7509e+00,1.5383e+00
4.0922e+00,2.8112e+00,1.5123e+00
3.9242e+00,2.8731e+00,1.4891e+00
3.7680e+00,2.9383e+00,1.4692e+00
3.6241e+00,3.0087e+00,1.4531e+00
3.4928e+00,3.0859e+00,1.4412e+00
3.3741e+00,3.1716e+00,1.4340e+00
3.2673e+00,3.2673e+00,1.4315e+00
3.1716e+00,3.3741e+00,1.4340e+00
3.0859e+00,3.4928e+00,1.4412e+00
3.0087e+00,3.6241e+00,1.4531e+00
2.9383e+00,3.7680e+00,1.4692e+00
2.8731e+00,3.9242e+00,1.4891e+00
2.8112e+00,4.0922e+00,1.5123e+00
2.7509e+00,4.2711e+00,1.5383e+00
2.6904e+00,4.4594e+00,1.5663e+00
2.6283e+00,4.6559e+00,1.5958e+00
2.5633e+00,4.8588e+00,1.6260e+00
2.4942e+00,5.0664e+00,1.6563e+00
2.4202e+00,5.2769e+00,1.6862e+00
2.3407e+00,5.4884e+00,1.7151e+00
2.2551e+00,5.6994e+00,1.7426e+00
2.1635e+00,5.9081e+00,1.7683e+00
2.0658e+00,6.1130e+00,1.7918e+00
1.9622e+00,6.3130e+00,1.8129e+00
1.8530e+00,6.5069e+00,1.8314e+00
5.2718e+00,2.2990e+00,1.8035e+00
5.0583e+00,2.3735e+00,1.7704e+00
4.8468e+00,2.4425e+00,1.7364e+00
4.6392e+00,2.5066e+00,1.7023e+00
4.4373e+00,2.5670e+00,1.6686e+00
4.2429e+00,2.6249e+00,1.6360e+00
4.0578e+00,2.6817e+00,1.6055e+00
3.8833e+00,2.7391e+00,1.5776e+00
3.7205e+00,2.7989e+00,1.5531e+00
3.5704e+00,2.8631e+00,1.5326e+00
3.4334e+00,2.9334e+00,1.5167e+00
3.3096e+00,3.0117e+00,1.5059e+00
3.1986e+00,3.0997e+00,1.5004e+00
3.0997e+00,3.1986e+00,1.5004e+00
3.0117e+00,3.3096e+00,1.5059e+00
2.9334e+00,3.4334e+00,1.5167e+00
2.8631e+00,3.5704e+00,1.5326e+00
2.7989e+00,3.7205e+00,1.5531e+00
2.7391e+00,3.8833e+00,1.5776e+00
2.6817e+00,4.0578e+00,1.6055e+00
2.6249e+00,4.2429e+00,1.6360e+00
2.5670e+00,4.4373e+00,1.6686e+00
2.5066e+00,4.6392e+00,1.7023e+00
2.4425e+00,4.8468e+00,1.7364e+00
2.3735e+00,5.0583e+00,1.7704e+00
2.2990e+00,5.2718e+00,1.8035e+00
4.0241e+00,2.5545e+00,1.6971e+00
3.8430e+00,2.6078e+00,1.6642e+00
3.6737e+00,2.6626e+00,1.6346e+00
3.5170e+00,2.7207e+00,1.6092e+00
3.3739e+00,2.7843e+00,1.5887e+00
3.2445e+00,2.8551e+00,1.5736e+00
3.1286e+00,2.9351e+00,1.5643e+00
3.0258e+00,3.0258e+00,1.5612e+00
2.9351e+00,3.1286e+00,1.5643e+00
2.8551e+00,3.2445e+00,1.5736e+00
2.7843e+00,3.3739e+00,1.5887e+00
2.7207e+00,3.5170e+00,1.6092e+00
2.6626e+00,3.6737e+00,1.6346e+00
2.6078e+00,3.8430e+00,1.6642e+00
2.5545e+00,4.0241e+00,1.6971e+00
3.6285e+00,2.5300e+00,1.7144e+00
3.4651e+00,2.5825e+00,1.6835e+00
3.3154e+00,2.6394e+00,1.6577e+00
3.1799e+00,2.7029e+00,1.6376e+00
3.0587e+00,2.7749e+00,1.6239e+00
2.9514e+00,2.8572e+00,1.6170e+00
2.8572e+00,2.9514e+00,1.6170e+00
2.7749e+00,3.0587e+00,1.6239e+00
2.7029e+00,3.1799e+00,1.6376e+00
2.6394e+00,3.3154e+00,1.6577e+00
2.5825e+00,3.4651e+00,1.6835e+00
2.5300e+00,3.6285e+00,1.7144e+00
3.4159e+00,2.4491e+00,1.7563e+00
3.2593e+00,2.4998e+00,1.7246e+00
3.1173e+00,2.5562e+00,1.6989e+00
2.9901e+00,2.6202e+00,1.6800e+00
2.8777e+00,2.6940e+00,1.6684e+00
2.7793e+00,2.7793e+00,1.6646e+00
2.6940e+00,2.8777e+00,1.6684e+00
2.6202e+00,2.9901e+00,1.6800e+00
2.5562e+00,3.1173e+00,1.6989e+00
2.4998e+00,3.2593e+00,1.7246e+00
2.4491e+00,3.4159e+00,1.7563e+00
3.0580e+00,2.4158e+00,1.7583e+00
2.9244e+00,2.4721e+00,1.7335e+00
2.8062e+00,2.5375e+00,1.7165e+00
2.7030e+00,2.6139e+00,1.7079e+00
2.6139e+00,2.7030e+00,1.7079e+00
2.5375e+00,2.8062e+00,1.7165e+00
2.4721e+00,2.9244e+00,1.7335e+00
2.4158e+00,3.0580e+00,1.7583e+00
2.8629e+00,2.3316e+00,1.7856e+00
2.7383e+00,2.3888e+00,1.7624e+00
2.6296e+00,2.4562e+00,1.7482e+00
2.5359e+00,2.5359e+00,1.7435e+00
2.4562e+00,2.6296e+00,1.7482e+00
2.3888e+00,2.7383e+00,1.7624e+00
2.3316e+00,2.8629e+00,1.7856e+00
2.6757e+00,2.2487e+00,1.8075e+00
2.5607e+00,2.3075e+00,1.7869e+00
2.4618e+00,2.3778e+00,1.7764e+00
2.3778e+00,2.4618e+00,1.7764e+00
2.3075e+00,2.5607e+00,1.7869e+00
2.2487e+00,2.6757e+00,1.8075e+00
2.4979e+00,2.1685e+00,1.8254e+00
2.3929e+00,2.2298e+00,1.8083e+00
2.3040e+00,2.3040e+00,1.8025e+00
2.2298e+00,2.3929e+00,1.8083e+00
2.1685e+00,2.4979e+00,1.8254e+00
2.3309e+00,2.0925e+00,1.8409e+00
2.2361e+00,2.1572e+00,1.8283e+00
2.1572e+00,2.2361e+00,1.8283e+00
2.0925e+00,2.3309e+00,1.8409e+00
2.1757e+00,2.0221e+00,1.8557e+00
2.0912e+00,2.0912e+00,1.8489e+00
2.0221e+00,2.1757e+00,1.8557e+00
2.1242e+00,1.8992e+00,1.8867e+00
2.0331e+00,1.9588e+00,1.8720e+00
1.9588e+00,2.0331e+00,1.8720e+00
1.8992e+00,2.1242e+00,1.8867e+00
1.9844e+00,1.8392e+00,1.8997e+00
1.9037e+00,1.9037e+00,1.8917e+00
1.8392e+00,1.9844e+00,1.8997e+00
1.9460e+00,1.7324e+00,1.9341e+00
1.8582e+00,1.7876e+00,1.9170e+00
1.7876e+00,1.8582e+00,1.9170e+00
1.7324e+00,1.9460e+00,1.9341e+00
1.9189e+00,1.6381e+00,1.9774e+00
1.8231e+00,1.6846e+00,1.9500e+00
1.7456e+00,1.7456e+00,1.9408e+00
1.6846e+00,1.8231e+00,1.9500e+00
1.6381e+00,1.9189e+00,1.9774e+00
1.9037e+00,1.5555e+00,2.0314e+00
1.7993e+00,1.5943e+00,1.9929e+00
1.7139e+00,1.6463e+00,1.9733e+00
1.6463e+00,1.7139e+00,1.9733e+00
1.5943e+00,1.7993e+00,1.9929e+00
1.5555e+00,1.9037e+00,2.0314e+00
1.9011e+00,1.4838e+00,2.0981e+00
1.7874e+00,1.5159e+00,2.0476e+00
1.6934e+00,1.5597e+00,2.0165e+00
1.6180e+00,1.6180e+00,2.0059e+00
1.5597e+00,1.6934e+00,2.0165e+00
1.5159e+00,1.7874e+00,2.0476e+00
1.4838e+00,1.9011e+00,2.0981e+00
1.7877e+00,1.4483e+00,2.1159e+00
1.6844e+00,1.4849e+00,2.0722e+00
1.6005e+00,1.5347e+00,2.0500e+00
1.5347e+00,1.6005e+00,2.0500e+00
1.4849e+00,1.6844e+00,2.0722e+00
1.4483e+00,1.7877e+00,2.1159e+00
1.8004e+00,1.3902e+00,2.1992e+00
1.6872e+00,1.4208e+00,2.1423e+00
1.5940e+00,1.4630e+00,2.1071e+00
1.5198e+00,1.5198e+00,2.0952e+00
1.4630e+00,1.5940e+00,2.1071e+00
1.4208e+00,1.6872e+00,2.1423e+00
1.3902e+00,1.8004e+00,2.1992e+00
1.8253e+00,1.3401e+00,2.2990e+00
1.7019e+00,1.3660e+00,2.2281e+00
1.5987e+00,1.4016e+00,2.1791e+00
1.5153e+00,1.4504e+00,2.1540e+00
1.4504e+00,1.5153e+00,2.1540e+00
1.4016e+00,1.5987e+00,2.1791e+00
1.3660e+00,1.7019e+00,2.2281e+00
1.3401e+00,1.8253e+00,2.2990e+00
1.8621e+00,1.2964e+00,2.4160e+00
1.7283e+00,1.3190e+00,2.3310e+00
1.6147e+00,1.3493e+00,2.2672e+00
1.5213e+00,1.3909e+00,2.2277e+00
1.4474e+00,1.4474e+00,2.2143e+00
1.3909e+00,1.5213e+00,2.2277e+00
1.3493e+00,1.6147e+00,2.2672e+00
1.3190e+00,1.7283e+00,2.3310e+00
1.2964e+00,1.8621e+00,2.4160e+00
1.9103e+00,1.2574e+00,2.5511e+00
1.7662e+00,1.2782e+00,2.4517e+00
1.6418e+00,1.3044e+00,2.3727e+00
1.5378e+00,1.3401e+00,2.3177e+00
1.4540e+00,1.3889e+00,2.2895e+00
1.3889e+00,1.4540e+00,2.2895e+00
1.3401e+00,1.5378e+00,2.3177e+00
1.3044e+00,1.6418e+00,2.3727e+00
1.2782e+00,1.7662e+00,2.4517e+00
1.2574e+00,1.9103e+00,2.5511e+00
1.9691e+00,1.2213e+00,2.7044e+00
1.8149e+00,1.2418e+00,2.5910e+00
1.6796e+00,1.2655e+00,2.4964e+00
1.5646e+00,1.2964e+00,2.4251e+00
1.4702e+00,1.3385e+00,2.3808e+00
1.3955e+00,1.3955e+00,2.3657e+00
1.3385e+00,1.4702e+00,2.3808e+00
1.2964e+00,1.5646e+00,2.4251e+00
1.2655e+00,1.6796e+00,2.4964e+00
1.2418e+00,1.8149e+00,2.5910e+00
1.2213e+00,1.9691e+00,2.7044e+00
2.2161e+00,1.1621e+00,3.0134e+00
2.0376e+00,1.1864e+00,2.8758e+00
1.8739e+00,1.2081e+00,2.7491e+00
1.7278e+00,1.2307e+00,2.6390e+00
1.6014e+00,1.2583e+00,2.5509e+00
1.4958e+00,1.2949e+00,2.4893e+00
1.4106e+00,1.3445e+00,2.4576e+00
1.3445e+00,1.4106e+00,2.4576e+00
1.2949e+00,1.4958e+00,2.4893e+00
1.2583e+00,1.6014e+00,2.5509e+00
1.2307e+00,1.7278e+00,2.6390e+00
1.2081e+00,1.8739e+00,2.7491e+00
1.1864e+00,2.0376e+00,2.8758e+00
1.1621e+00,2.2161e+00,3.0134e+00
2.1146e+00,1.1510e+00,3.0649e+00
1.9421e+00,1.1755e+00,2.9260e+00
1.7857e+00,1.1986e+00,2.8008e+00
1.6479e+00,1.2242e+00,2.6956e+00
1.5307e+00,1.2565e+00,2.6158e+00
1.4343e+00,1.2998e+00,2.5661e+00
1.3581e+00,1.3581e+00,2.5491e+00
1.2998e+00,1.4343e+00,2.5661e+00
1.2565e+00,1.5307e+00,2.6158e+00
1.2242e+00,1.6479e+00,2.6956e+00
1.1986e+00,1.7857e+00,2.8008e+00
1.1755e+00,1.9421e+00,2.9260e+00
1.1510e+00,2.1146e+00,3.0649e+00
2.0187e+00,1.1422e+00,3.1210e+00
1.8525e+00,1.1673e+00,2.9818e+00
1.7036e+00,1.1925e+00,2.8597e+00
1.5745e+00,1.2220e+00,2.7612e+00
1.4663e+00,1.2601e+00,2.6921e+00
1.3791e+00,1.3113e+00,2.6565e+00
1.3113e+00,1.3791e+00,2.6565e+00
1.2601e+00,1.4663e+00,2.6921e+00
1.2220e+00,1.5745e+00,2.7612e+00
1.1925e+00,1.7036e+00,2.8597e+00
1.1673e+00,1.8525e+00,2.9818e+00
1.1422e+00,2.0187e+00,3.1210e+00
1.9274e+00,1.1353e+00,3.1816e+00
1.7679e+00,1.1617e+00,3.0433e+00
1.6269e+00,1.1898e+00,2.9260e+00
1.5065e+00,1.2241e+00,2.8365e+00
1.4075e+00,1.2691e+00,2.7805e+00
1.3291e+00,1.3291e+00,2.7614e+00
1.2691e+00,1.4075e+00,2.7805e+00
1.2241e+00,1.5065e+00,2.8365e+00
1.1898e+00,1.6269e+00,2.9260e+00
1.1617e+00,1.7679e+00,3.0433e+00
1.1353e+00,1.9274e+00,3.1816e+00
1.8399e+00,1.1302e+00,3.2461e+00
1.6874e+00,1.1585e+00,3.1104e+00
1.5547e+00,1.1903e+00,3.0000e+00
1.4433e+00,1.2304e+00,2.9221e+00
1.3534e+00,1.2834e+00,2.8818e+00
1.2834e+00,1.3534e+00,2.8818e+00
1.2304e+00,1.4433e+00,2.9221e+00
1.1903e+00,1.5547e+00,3.0000e+00
1.1585e+00,1.6874e+00,3.1104e+00
1.1302e+00,1.8399e+00,3.2461e+00
1.7555e+00,1.1266e+00,3.3144e+00
1.6105e+00,1.1575e+00,3.1832e+00
1.4864e+00,1.1940e+00,3.0824e+00
1.3841e+00,1.2410e+00,3.0189e+00
1.3031e+00,1.3031e+00,2.9972e+00
1.2410e+00,1.3841e+00,3.0189e+00
1.1940e+00,1.4864e+00,3.0824e+00
1.1575e+00,1.6105e+00,3.1832e+00
1.1266e+00,1.7555e+00,3.3144e+00
1.6735e+00,1.1244e+00,3.3863e+00
1.5365e+00,1.1587e+00,3.2620e+00
1.4214e+00,1.2008e+00,3.1737e+00
1.3284e+00,1.2559e+00,3.1277e+00
1.2559e+00,1.3284e+00,3.1277e+00
1.2008e+00,1.4214e+00,3.1737e+00
1.1587e+00,1.5365e+00,3.2620e+00
1.1244e+00,1.6735e+00,3.3863e+00
1.5937e+00,1.1234e+00,3.4617e+00
1.4653e+00,1.1621e+00,3.3474e+00
1.3594e+00,1.2111e+00,3.2749e+00
1.2755e+00,1.2755e+00,3.2501e+00
1.2111e+00,1.3594e+00,3.2749e+00
1.1621e+00,1.4653e+00,3.3474e+00
1.1234e+00,1.5937e+00,3.4617e+00
1.5157e+00,1.1237e+00,3.5411e+00
1.3964e+00,1.1679e+00,3.4402e+00
1.3000e+00,1.2250e+00,3.3875e+00
1.2250e+00,1.3000e+00,3.3875e+00
1.1679e+00,1.3964e+00,3.4402e+00
1.1237e+00,1.5157e+00,3.5411e+00
1.4396e+00,1.1255e+00,3.6251e+00
1.3298e+00,1.1763e+00,3.5418e+00
1.2429e+00,1.2429e+00,3.5132e+00
1.1763e+00,1.3298e+00,3.5418e+00
1.1255e+00,1.4396e+00,3.6251e+00
1.3653e+00,1.1290e+00,3.7151e+00
1.2654e+00,1.1879e+00,3.6542e+00
1.1879e+00,1.2654e+00,3.6542e+00
1.1290e+00,1.3653e+00,3.7151e+00
1.2930e+00,1.1347e+00,3.8130e+00
1.2032e+00,1.2032e+00,3.7797e+00
1.1347e+00,1.2930e+00,3.8130e+00
1.2230e+00,1.1432e+00,3.9214e+00
1.1432e+00,1.2230e+00,3.9214e+00
1.1553e+00,1.1553e+00,4.0437e+00
