1.4761e+00,1.8336e+00,2.0921e+00
4.6050e+00,3.8562e+00,4.9382e-01
3.7725e+00,3.1210e+00,1.3682e+00
3.5784e-01,4.7548e+00,3.8062e+00
5.6000e+00,4.4306e-01,3.3477e+00
3.9446e+00,3.8328e+00,9.1224e-01
1.1579e+00,2.1702e+00,3.0305e+00
6.9846e-02,7.3577e+00,2.6278e+00
2.1179e+00,2.2632e+00,1.8344e+00
1.1799e+00,6.6037e+00,2.3788e+00
8.0824e+00,7.7643e-01,1.6431e+00
4.6162e+00,4.4689e-02,4.1998e+00
4.2009e+00,3.8663e+00,7.4383e-01
4.3178e+00,3.9334e+00,6.1524e-01
2.7990e+00,2.3723e+00,1.7683e+00
6.9359e+00,2.3119e-01,2.8169e+00
4.1497e+00,3.4658e+00,1.0553e+00
2.2828e+00,8.0086e-01,5.1388e+00
2.2273e+00,1.1901e+00,2.8920e+00
8.5370e+00,1.0190e+00,8.9900e-01
2.0039e+00,1.9991e+00,1.8684e+00
4.8833e+00,9.8193e-01,3.1255e+00
9.3372e-01,2.6996e+00,4.0045e+00
2.9843e+00,2.4256e+00,1.7520e+00
1.5941e-01,7.9005e+00,2.1803e+00
9.8803e-01,1.7588e+00,4.3095e+00
2.3635e+00,9.0913e-01,4.4582e+00
2.7974e+00,3.8852e+00,1.5405e+00
7.2720e+00,8.5763e-01,2.2363e+00
1.2297e+00,1.7178e+00,2.6454e+00
1.3517e+00,7.9759e+00,1.2465e+00
2.2658e+00,1.0097e+00,3.9009e+00
3.0627e+00,2.6050e+00,1.6815e+00
2.2815e+00,1.1882e+00,2.9097e+00
2.1303e+00,1.0722e+00,3.5543e+00
2.6231e+00,4.0842e+00,1.6458e+00
1.3924e+00,1.4378e+00,2.3033e+00
1.0686e+00,5.0516e+00,3.0012e+00
3.7878e-01,7.0371e+00,2.6798e+00
8.2337e-01,9.3705e-01,5.0558e+00
4.1213e+00,3.5515e+00,1.0079e+00
1.3234e+00,6.4521e+00,2.3334e+00
6.0972e+00,2.1873e+00,1.6745e+00
1.3782e+00,1.4675e+00,2.2941e+00
1.2365e+00,6.1417e+00,2.5335e+00
1.4739e+00,1.3303e+00,2.3990e+00
1.1352e+00,1.4928e+00,3.4905e+00
3.0566e+00,4.5376e+00,1.2548e+00
3.1557e+00,1.0438e+00,3.3640e+00
9.7659e-03,3.4288e+00,5.9801e+00
3.7342e+00,3.2862e+00,1.2917e+00
5.2453e-01,4.5913e+00,3.7141e+00
3.5224e+00,5.6207e-01,4.4856e+00
1.5958e+00,1.3967e+00,2.1871e+00
2.7682e+00,1.0266e+00,3.5328e+00
2.6687e+00,2.5427e+00,1.7263e+00
2.1594e-01,6.1061e+00,3.2614e+00
1.1352e+00,4.7867e+00,2.9888e+00
1.4047e+00,1.5795e+00,2.1801e+00
3.0724e+00,4.0391e+00,1.3452e+00
2.9245e+00,3.3401e+00,1.5338e+00
2.0720e+00,7.9035e+00,3.7114e-01
1.5445e+00,1.7309e+00,2.0237e+00
3.1902e+00,7.7541e-01,4.2013e+00
4.3564e+00,5.8066e-01,3.7634e+00
7.1232e-01,6.4642e+00,2.7867e+00
1.8086e+00,1.2963e+00,2.4037e+00
4.0841e+00,8.0248e-01,3.5667e+00
1.1117e+00,1.9963e+00,3.3279e+00
3.5340e+00,4.0705e+00,1.0397e+00
2.5589e+00,9.8369e-01,3.8529e+00
1.3021e+00,1.7106e+00,2.3747e+00
3.1792e+00,4.6559e+00,1.1189e+00
1.8235e+00,1.2385e+00,2.6056e+00
5.8116e+00,2.4531e+00,1.5030e+00
8.6365e+00,1.4498e+00,1.4638e-01
4.2779e+00,3.0354e-01,4.1906e+00
1.8278e+00,1.4330e+00,2.1422e+00
9.2777e-01,2.4775e+00,4.2412e+00
5.0102e+00,3.6532e+00,4.6010e-01
4.1833e+00,3.1025e+00,1.2964e+00
1.8583e+00,1.2313e+00,2.6407e+00
5.0819e+00,3.1844e+00,9.7142e-01
2.3278e+00,8.7113e-01,4.7137e+00
3.2556e-01,3.0139e+00,6.0467e+00
1.0823e+00,3.4443e+00,3.2310e+00
3.5420e+00,1.0414e+00,3.2990e+00
9.1945e-01,2.2848e+00,4.4638e+00
3.3454e+00,2.9208e+00,1.5346e+00
4.6279e-01,3.6994e+00,4.5123e+00
2.1192e+00,8.3403e-01,5.0778e+00
7.1019e+00,1.5180e+00,1.8139e+00
8.0253e+00,9.0513e-01,1.5999e+00
1.9398e+00,1.7833e+00,1.9157e+00
3.4558e+00,9.6632e-01,3.4778e+00
3.3739e-01,2.9874e+00,6.0588e+00
1.7226e+00,1.9470e+00,1.9382e+00
1.2845e+00,1.8697e+00,2.4525e+00
6.3286e+00,2.1438e+00,1.6204e+00
3.7314e+00,8.2269e-01,3.6795e+00
4.5169e+00,2.7989e+00,1.4708e+00
1.3739e+00,1.5346e+00,2.2490e+00
3.7741e+00,2.9061e+00,1.4866e+00
3.0527e-02,1.3583e+00,8.6885e+00
1.7946e+00,1.6549e+00,1.9628e+00
3.3731e+00,2.9097e+00,1.5351e+00
1.3101e+00,1.3623e+00,2.7164e+00
8.8456e-01,3.4072e+00,3.6972e+00
2.3921e+00,9.9109e-01,3.9313e+00
5.1744e-01,4.6703e+00,3.6840e+00
2.8443e+00,1.0838e+00,3.3015e+00
6.2662e+00,2.5567e+00,1.1848e+00
1.4734e+00,1.8167e+00,2.0921e+00
4.6873e+00,3.6903e+00,6.1805e-01
4.1001e+00,3.5671e+00,1.0061e+00
3.4423e+00,8.2295e-01,3.8397e+00
8.9552e+00,5.0771e-01,7.3741e-01
2.2664e+00,1.1793e+00,2.9435e+00
6.1342e+00,3.3233e+00,8.2958e-02
4.5774e+00,2.5775e+00,1.6478e+00
1.0899e+00,3.5991e+00,3.2002e+00
5.3029e-02,4.3554e+00,4.4277e+00
7.2743e+00,1.7913e-01,2.6329e+00
1.7713e+00,1.1136e+00,3.4076e+00
3.2456e+00,4.9925e+00,9.4098e-01
2.2287e+00,7.6049e+00,5.1788e-01
1.1188e+00,2.4214e+00,3.2153e+00
1.3360e+00,1.5140e+00,2.3441e+00
1.7498e+00,1.1274e+00,3.3118e+00
4.3762e+00,3.9065e+00,5.9996e-01
2.3622e+00,1.1052e+00,3.2882e+00
1.0597e+00,4.5653e+00,3.1094e+00
4.7578e-01,8.2820e+00,1.6499e+00
3.8367e+00,3.9427e+00,9.1094e-01
7.8777e+00,5.2506e-01,1.9989e+00
8.0274e+00,1.9372e-02,2.1369e+00
1.6729e+00,1.7401e+00,1.9604e+00
3.1849e+00,5.4705e+00,8.0020e-01
3.1326e+00,1.1460e+00,3.1122e+00
5.4449e+00,3.5579e+00,2.8118e-01
5.4802e-01,3.4546e+00,4.6171e+00
8.2776e-01,5.5360e+00,3.0770e+00
1.6616e+00,1.5674e+00,2.0167e+00
3.3294e+00,4.8216e+00,9.2181e-01
4.7933e-01,2.7983e+00,5.9143e+00
2.2663e+00,2.4934e+00,1.7980e+00
1.5070e+00,1.4463e+00,2.1636e+00
2.7530e+00,3.5215e+00,1.5924e+00
1.9135e+00,1.0884e+00,3.5313e+00
1.0310e+00,2.8574e+00,3.4833e+00
1.0348e+00,2.1642e+00,3.7948e+00
1.5580e+00,1.8021e+00,2.0163e+00
4.3239e+00,1.8495e-02,4.4993e+00
5.3664e+00,3.3380e+00,6.5770e-01
1.0028e+00,2.6265e+00,3.7092e+00
8.2558e+00,1.0806e+00,1.2024e+00
2.4405e+00,1.0239e+00,3.7041e+00
1.4265e+00,1.8463e+00,2.1550e+00
6.9606e-01,6.4063e+00,2.8250e+00
4.3614e+00,2.5443e+00,1.6920e+00
4.3344e+00,3.2907e+00,1.1212e+00
3.0410e+00,4.2453e+00,1.3278e+00
2.4794e+00,3.0148e+00,1.7307e+00
4.7548e+00,7.4663e-01,3.4048e+00
6.5812e+00,2.9656e+00,3.4653e-01
1.9054e+00,1.8919e+00,1.8930e+00
4.4015e+00,3.5347e+00,9.0475e-01
1.0976e+00,1.2275e+00,4.0685e+00
3.2204e+00,5.3568e+00,8.1193e-01
1.0739e+00,1.3266e+00,4.0318e+00
3.3130e+00,3.2675e+00,1.4178e+00
7.9138e-01,7.2599e+00,2.2897e+00
7.9436e+00,2.1885e-01,2.1144e+00
6.6076e+00,2.5535e+00,9.7910e-01
4.0638e-01,3.2397e+00,5.4037e+00
3.8857e-01,3.2930e+00,5.3602e+00
2.0041e+00,9.1158e-01,4.6955e+00
6.7894e-01,3.7561e+00,3.9656e+00
3.9624e+00,4.2647e+00,6.2658e-01
1.8531e+00,1.5293e+00,2.0445e+00
5.1946e-01,3.4803e+00,4.6635e+00
6.9050e+00,5.6273e-01,2.6514e+00
3.6718e+00,1.1426e+00,3.1043e+00
8.3860e-01,3.2369e+00,3.9410e+00
1.3072e+00,1.7932e+00,2.3706e+00
6.5277e+00,1.7895e+00,1.8829e+00
7.2098e+00,2.2513e+00,9.1219e-01
4.2827e+00,3.4518e+00,1.0167e+00
4.0453e+00,3.8750e+00,8.2911e-01
1.5648e+00,1.5132e+00,2.0765e+00
3.3615e+00,6.0097e+00,1.3421e-01
2.2094e+00,9.8227e-01,4.1214e+00
5.4980e+00,3.9965e-01,3.4223e+00
3.5795e+00,5.5118e+00,1.8615e-01
3.0120e+00,4.5674e+00,1.2853e+00
2.5278e+00,2.7741e+00,1.7212e+00
4.4598e+00,2.7302e+00,1.5341e+00
3.3100e+00,4.9969e+00,8.7076e-01
8.1685e+00,1.7176e+00,5.5484e-01
7.4874e+00,4.4988e-01,2.3464e+00
6.2499e-01,5.5894e+00,3.2179e+00
2.7736e+00,6.2146e-01,5.4092e+00
4.1590e+00,2.9646e+00,1.3971e+00
2.6181e+00,1.0041e+00,3.7077e+00
1.3218e+00,1.3233e+00,2.8184e+00
3.5036e+00,3.2515e-01,5.1543e+00
5.2362e+00,5.4209e-01,3.4207e+00
4.4588e+00,4.1432e+00,2.9742e-01
1.0588e+00,3.2592e+00,3.3073e+00
7.2034e+00,1.3489e+00,1.8982e+00
1.2877e+00,1.8077e+00,2.4286e+00
1.1086e+00,3.2221e+00,3.1949e+00
3.1014e+00,1.0826e+00,3.2701e+00
3.6889e-01,6.6222e+00,2.9183e+00
1.6512e+00,1.6586e+00,1.9832e+00
1.0953e+00,2.4011e+00,3.3311e+00
5.0366e+00,3.8577e+00,1.4360e-01
3.8305e+00,2.6816e+00,1.6170e+00
8.1866e+00,1.8680e+00,2.7380e-01
2.3691e+00,2.4437e+00,1.7794e+00
1.1631e+00,1.4059e+00,3.4503e+00
1.1577e+00,1.8960e+00,3.0374e+00
2.9721e+00,3.0137e+00,1.5769e+00
2.5167e+00,7.5163e+00,7.6165e-02
2.3031e+00,1.0472e+00,3.6377e+00
2.9433e+00,3.2095e+00,1.5476e+00
1.5254e+00,1.2629e+00,2.5907e+00
1.0700e+00,2.8269e+00,3.3514e+00
3.9752e+00,4.4319e+00,4.9603e-01
2.7306e+00,2.9360e+00,1.6518e+00
3.2733e+00,1.0691e+00,3.2808e+00
1.3190e+00,1.1073e+00,3.8909e+00
3.6364e+00,3.8131e-01,4.7948e+00
4.4842e+00,8.3141e-02,4.2732e+00
1.3741e+00,7.9896e+00,1.2086e+00
4.8619e+00,1.5315e-01,3.9315e+00
6.0450e+00,2.9635e+00,7.7767e-01
1.0814e+00,7.3548e+00,2.0150e+00
2.9886e+00,4.7402e+00,1.2666e+00
2.0752e+00,8.0710e+00,7.2506e-02
6.6674e+00,6.7728e-01,2.7086e+00
1.8089e+00,1.3962e+00,2.1913e+00
1.8107e+00,1.5855e+00,1.9987e+00
1.2609e+00,1.3667e+00,2.9580e+00
1.0074e+00,3.2441e+00,3.4391e+00
2.6278e+00,6.6252e+00,8.6286e-01
4.1845e+00,2.7291e+00,1.5624e+00
8.8827e-01,1.7574e+00,4.8973e+00
1.4446e-01,4.8814e+00,3.9268e+00
1.0540e+00,3.5874e+00,3.2678e+00
7.2073e+00,1.6304e+00,1.6356e+00
7.7975e+00,1.5502e+00,1.2200e+00
3.4477e+00,3.5634e+00,1.2711e+00
6.6628e-01,7.7062e-01,5.4229e+00
2.8102e+00,2.4480e+00,1.7430e+00
9.4619e-01,1.7552e+00,4.5665e+00
1.7954e+00,1.0742e+00,3.6978e+00
5.7328e-01,3.1016e+00,5.0825e+00
2.0301e+00,2.2316e+00,1.8545e+00
4.0562e+00,4.8544e+00,6.6642e-03
3.8254e-01,9.0518e+00,6.7590e-01
2.5771e+00,5.2788e-01,6.0480e+00
1.3730e+00,1.3989e+00,2.4066e+00
1.6784e+00,1.4730e+00,2.0837e+00
3.0821e-01,3.1383e+00,5.8730e+00
6.0441e+00,3.5629e-01,3.2089e+00
4.4688e+00,1.3772e-01,4.2289e+00
1.6041e+00,1.9207e+00,1.9987e+00
5.7304e+00,2.9071e-01,3.3928e+00
6.5507e+00,3.1520e-01,2.9854e+00
7.2947e-01,6.4633e+00,2.7756e+00
3.5097e+00,2.9659e-01,5.2147e+00
4.4972e+00,3.9599e+00,4.6241e-01
1.3617e+00,1.8563e+00,2.2631e+00
3.9278e+00,3.3287e+00,1.2141e+00
4.7073e-01,4.8629e+00,3.6420e+00
8.0679e+00,1.3678e+00,1.1287e+00
9.1972e-01,3.4729e+00,3.5800e+00
3.8135e+00,3.1634e+00,1.3366e+00
4.3737e+00,3.6925e+00,7.8707e-01
1.0776e+00,4.0076e+00,3.1727e+00
1.1323e+00,2.0437e+00,3.1799e+00
1.2761e+00,8.0561e-01,5.1923e+00
4.2314e+00,2.9928e+00,1.3652e+00
2.7016e+00,3.3426e+00,1.6280e+00
2.1560e-01,6.4849e+00,3.0726e+00
5.1725e+00,3.0203e+00,1.1131e+00
4.8930e+00,2.9605e+00,1.2549e+00
8.9674e-01,1.4014e+00,4.8227e+00
4.1449e+00,3.5819e+00,9.7744e-01
8.9143e-01,8.7074e+00,7.7501e-01
1.1816e+00,2.0700e+00,2.9038e+00
1.1380e+00,1.7319e+00,3.2394e+00
3.3929e+00,2.4158e-01,5.5672e+00
3.1478e+00,5.6471e+00,7.5571e-01
8.4480e+00,5.1894e-01,1.4390e+00
9.3470e-01,2.4394e+00,4.2353e+00
3.6782e+00,5.2381e+00,2.5418e-01
1.2577e+00,1.0729e+00,4.1155e+00
2.9226e+00,2.8507e+00,1.6237e+00
2.6567e+00,4.4788e+00,1.5918e+00
4.1369e+00,1.0181e+00,3.2365e+00
4.4613e+00,2.8629e-01,4.0674e+00
1.7454e+00,1.6152e+00,1.9828e+00
3.1232e+00,4.7804e+00,1.1334e+00
1.1193e+00,4.6982e+00,3.0209e+00
2.5989e+00,7.3234e+00,1.9190e-01
3.8993e+00,3.2959e+00,1.2412e+00
4.7557e+00,3.2819e+00,9.9258e-01
3.7562e+00,3.2057e+00,1.3271e+00
1.6639e+00,1.2218e+00,2.7014e+00
9.0686e+00,2.3931e-01,7.6208e-01
1.6614e+00,1.6861e+00,1.9735e+00
2.5937e-01,6.0597e+00,3.2590e+00
4.4451e+00,2.8436e+00,1.4450e+00
3.3119e+00,6.1394e+00,1.0228e-01
6.4049e-01,3.7291e+00,4.0711e+00
5.9569e+00,2.3908e+00,1.5154e+00
3.4756e+00,3.1087e+00,1.4352e+00
2.0524e+00,1.7082e+00,1.9577e+00
1.4271e+00,1.3806e+00,2.3407e+00
3.8949e-01,6.3145e+00,3.0616e+00
3.4258e+00,3.2855e+00,1.3785e+00
1.4791e+00,1.2281e+00,2.8596e+00
2.9493e+00,5.0789e+00,1.2152e+00
1.6454e+00,1.3206e+00,2.3282e+00
2.0792e-01,3.2667e+00,5.8896e+00
4.9948e+00,3.3053e+00,8.7668e-01
7.8550e+00,1.7282e+00,9.4974e-01
1.6677e+00,1.8869e+00,1.9587e+00
3.3502e+00,6.9480e-01,4.2987e+00
1.0314e+00,1.4929e+00,4.1305e+00
2.7233e-01,3.5099e+00,5.2736e+00
2.9316e-05,3.5109e+00,5.8336e+00
8.9605e-01,4.2227e+00,3.3857e+00
6.5946e+00,3.0097e+00,2.4475e-01
5.4668e-01,4.7544e+00,3.6148e+00
4.3966e+00,3.4286e+00,9.9284e-01
3.7110e+00,4.3252e+00,7.9681e-01
4.7350e+00,2.4727e+00,1.7223e+00
1.3057e+00,1.3979e+00,2.6264e+00
3.7283e+00,4.9034e-01,4.4131e+00
1.3870e+00,1.1982e+00,3.2763e+00
6.4516e+00,3.1863e+00,2.1597e-02
1.3363e-01,8.9289e+00,1.0617e+00
6.4939e+00,2.4063e+00,1.2397e+00
7.8148e+00,1.6558e+00,1.0823e+00
5.3097e+00,3.7581e+00,4.8456e-02
3.5712e+00,2.8555e+00,1.5363e+00
4.1680e+00,6.8200e-01,3.7149e+00
3.1506e+00,6.5537e-02,6.4154e+00
4.7485e+00,1.1777e+00,2.9512e+00
1.8743e+00,1.3679e+00,2.2564e+00
3.4806e+00,5.3420e+00,4.7661e-01
2.2402e+00,9.2252e-01,4.4808e+00
9.7443e-01,1.1532e+00,4.5490e+00
2.0671e+00,2.3825e+00,1.8509e+00
1.5212e+00,1.4388e+00,2.1630e+00
3.7696e+00,4.0315e+00,9.0546e-01
6.7619e+00,2.9490e+00,1.7828e-01
3.5042e+00,5.1628e+00,5.5766e-01
6.2687e+00,2.8692e+00,7.6745e-01
9.0828e-01,2.6400e+00,4.1933e+00
2.9446e+00,5.8001e+00,9.4088e-01
2.8972e+00,6.9572e+00,3.6416e-02
2.6626e-01,4.1476e+00,4.3656e+00
2.9543e+00,7.6643e-01,4.5189e+00
4.8108e-01,2.7117e+00,6.0362e+00
1.5620e+00,1.4075e+00,2.1824e+00
3.5436e+00,1.0725e+00,3.2387e+00
1.0999e+00,3.7849e+00,3.1647e+00
1.5151e+00,1.2996e+00,2.4516e+00
2.2458e+00,7.1686e+00,9.5694e-01
3.0793e+00,4.0797e+00,1.3329e+00
1.0900e+00,2.3251e+00,3.3765e+00
2.2790e+00,7.4168e+00,6.6137e-01
3.7703e+00,4.7077e-01,4.4079e+00
6.0517e+00,2.6223e+00,1.2145e+00
3.0204e+00,2.6710e+00,1.6611e+00
3.6498e+00,5.4683e+00,9.5910e-02
3.1413e+00,3.6353e+00,1.3866e+00
1.4471e+00,1.6754e+00,2.1108e+00
6.0488e-01,3.5259e+00,4.3628e+00
1.7635e+00,1.1476e+00,3.1487e+00
8.8357e-01,9.3654e-01,4.9358e+00
1.3883e+00,1.3114e+00,2.6289e+00
7.6469e+00,1.3146e+00,1.5941e+00
3.0875e+00,5.0710e+00,1.0772e+00
7.3175e-01,4.4184e+00,3.5398e+00
3.5603e+00,3.4992e+00,1.2512e+00
3.2762e+00,2.7513e+00,1.6110e+00
4.3707e-01,6.0613e+00,3.1509e+00
2.9417e+00,3.8139e+00,1.4611e+00
3.8083e+00,5.3287e-01,4.2332e+00
1.1106e+00,3.0018e+00,3.2048e+00
1.4724e+00,1.3324e+00,2.3946e+00
3.7171e+00,6.3937e-01,4.0838e+00
2.2611e+00,6.5110e+00,1.4000e+00
5.3225e+00,2.9371e+00,1.1505e+00
3.1639e+00,7.4371e-01,4.3473e+00
4.0211e+00,3.9335e+00,8.0492e-01
4.0278e+00,1.0342e-01,4.7542e+00
3.1091e+00,3.0588e+00,1.5332e+00
6.2520e+00,2.8708e+00,7.7651e-01
1.0685e+00,7.6018e+00,1.8415e+00
7.9007e+00,2.4468e-01,2.1375e+00
4.7418e+00,3.5249e-01,3.8186e+00
3.3784e+00,3.5704e+00,1.2976e+00
1.1754e-01,5.4583e+00,3.6318e+00
3.4914e+00,3.5359e-01,5.1025e+00
8.0998e+00,2.0066e+00,1.6302e-01
4.9418e+00,3.3024e+00,9.0152e-01
8.7820e-01,4.2016e+00,3.4163e+00
3.1584e+00,6.3027e+00,2.5111e-01
6.0628e-01,3.0699e+00,5.0097e+00
5.1619e+00,3.6516e+00,3.5496e-01
1.1963e+00,2.2785e+00,2.8779e+00
3.0216e+00,4.2204e+00,1.3464e+00
1.1773e+00,1.2884e+00,3.6386e+00
4.0438e+00,4.4127e-01,4.1861e+00
3.3687e-01,2.9580e+00,6.1103e+00
4.6178e+00,2.0442e-01,4.0443e+00
4.3812e+00,5.3956e-01,3.8042e+00
3.8009e+00,1.1148e+00,3.1397e+00
4.9441e+00,3.5566e+00,6.2007e-01
4.4618e+00,3.0528e+00,1.2747e+00
5.2260e+00,2.5353e+00,1.5858e+00
2.2686e+00,1.1217e+00,3.2148e+00
4.5421e+00,6.0727e-01,3.6414e+00
1.6621e+00,1.9452e+00,1.9671e+00
6.3536e-01,5.9010e+00,3.0871e+00
4.5906e-01,3.3341e+00,5.0759e+00
5.4415e+00,2.9584e+00,1.0834e+00
2.1583e+00,2.1828e+00,1.8321e+00
2.4920e+00,7.0830e+00,6.7406e-01
4.3142e+00,5.0547e-01,3.8885e+00
1.2190e+00,1.4671e+00,2.9444e+00
1.2609e+00,1.5738e+00,2.5563e+00
1.8610e+00,1.2547e+00,2.5490e+00
7.5226e-01,3.7210e+00,3.8321e+00
4.5740e+00,6.5877e-01,3.5678e+00
3.0815e+00,6.8767e-01,4.6735e+00
3.4317e+00,7.6414e-01,4.0095e+00
4.0931e+00,2.7653e+00,1.5443e+00
3.9620e+00,9.4872e-01,3.3751e+00
5.0818e-01,5.5059e+00,3.3392e+00
1.7826e+00,1.2735e+00,2.4692e+00
2.4968e+00,2.5300e+00,1.7500e+00
1.0699e+00,1.7971e+00,3.7293e+00
5.1479e+00,3.7870e+00,1.5530e-01
4.9639e+00,6.8675e-01,3.3935e+00
2.9830e+00,3.1415e+00,1.5476e+00
2.0479e+00,1.9449e+00,1.8740e+00
4.9406e+00,3.2026e+00,1.0047e+00
2.3933e+00,2.9676e+00,1.7648e+00
3.0321e+00,6.2433e+00,5.3291e-01
3.9955e+00,4.5961e+00,3.4457e-01
7.2191e-01,3.3595e+00,4.2029e+00
2.6960e+00,4.6833e+00,1.5338e+00
8.9530e-01,2.7733e+00,4.1279e+00
3.4521e+00,4.1816e+00,1.0532e+00
1.7077e+00,1.8279e+00,1.9415e+00
1.0179e-01,8.0836e-01,8.6195e+00
2.8538e+00,2.7244e+00,1.6641e+00
2.7517e+00,9.0362e-01,4.1079e+00
3.8378e+00,3.5420e+00,1.1255e+00
1.3434e+00,8.8388e-01,4.8705e+00
6.8964e+00,2.6621e+00,5.7836e-01
9.9983e-01,9.6611e-01,4.7187e+00
1.6441e+00,1.6226e+00,1.9964e+00
3.3363e-01,6.9069e+00,2.7807e+00
5.9367e-01,2.6437e+00,5.7049e+00
2.7536e+00,6.3573e+00,8.7329e-01
3.8381e+00,4.1306e+00,8.0555e-01
2.3067e+00,2.5812e+00,1.7869e+00
2.6169e+00,8.8877e-01,4.3225e+00
5.5487e+00,3.2695e+00,6.4572e-01
9.4905e-01,5.6943e+00,2.9251e+00
1.1935e+00,8.1996e+00,1.1579e+00
3.8997e+00,3.9977e+00,8.4085e-01
3.2776e+00,5.1841e+00,8.2466e-01
2.4283e+00,3.2873e+00,1.7620e+00
2.7849e+00,2.8014e+00,1.6595e+00
3.9905e+00,1.1169e+00,3.1187e+00
1.6530e+00,1.0800e+00,3.7345e+00
4.9118e-01,5.6090e+00,3.3095e+00
1.8783e+00,2.0721e+00,1.8906e+00
1.2835e+00,1.4040e+00,2.7141e+00
4.7685e-01,2.8034e+00,5.9151e+00
1.4727e+00,7.6938e+00,1.4008e+00
4.0314e+00,1.9247e-01,4.6122e+00
3.3294e+00,2.8449e+00,1.5673e+00
2.9900e+00,5.4996e+00,1.0236e+00
2.3241e+00,8.5706e-01,4.7971e+00
3.2890e+00,3.7006e+00,1.2995e+00
3.0428e+00,3.3344e+00,1.4898e+00
2.7767e+00,7.1284e+00,7.4754e-02
3.9814e+00,4.6404e+00,3.2386e-01
3.1149e+00,6.0502e+00,5.4610e-01
5.4272e+00,6.2199e-01,3.2820e+00
5.2641e+00,1.3886e-01,3.7167e+00
1.9785e+00,7.9118e-01,5.3712e+00
9.4714e-01,3.1409e+00,3.6517e+00
6.4203e-01,9.4368e-01,5.6147e+00
1.5576e+00,1.1379e+00,3.3916e+00
9.1948e-02,4.2391e+00,4.5062e+00
1.1271e+00,2.8149e+00,3.1658e+00
6.0112e+00,3.1333e+00,5.4549e-01
2.5955e+00,7.0164e+00,5.7091e-01
4.6593e-01,5.8497e+00,3.2255e+00
1.8175e+00,9.1899e-01,4.7141e+00
4.8871e+00,2.9444e+00,1.2715e+00
7.0855e+00,2.6251e+00,4.4445e-01
9.3818e+00,9.9907e-02,2.2661e-01
4.6024e+00,5.6154e-01,3.6670e+00
1.1788e+00,1.9213e+00,2.9071e+00
2.8801e+00,4.0188e+00,1.4737e+00
2.4369e+00,5.5425e+00,1.6049e+00
2.8645e+00,2.8646e+00,1.6318e+00
1.8322e+00,7.5841e+00,1.1055e+00
1.4736e-01,7.4198e+00,2.5502e+00
1.2650e+00,1.8185e+00,2.5038e+00
2.7038e+00,6.8612e-01,5.2290e+00
3.4601e+00,4.2106e+00,1.0371e+00
1.1291e+00,1.1325e+00,4.1612e+00
6.2232e-01,3.5711e+00,4.2653e+00
9.5829e-01,4.4256e+00,3.2558e+00
2.4774e+00,3.2331e+00,1.7350e+00
2.7988e+00,3.6283e+00,1.5606e+00
4.2935e+00,3.3958e+00,1.0548e+00
5.2022e+00,9.5334e-01,3.0711e+00
5.3592e+00,9.0858e-01,3.0655e+00
1.0112e+00,8.9240e+00,2.2284e-01
1.7888e+00,6.6499e+00,1.8219e+00
2.6117e+00,3.4890e+00,1.6676e+00
2.6462e+00,6.8643e+00,6.3522e-01
9.2477e-01,6.2115e-01,5.6778e+00
6.4534e+00,2.6580e+00,9.4186e-01
3.0249e+00,1.0300e+00,3.4356e+00
5.3860e+00,2.3606e+00,1.7201e+00
1.4785e-02,4.4149e+00,4.4087e+00
4.7160e+00,3.7149e+00,5.7442e-01
1.1234e+00,1.8559e+00,3.2907e+00
9.5460e-01,4.5701e+00,3.2274e+00
1.8322e+00,1.1412e+00,3.1674e+00
7.1489e+00,2.5678e+00,4.7640e-01
1.2179e-01,3.5608e+00,5.5099e+00
3.3150e+00,2.6327e+00,1.6608e+00
7.8240e+00,1.4797e+00,1.2692e+00
2.8892e+00,4.1749e+00,1.4480e+00
6.0117e+00,3.3683e+00,1.1773e-01
2.3690e+00,2.7492e+00,1.7688e+00
2.8197e+00,3.2222e+00,1.5894e+00
2.1371e+00,2.0510e+00,1.8510e+00
5.0421e+00,2.5211e+00,1.6354e+00
1.5170e+00,1.2638e+00,2.5962e+00
1.7180e-01,6.1884e+00,3.2453e+00
1.9835e+00,1.1526e+00,3.0600e+00
1.1097e-01,5.3831e+00,3.6740e+00
2.4155e+00,7.3979e+00,4.5344e-01
1.1259e+00,1.9436e+00,3.2436e+00
3.4322e+00,3.1989e+00,1.4093e+00
2.8408e+00,3.0677e+00,1.6026e+00
2.1637e+00,7.0252e+00,1.1807e+00
2.2297e+00,2.0453e+00,1.8507e+00
1.5885e-01,5.7284e+00,3.4747e+00
4.0236e+00,2.6008e+00,1.6641e+00
1.6277e+00,1.4933e+00,2.0722e+00
3.0693e+00,5.5465e+00,9.0775e-01
9.0634e-02,8.5524e+00,1.5785e+00
3.1795e+00,7.2047e-01,4.4147e+00
5.1610e+00,1.5920e-01,3.7564e+00
3.3689e+00,4.2922e+00,1.0754e+00
5.6425e+00,4.2990e-01,3.3389e+00
1.2083e+00,1.5463e+00,2.8835e+00
3.2325e+00,5.7974e+00,5.4141e-01
2.4599e+00,2.4061e+00,1.7720e+00
2.3677e+00,5.4048e+00,1.7088e+00
5.7149e+00,9.5857e-01,2.9104e+00
3.9015e-01,7.5353e+00,2.3453e+00
3.2862e+00,6.2966e-01,4.5957e+00
1.1447e+00,2.5196e+00,3.1052e+00
3.5520e+00,4.1812e-01,4.8330e+00
3.8697e+00,5.0970e+00,6.3338e-02
3.7183e+00,5.2177e+00,2.0639e-01
2.0556e+00,1.2177e+00,2.7403e+00
2.0418e+00,1.8091e+00,1.9115e+00
6.9194e+00,2.5112e+00,7.9604e-01
6.2825e+00,1.1836e+00,2.5203e+00
2.4086e+00,6.0014e+00,1.4786e+00
2.7682e+00,3.4386e+00,1.5908e+00
5.0043e+00,1.1877e+00,2.8962e+00
6.9080e+00,1.6667e+00,1.7952e+00
6.8553e+00,8.1249e-01,2.5187e+00
1.9478e+00,1.7765e+00,1.9180e+00
9.2641e-01,4.4406e+00,3.2911e+00
2.2217e+00,2.1956e+00,1.8240e+00
4.7496e-01,3.3879e+00,4.9375e+00
4.4382e+00,3.8300e+00,6.2979e-01
3.0564e-01,4.4247e+00,4.0714e+00
1.7894e+00,1.0693e+00,3.7372e+00
1.2175e+00,1.7315e+00,2.7052e+00
5.9447e+00,2.8391e+00,1.0014e+00
1.5978e+00,1.5124e+00,2.0653e+00
4.2559e+00,4.3690e+00,2.6078e-01
5.3880e-01,4.6361e+00,3.6768e+00
2.5034e+00,2.3139e+00,1.7866e+00
1.5412e+00,1.7959e+00,2.0281e+00
8.9528e-01,2.8384e+00,4.0657e+00
9.1208e+00,7.3772e-01,1.4758e-01
2.6666e-01,4.0056e+00,4.5230e+00
1.7755e+00,1.8928e+00,1.9183e+00
1.6942e+00,1.8457e+00,1.9461e+00
3.0387e+00,4.2066e+00,1.3367e+00
3.0722e-01,4.2703e+00,4.1921e+00
1.9151e+00,1.8169e+00,1.9066e+00
3.5873e+00,3.5863e+00,1.2047e+00
4.0269e+00,1.1323e+00,3.0937e+00
3.8503e+00,3.8793e-01,4.4873e+00
3.6900e+00,6.5461e-01,4.0721e+00
3.6756e+00,8.4305e-01,3.6635e+00
6.2227e-01,4.9168e+00,3.4730e+00
2.7573e+00,6.6533e+00,6.4399e-01
6.9733e-01,3.3154e+00,4.3307e+00
2.8230e+00,3.9879e+00,1.5147e+00
1.3237e+00,1.3749e+00,2.6179e+00
1.0629e+00,2.3546e+00,3.5206e+00
3.1008e+00,4.3735e+00,1.2565e+00
1.5257e+00,1.8603e+00,2.0487e+00
3.0515e+00,2.6810e+00,1.6552e+00
2.0999e+00,7.7914e+00,4.8672e-01
4.6773e+00,2.9836e+00,1.2855e+00
2.2710e+00,6.6663e+00,1.2978e+00
2.8932e+00,2.2942e+00,1.8030e+00
1.9871e+00,1.8802e+00,1.8895e+00
7.9448e+00,6.7398e-01,1.8443e+00
2.8899e+00,1.0443e+00,3.4260e+00
1.1821e+00,1.8467e+00,2.8910e+00
2.5119e-01,3.0589e+00,6.1677e+00
2.7848e+00,9.0315e-01,4.0787e+00
4.4192e+00,3.7789e+00,6.8759e-01
1.3475e+00,1.6114e+00,2.2716e+00
2.2212e+00,2.1025e+00,1.8385e+00
7.2314e+00,1.9539e+00,1.2718e+00
4.5846e+00,7.7031e-01,3.4350e+00
1.2500e+00,1.7042e+00,2.5553e+00
7.1249e-01,3.4030e+00,4.1871e+00
1.4451e+00,7.9304e-01,5.3313e+00
4.2679e-01,5.3696e+00,3.4574e+00
3.5240e+00,2.4669e-01,5.3086e+00
1.6319e+00,1.4498e+00,2.1122e+00
3.7501e+00,3.7800e+00,1.0428e+00
2.6261e+00,2.9324e+00,1.6821e+00
2.8018e+00,1.0286e+00,3.5121e+00
7.4415e+00,1.9026e+00,1.1541e+00
3.9464e+00,9.3965e-01,3.3934e+00
4.9697e+00,9.3392e-01,3.1517e+00
1.8976e+00,1.1476e+00,3.1039e+00
5.0767e+00,3.7468e+00,2.8068e-01
7.6369e+00,2.3812e+00,1.8187e-01
4.8353e+00,3.6685e-02,4.0446e+00
2.6993e+00,2.3795e+00,1.7655e+00
5.8289e-01,3.8963e+00,4.0537e+00
4.1943e+00,1.0866e+00,3.1356e+00
1.7868e+00,1.8105e+00,1.9222e+00
5.3474e+00,3.6146e+00,2.6715e-01
6.2970e-02,4.4115e+00,4.3612e+00
5.4073e+00,3.4298e+00,5.0671e-01
2.9527e+00,3.0192e+00,1.5805e+00
5.3633e+00,3.3882e+00,5.9231e-01
2.4320e+00,1.1412e+00,3.1172e+00
6.8970e-01,3.1947e+00,4.5086e+00
1.5177e+00,1.3054e+00,2.4295e+00
2.1233e+00,1.0024e+00,4.0430e+00
4.6313e+00,3.0312e+00,1.2547e+00
8.6574e-01,3.9645e+00,3.5083e+00
1.3932e+00,8.6149e-01,4.9862e+00
3.7517e+00,4.9573e+00,3.6680e-01
2.1900e-02,7.0052e+00,2.8735e+00
3.2073e+00,4.2919e+00,1.1956e+00
3.8310e-02,4.7835e+00,4.0792e+00
3.9387e+00,4.3529e+00,5.8670e-01
3.8600e+00,5.0354e+00,1.4098e-01
4.0720e+00,4.1394e+00,6.2736e-01
1.8286e-01,7.5390e+00,2.4493e+00
8.3386e+00,1.7176e+00,2.6949e-01
7.3802e+00,3.4571e-02,2.6281e+00
9.6046e-01,4.1433e+00,3.3155e+00
3.7934e+00,3.9284e+00,9.4423e-01
2.0312e+00,1.8903e+00,1.8865e+00
1.5791e+00,1.6837e+00,2.0069e+00
4.8634e+00,1.0683e-01,3.9692e+00
3.8536e+00,2.8756e+00,1.4954e+00
8.9070e-01,2.4588e+00,4.4756e+00
6.6541e+00,2.0575e+00,1.5454e+00
8.7559e+00,1.2622e+00,2.0639e-01
4.4841e+00,6.2140e-01,3.6501e+00
5.4380e+00,3.0263e+00,1.0070e+00
1.4081e-01,4.4665e+00,4.2274e+00
1.7016e+00,6.6279e+00,1.9166e+00
1.2766e+00,1.5919e+00,2.4807e+00
1.1220e+00,1.3687e+00,3.7460e+00
1.2705e-01,4.6691e+00,4.0831e+00
1.6590e+00,6.6856e+00,1.9267e+00
1.9203e+00,1.8345e+00,1.9023e+00
2.4767e+00,2.2358e+00,1.8058e+00
2.5322e+00,6.5396e+00,1.0534e+00
1.1271e+00,2.8774e+00,3.1642e+00
1.5982e+00,1.4633e+00,2.1056e+00
2.1268e+00,7.7832e-01,5.3666e+00
2.0843e+00,1.8341e+00,1.9057e+00
4.4497e+00,9.0975e-01,3.3091e+00
6.1018e+00,3.1370e+00,4.7029e-01
1.2341e+00,1.2983e+00,3.3501e+00
2.5915e+00,4.8754e+00,1.5980e+00
2.8928e+00,1.0412e+00,3.4357e+00
3.9808e+00,2.4998e-01,4.5817e+00
1.2124e+00,1.6833e+00,2.7468e+00
4.5029e+00,1.1591e+00,3.0072e+00
3.6167e+00,4.6728e+00,7.0195e-01
7.6823e-01,3.4114e+00,4.0148e+00
2.1597e+00,1.9595e+00,1.8709e+00
8.0175e-01,4.8175e+00,3.3272e+00
3.8083e+00,9.2272e-01,3.4598e+00
1.0744e+00,3.3675e+00,3.2565e+00
3.5142e+00,2.9756e+00,1.4861e+00
1.4140e+00,1.3373e+00,2.4725e+00
8.6026e+00,8.9645e-01,9.2864e-01
1.5844e+00,1.1749e+00,3.0783e+00
3.0565e+00,5.2891e+00,1.0319e+00
6.5410e+00,7.7162e-01,2.7095e+00
1.3826e+00,1.5894e+00,2.2112e+00
3.9349e+00,4.5903e+00,4.1846e-01
3.6028e+00,3.0157e+00,1.4531e+00
9.3783e-01,2.7924e+00,3.9079e+00
3.6509e+00,4.3707e-01,4.6385e+00
1.9808e+00,1.2027e+00,2.7894e+00
1.7518e+00,1.9792e+00,1.9286e+00
1.8594e+00,1.4216e+00,2.1650e+00
2.9837e+00,4.0903e+00,1.3948e+00
4.4164e+00,9.5731e-01,3.2590e+00
4.5439e+00,2.6095e+00,1.6242e+00
2.7670e+00,5.6209e-01,5.6568e+00
5.1562e-01,2.5044e+00,6.1830e+00
9.9418e-01,1.3419e+00,4.3783e+00
5.8381e+00,3.1974e+00,5.6741e-01
4.5012e+00,3.7886e+00,6.3000e-01
1.0585e+00,4.1073e+00,3.1856e+00
5.2820e+00,2.8261e+00,1.2810e+00
3.7502e+00,3.6942e+00,1.0848e+00
1.0558e+00,1.1230e+00,4.3552e+00
5.9093e+00,1.1103e+00,2.7211e+00
4.8704e+00,1.2285e-01,3.9516e+00
2.7745e-01,4.8269e+00,3.8426e+00
1.5457e+00,1.7633e+00,2.0230e+00
1.9501e+00,1.1015e+00,3.4178e+00
2.7908e+00,3.2537e+00,1.5971e+00
2.4256e+00,7.6184e-01,5.2056e+00
3.5173e+00,3.9807e+00,1.0848e+00
7.6485e+00,1.4199e+00,1.4935e+00
3.6495e+00,2.7627e+00,1.5787e+00
4.0218e+00,4.7398e+00,1.8104e-01
3.8928e+00,4.3847e+00,6.0669e-01
1.5063e+00,1.4697e+00,2.1411e+00
3.4467e+00,5.0069e+00,7.1411e-01
1.9667e+00,1.1117e+00,3.3374e+00
9.5238e-01,2.8829e+00,3.7792e+00
1.7219e+00,1.6473e+00,1.9718e+00
1.7304e+00,1.2421e+00,2.5866e+00
3.8922e+00,8.6753e-01,3.5299e+00
4.8180e+00,8.0354e-01,3.3252e+00
4.0852e+00,3.9282e+00,7.6900e-01
2.0451e-01,5.3868e+00,3.6101e+00
2.4919e+00,2.3988e+00,1.7702e+00
3.1222e+00,4.1105e+00,1.2981e+00
2.8869e+00,2.5344e+00,1.7133e+00
1.0501e+00,1.6034e+00,3.9661e+00
1.9949e+00,6.9729e+00,1.4159e+00
6.5940e+00,1.0878e+00,2.4551e+00
2.5189e+00,3.2868e+00,1.7156e+00
9.0224e-01,7.1015e+00,2.3134e+00
6.5214e+00,3.1450e+00,3.1482e-02
2.8842e+00,5.4781e+00,1.1529e+00
1.9147e+00,1.1586e+00,3.0287e+00
6.9398e+00,4.9690e-01,2.6705e+00
3.8968e+00,7.5735e-01,3.7243e+00
7.1259e-01,3.4086e+00,4.1810e+00
1.1222e-01,4.0194e+00,4.7526e+00
4.7277e+00,3.3318e+00,9.5541e-01
4.5549e+00,3.2678e+00,1.0724e+00
5.1810e-01,3.7235e+00,4.3549e+00
3.9394e+00,3.1010e+00,1.3464e+00
3.6360e+00,3.7246e+00,1.1244e+00
2.3986e+00,2.4178e+00,1.7776e+00
3.6987e+00,3.2318e+00,1.3280e+00
1.3278e+00,1.4543e+00,2.4322e+00
3.8615e+00,4.1957e+00,7.5059e-01
3.0622e+00,3.4589e+00,1.4579e+00
5.7517e+00,2.6623e-02,3.5380e+00
5.4708e+00,2.7245e+00,1.3289e+00
1.7447e+00,1.8312e+00,1.9299e+00
3.7691e+00,2.8275e+00,1.5324e+00
4.1027e+00,4.4091e+00,3.8593e-01
1.1402e+00,7.4716e+00,1.8838e+00
4.6037e+00,4.1524e+00,1.4057e-01
1.8616e+00,6.7442e+00,1.6987e+00
8.3393e+00,1.5108e+00,5.9563e-01
3.8106e+00,7.3776e-02,5.1399e+00
5.8226e-01,3.1041e+00,5.0452e+00
2.9447e+00,3.2179e+00,1.5457e+00
7.5002e+00,2.5178e-01,2.4432e+00
6.6841e-01,3.1037e+00,4.7171e+00
2.3890e+00,2.1557e+00,1.8256e+00
2.5947e+00,1.1181e+00,3.2062e+00
7.3124e-01,2.8216e+00,4.8591e+00
8.3743e+00,1.6058e+00,3.9482e-01
3.9004e+00,3.1684e+00,1.3146e+00
2.7403e+00,5.3135e+00,1.3600e+00
1.1242e+00,8.8027e+00,3.1911e-01
3.4502e+00,7.3903e-01,4.0647e+00
2.9611e+00,4.0738e+00,1.4125e+00
4.3322e+00,9.4925e-02,4.4036e+00
3.1291e+00,4.6190e+00,1.1732e+00
5.2014e-01,4.7577e+00,3.6408e+00
1.1106e+00,5.3665e+00,2.8856e+00
3.6962e-01,8.1542e+00,1.8423e+00
9.0780e-01,2.0768e+00,4.6809e+00
3.7275e+00,8.8192e-01,3.5630e+00
3.2122e+00,6.1677e+00,2.7757e-01
1.2597e-01,3.6240e+00,5.3816e+00
3.2767e+00,9.5408e-01,3.5710e+00
2.3176e+00,2.5257e+00,1.7850e+00
3.0120e+00,1.0400e+00,3.4078e+00
7.2737e+00,1.4698e+00,1.7417e+00
4.0946e+00,5.9241e-01,3.8959e+00
7.3024e+00,2.5606e+00,3.0090e-01
2.0467e+00,1.1630e+00,2.9983e+00
3.9154e+00,1.0924e+00,3.1624e+00
1.9237e+00,6.2926e+00,1.8596e+00
2.8505e+00,6.7242e+00,4.1753e-01
1.2542e+00,8.1852e+00,1.1127e+00
1.8826e+00,1.2886e+00,2.4439e+00
5.0855e+00,3.7126e+00,3.2399e-01
1.3351e+00,6.3674e+00,2.3608e+00
1.1264e-01,9.6165e-02,6.2310e+00
9.8451e-01,3.2468e+00,3.4993e+00
2.9275e+00,1.1172e+00,3.1907e+00
8.2083e-01,3.9869e+00,3.5743e+00
6.4884e+00,1.7489e+00,1.9402e+00
8.7333e+00,1.0623e+00,5.3554e-01
2.9276e+00,1.0900e+00,3.2705e+00
3.5813e+00,5.1674e+00,4.5113e-01
3.5727e+00,4.2514e+00,9.3886e-01
8.7904e+00,1.2312e+00,1.8061e-01
2.7431e+00,1.0069e+00,3.6270e+00
3.3715e+00,3.4559e+00,1.3374e+00
3.0628e+00,3.4969e+00,1.4503e+00
4.9421e+00,3.3358e+00,8.6636e-01
4.1018e+00,5.0217e-01,4.0373e+00
2.6228e+00,6.5256e+00,9.4128e-01
1.7979e+00,7.9428e+00,7.5131e-01
8.4397e+00,1.5023e+00,4.4295e-01
1.0524e+00,2.6591e+00,3.4632e+00
3.7604e+00,3.8707e+00,9.9244e-01
3.3033e+00,2.9733e+00,1.5211e+00
3.4622e+00,2.7848e+00,1.5810e+00
3.4565e-01,3.9633e+00,4.4349e+00
1.6338e+00,1.7844e+00,1.9723e+00
1.1720e+00,2.2233e+00,2.9686e+00
1.7604e+00,1.9361e+00,1.9232e+00
1.9148e+00,1.9964e+00,1.8819e+00
3.4989e-01,6.7596e+00,2.8549e+00
1.4528e+00,1.3232e+00,2.4487e+00
2.2398e+00,1.0475e+00,3.6682e+00
2.4260e+00,1.0666e+00,3.4734e+00
6.0949e+00,8.9859e-01,2.8171e+00
2.9702e+00,4.9024e+00,1.2434e+00
2.0730e+00,1.8084e+00,1.9144e+00
1.8837e+00,1.0911e+00,3.5245e+00
5.2284e+00,3.2084e+00,8.8504e-01
2.1000e+00,1.7723e+00,1.9329e+00
4.0893e+00,3.1685e+00,1.2720e+00
2.9504e+00,8.4248e-01,4.1907e+00
2.9350e-02,2.8526e+00,7.0033e+00
9.6599e-01,2.3183e+00,4.1454e+00
9.8574e-01,2.8870e+00,3.6427e+00
2.5476e+00,2.1912e+00,1.8206e+00
2.3793e+00,5.9512e+00,1.5300e+00
1.2621e+00,1.8461e+00,2.5195e+00
2.9930e-01,7.8354e+00,2.1632e+00
5.4895e+00,2.5325e+00,1.5228e+00
3.1856e+00,6.0983e+00,3.8897e-01
2.4068e-01,5.5093e+00,3.5273e+00
7.6819e-01,6.8193e-01,5.3902e+00
2.2974e-01,7.6227e+00,2.3650e+00
3.3480e+00,3.5563e+00,1.3148e+00
5.3601e+00,7.5655e-01,3.1955e+00
3.7761e+00,3.7902e+00,1.0245e+00
5.7760e+00,4.3973e-01,3.2749e+00
7.4546e-01,2.5800e+00,5.1119e+00
1.0845e+00,1.2360e+00,4.1020e+00
5.6698e-01,3.6942e+00,4.2729e+00
7.3896e+00,2.6080e+00,6.9711e-02
1.2047e+00,1.5025e+00,2.9757e+00
9.0856e-01,7.7579e+00,1.8384e+00
1.5623e+00,1.2706e+00,2.5229e+00
3.2280e+00,4.8535e+00,1.0101e+00
3.5801e+00,7.6292e-02,5.5608e+00
4.0913e+00,4.6970e-01,4.0984e+00
4.8880e+00,4.0366e+00,1.1493e-03
2.8440e+00,2.6799e+00,1.6760e+00
1.1759e+00,2.1941e+00,2.9475e+00
1.3851e+00,1.7282e+00,2.1967e+00
3.2916e+00,2.6096e-01,5.7119e+00
3.0362e+00,4.8771e+00,1.1876e+00
4.0592e+00,4.1637e+00,6.1948e-01
5.1582e+00,3.7334e+00,2.3342e-01
1.5343e+00,1.3093e+00,2.4036e+00
7.5990e+00,8.7448e-01,1.9912e+00
3.6110e+00,6.3359e-01,4.1954e+00
4.8060e+00,4.0531e+00,6.6349e-02
1.7388e+00,1.1348e+00,3.2603e+00
3.7969e+00,3.3266e+00,1.2533e+00
2.7452e+00,2.9154e+00,1.6505e+00
1.8157e+00,1.1994e+00,2.7935e+00
5.5822e+00,3.5696e-01,3.4155e+00
2.9891e-01,4.4489e+00,4.0616e+00
9.5320e-01,1.0022e+00,4.7397e+00
8.9145e-01,1.8889e+00,4.8557e+00
8.8196e+00,1.0482e+00,3.9129e-01
4.0486e+00,3.5656e+00,1.0281e+00
1.6786e+00,1.3486e+00,2.2618e+00
3.7284e-02,4.3335e+00,4.4681e+00
1.5653e+00,1.1899e+00,2.9895e+00
1.0067e+00,1.0615e+00,4.5570e+00
7.4791e+00,1.4789e+00,1.5783e+00
2.9854e+00,5.5163e+00,1.0221e+00
5.1148e+00,3.8236e+00,1.2519e-01
1.1385e+00,4.2301e+00,3.0647e+00
3.6677e+00,8.2011e-01,3.7162e+00
1.9421e+00,1.1707e+00,2.9535e+00
2.5573e+00,3.1539e+00,1.6979e+00
2.5721e+00,8.7866e-01,4.4258e+00
5.6523e+00,5.9652e-01,3.2148e+00
2.0983e+00,2.2366e+00,1.8389e+00
5.0706e+00,2.7637e+00,1.3996e+00
4.1808e+00,1.3830e-01,4.5116e+00
7.5789e-01,2.5778e+00,5.0536e+00
3.0823e+00,5.6405e+00,8.4531e-01
4.5356e+00,2.0710e-03,4.3077e+00
8.2494e-01,2.2966e+00,4.9988e+00
3.4660e+00,2.5263e-01,5.4021e+00
7.7484e+00,1.9998e+00,7.0230e-01
2.3749e+00,6.7533e+00,1.1129e+00
4.4790e+00,4.0726e+00,3.5736e-01
3.5753e+00,1.0466e-01,5.5158e+00
2.9844e+00,2.5276e+00,1.7125e+00
3.4987e+00,4.6010e+00,8.5035e-01
1.1336e+00,3.5603e+00,3.1253e+00
1.9351e+00,2.2154e+00,1.8815e+00
9.2952e-01,8.5189e+00,1.0139e+00
2.0442e-01,4.9915e+00,3.8135e+00
5.3272e-01,2.5895e+00,6.0140e+00
2.0987e+00,1.1650e+00,2.9901e+00
1.3983e+00,1.2564e+00,2.8807e+00
4.9029e-01,3.9527e+00,4.1811e+00
2.9701e+00,4.9851e-02,6.7685e+00
3.8336e+00,4.0242e-03,5.2128e+00
4.2653e+00,7.9641e-02,4.4924e+00
3.4100e+00,2.9730e+00,1.5035e+00
1.3044e+00,7.3421e+00,1.8408e+00
9.4642e-01,7.0841e+00,2.2925e+00
1.0849e+00,2.6716e+00,3.3263e+00
8.2466e-01,4.2179e+00,3.4865e+00
8.0884e-01,5.7774e-01,5.7136e+00
1.0590e+00,1.8967e+00,3.7610e+00
3.5226e+00,3.1984e+00,1.3869e+00
8.7853e-01,3.4347e+00,3.6987e+00
3.9834e+00,3.3927e-01,4.4236e+00
7.1637e+00,1.8046e+00,1.4889e+00
6.4727e-01,3.1662e+00,4.7059e+00
5.0293e+00,3.7750e+00,2.7752e-01
3.5045e+00,4.4574e+00,9.0643e-01
2.0097e+00,1.9968e+00,1.8681e+00
2.8011e+00,3.0399e+00,1.6183e+00
3.5471e+00,4.7900e+00,7.1318e-01
5.1159e+00,2.1819e-01,3.7360e+00
5.4868e-01,2.5004e+00,6.0623e+00
2.2702e+00,1.0499e+00,3.6369e+00
7.5017e+00,2.2514e+00,6.0779e-01
2.7570e+00,6.7532e+00,5.5476e-01
1.1815e+00,1.3969e+00,3.3560e+00
1.5563e+00,1.3754e+00,2.2355e+00
1.0627e+00,1.6829e+00,3.8408e+00
6.5666e-01,7.0646e+00,2.5001e+00
1.8055e+00,2.0234e+00,1.9115e+00
9.9249e-01,2.9927e+00,3.5694e+00
1.1974e+00,5.3150e+00,2.8203e+00
7.7798e-01,3.7446e+00,3.7643e+00
6.4811e-01,7.7727e+00,2.0087e+00
3.6044e+00,7.7036e-01,3.8655e+00
3.6274e+00,3.9149e+00,1.0467e+00
1.7283e+00,1.8217e+00,1.9353e+00
1.4083e+00,1.5777e+00,2.1756e+00
6.1489e+00,5.2379e-01,3.0561e+00
2.6221e-01,5.6750e+00,3.4364e+00
2.1321e+00,7.5947e+00,6.8658e-01
3.7463e+00,5.1488e+00,2.2088e-01
1.8664e+00,1.5518e+00,2.0281e+00
4.6682e+00,3.8251e+00,4.8402e-01
1.4817e+00,1.0909e+00,3.7899e+00
2.6216e+00,4.4633e+00,1.6219e+00
2.9015e+00,3.8338e+00,1.4822e+00
1.1824e+00,1.6021e+00,3.0024e+00
4.5396e+00,4.2526e+00,7.6157e-02
5.5779e+00,2.2762e+00,1.7556e+00
2.6889e+00,8.1677e-01,4.6198e+00
6.7220e-01,3.9520e+00,3.8481e+00
1.0673e+00,9.2116e-01,4.7561e+00
4.0734e+00,7.7997e-01,3.6060e+00
7.9807e-01,5.9196e+00,2.9612e+00
1.0280e+00,3.9716e+00,3.2510e+00
1.5373e-01,4.4504e+00,4.2269e+00
1.6971e+00,7.8946e+00,9.4363e-01
3.2809e+00,4.5532e+00,1.0617e+00
5.8191e+00,7.2707e-01,3.0530e+00
4.0456e+00,1.7930e-01,4.6149e+00
2.8589e-01,3.3859e+00,5.4699e+00
4.9145e+00,3.9951e+00,4.1730e-02
5.6090e+00,2.2911e+00,1.7326e+00
2.8103e-01,5.2067e+00,3.6423e+00
1.4656e+00,1.8390e+00,2.1047e+00
3.0057e+00,8.0109e-01,4.3063e+00
1.9890e-01,5.2268e+00,3.6934e+00
2.2015e+00,2.3537e+00,1.8152e+00
2.6451e+00,9.2707e-01,4.0879e+00
1.2875e+00,1.3241e+00,2.9791e+00
7.1683e-01,3.3435e+00,4.2359e+00
1.5248e+00,7.2888e+00,1.6794e+00
5.1010e+00,2.9318e+00,1.2264e+00
3.0975e+00,8.0506e-01,4.1887e+00
1.4032e+00,8.7249e+00,2.8250e-02
1.7992e+00,8.1576e+00,4.4273e-01
1.7373e+00,1.2887e+00,2.4157e+00
1.1473e+00,2.0686e+00,3.0867e+00
9.3138e-01,8.8886e+00,4.0720e-01
2.2983e+00,7.4686e+00,5.7013e-01
