1.6416e+00,1.4900e+00,1.5357e+00,2.0077e+00
2.5998e+00,2.0978e+00,2.0083e+00,1.7022e+00
4.2695e+00,4.3612e+00,1.2670e+00,9.9741e-01
3.0473e+00,1.1009e+00,1.7714e+00,2.8391e+00
1.2143e+00,2.5714e+00,3.0586e-01,5.4367e+00
1.6164e+00,2.9272e+00,2.9724e+00,1.4317e+00
1.8257e+00,2.4143e+00,3.4228e+00,1.0123e+00
2.7361e+00,5.8755e+00,2.1740e+00,4.7868e-01
3.7817e+00,3.0202e+00,1.2760e+00,1.9994e+00
2.1923e+00,1.4744e+00,8.9563e-01,3.4520e+00
4.4396e+00,4.6138e+00,5.5133e-03,1.6006e+00
4.4579e+00,3.3038e+00,1.4816e+00,1.4695e+00
2.9382e+00,8.9774e-01,2.9826e+00,2.2090e+00
2.1506e+00,2.1410e+00,1.6686e+00,1.9288e+00
1.5691e+00,4.3283e-01,3.2722e+00,3.3826e+00
3.6659e+00,1.3885e+00,1.3647e+00,3.1436e+00
2.5550e+00,3.9640e+00,2.7759e+00,7.0964e-01
2.9588e+00,2.2383e+00,3.3558e+00,5.4409e-01
3.5206e+00,2.4635e+00,3.0384e+00,5.4536e-01
1.6201e+00,2.7484e+00,1.6823e+00,2.2715e+00
1.7523e+00,3.1464e+00,2.1702e-02,4.4105e+00
1.6458e+00,1.3877e+00,1.7278e+00,1.8913e+00
1.4709e+00,5.3161e-01,8.9114e-01,5.3223e+00
8.8353e-01,1.3431e+00,1.2954e+00,2.8184e+00
2.3604e-02,2.3559e+00,3.6154e+00,3.4225e+00
1.3176e-02,4.1329e+00,2.8194e+00,2.9236e+00
1.7441e+00,3.2091e+00,4.3098e+00,1.6702e-01
3.3574e+00,3.4077e+00,2.7363e+00,2.1732e-01
1.2596e+00,3.6875e+00,2.7276e+00,2.0078e+00
1.5227e+00,1.5665e-01,1.7782e+00,5.2010e+00
2.5681e+00,2.8099e+00,1.3930e+00,2.1476e+00
1.8896e+00,2.6390e-01,3.4124e+00,3.5513e+00
2.1366e+00,1.5431e+00,1.9050e+00,1.8799e+00
4.9020e-01,1.3329e+00,7.3670e+00,8.1263e-01
1.6796e+00,5.2330e-01,2.5091e+00,3.1810e+00
6.7779e-01,2.6498e+00,2.3363e+00,2.7957e+00
1.4883e-01,2.2734e-01,3.8098e+00,3.6315e+00
7.4070e+00,2.7527e-02,3.1181e+00,4.4664e-01
1.8126e+00,2.4557e+00,4.3650e+00,3.8032e-01
3.3996e-01,2.9520e+00,3.8188e+00,2.6021e+00
5.5947e+00,2.3107e+00,1.9063e+00,1.5574e+00
2.3128e+00,1.8597e+00,2.8544e+00,1.2703e+00
3.4712e-01,1.2288e+00,3.4148e+00,3.8926e+00
4.2238e+00,1.5407e+00,2.2929e+00,2.1319e+00
1.3873e+00,5.7188e-01,3.1802e+00,3.0000e+00
5.3929e-01,1.7243e+00,3.1413e+00,2.9995e+00
1.3645e+00,4.0289e+00,1.3585e+00,3.1972e+00
2.2406e+00,5.7196e+00,2.2435e+00,1.1883e+00
3.4067e-01,7.9293e+00,1.1168e+00,2.0542e+00
5.1011e-01,2.2297e+00,5.5561e+00,2.2249e+00
3.2755e+00,2.4615e+00,5.4375e-01,3.0043e+00
1.9882e+00,2.7797e+00,9.3791e-01,2.9117e+00
9.4539e-02,3.3589e+00,1.4158e+00,4.8791e+00
4.7877e+00,2.3132e+00,2.1853e-01,3.0948e+00
3.1835e+00,3.4612e+00,2.2949e+00,9.6353e-01
2.5121e+00,3.3408e+00,9.8047e-02,3.3098e+00
3.8758e+00,4.2614e+00,1.8434e+00,6.7759e-01
2.5627e+00,8.2933e-02,2.7475e+00,3.4665e+00
2.3182e+00,4.8036e-01,9.7071e-01,5.6802e+00
2.9897e+00,6.8446e+00,1.1251e+00,5.1787e-01
2.7260e+00,5.9774e+00,1.7643e+00,1.0228e+00
3.9959e+00,3.1244e+00,2.5639e+00,4.0562e-01
4.7391e+00,1.8481e+00,2.6111e+00,1.5183e+00
2.4719e+00,9.5160e-01,6.2205e+00,5.3629e-01
1.7766e+00,7.7480e-01,2.4682e+00,2.4696e+00
3.5830e+00,4.0453e+00,6.9037e-01,2.0880e+00
1.8998e+00,2.2990e+00,6.0254e-01,3.5818e+00
7.4012e+00,1.2929e+00,2.3889e+00,5.0045e-01
2.6383e+00,2.8469e+00,9.8819e-01,2.5316e+00
4.8759e+00,4.8036e+00,9.3899e-01,1.9023e-01
2.0502e+00,1.1084e+00,2.1318e+00,2.0877e+00
2.5709e+00,9.9620e-01,2.1663e+00,2.4271e+00
2.0777e+00,4.9884e+00,2.7468e+00,1.0563e+00
2.1399e-01,9.2265e+00,4.9407e-01,3.1262e-01
5.2080e+00,8.6731e-01,3.6595e+00,1.2468e+00
1.4079e+00,3.5639e+00,1.3582e+00,3.1156e+00
1.8711e+00,3.7673e+00,9.9581e-02,3.9213e+00
8.7628e-01,6.0215e+00,2.2347e+00,2.3009e+00
4.3618e-01,6.6694e+00,1.2606e+00,3.0113e+00
4.4475e+00,3.7361e+00,3.9995e-01,2.0052e+00
3.6699e+00,6.1799e+00,9.7484e-01,3.3318e-01
2.8884e+00,4.1508e-01,4.3227e+00,2.4142e+00
1.6856e+00,4.3974e+00,1.3017e+00,2.9258e+00
4.8070e+00,1.3524e+00,1.2466e+00,3.2319e+00
3.5090e+00,1.9096e+00,3.2610e+00,9.2987e-01
1.8555e+00,1.3460e+00,4.9871e+00,9.7490e-01
7.7046e-01,4.8450e+00,4.3521e+00,8.1086e-01
2.2674e+00,3.8296e+00,2.2171e+00,1.5784e+00
5.0460e+00,1.3827e+00,1.6767e-01,3.9654e+00
3.4006e+00,3.9947e-01,5.4356e+00,1.5960e+00
7.6019e+00,2.4002e+00,8.4060e-01,7.2396e-01
3.6134e+00,3.2400e+00,2.7355e+00,1.7398e-01
7.0463e-01,4.0208e-01,2.4752e+00,4.1947e+00
6.1258e+00,3.8808e+00,4.3280e-01,6.2396e-01
1.7190e+00,8.8432e-01,2.0972e+00,2.3034e+00
2.4671e+00,1.3692e+00,3.2049e+00,1.5546e+00
2.3839e+00,1.5592e+00,2.6008e+00,1.5855e+00
2.2146e+00,3.8519e+00,3.3717e+00,3.1670e-01
2.1435e+00,2.3200e+00,1.8974e+00,1.7471e+00
1.2667e+00,2.0333e+00,4.1967e+00,1.4339e+00
1.5315e+00,9.2612e-01,2.5028e+00,2.1387e+00
1.2956e+00,1.5457e+00,1.3019e+00,2.3220e+00
1.7569e+00,3.7747e-01,5.1614e+00,2.8977e+00
1.4485e+00,4.8453e+00,2.6626e+00,1.8296e+00
1.1868e+00,4.6580e+00,4.2311e+00,4.9440e-01
5.0433e+00,2.3056e+00,3.0792e+00,1.2299e-01
1.7590e+00,1.5849e+00,1.2559e+00,2.3754e+00
1.1820e+00,2.4647e+00,1.6001e+00,2.6588e+00
1.0822e+00,1.3112e+00,1.5627e+00,2.0590e+00
6.1747e+00,1.4102e+00,2.8274e-01,3.2870e+00
3.9215e-01,6.6826e+00,2.2921e+00,2.1395e+00
2.3294e+00,8.6400e-02,3.8055e+00,3.3311e+00
1.7504e+00,1.8044e+00,1.7363e+00,1.8550e+00
2.4459e+00,4.0944e+00,4.1730e-01,3.0064e+00
1.2719e+00,1.5813e+00,1.9658e+00,1.8261e+00
1.1394e+00,6.4718e-01,2.3811e+00,2.8536e+00
1.4110e+00,4.7707e+00,3.2684e+00,1.2852e+00
6.1676e+00,1.1895e+00,3.3812e+00,4.8647e-01
2.4015e+00,3.3965e+00,1.2898e+00,2.3295e+00
2.8355e+00,8.7236e-01,3.1683e+00,2.1764e+00
2.5192e+00,4.0388e+00,2.1459e+00,1.4575e+00
2.7178e+00,2.7216e+00,4.2656e-01,3.1074e+00
1.1171e+00,4.1476e+00,4.5951e+00,5.7010e-01
2.4292e+00,3.0011e+00,2.4496e+00,1.2415e+00
2.4666e+00,2.5488e+00,6.2742e-01,3.0587e+00
4.4233e+00,1.5800e+00,1.4467e+00,2.8840e+00
5.0906e+00,2.4298e+00,1.0400e+00,2.3815e+00
5.0360e-01,4.8255e+00,2.1289e+00,3.0697e+00
5.0124e+00,1.9508e+00,3.3513e+00,2.9576e-01
1.9129e+00,1.3586e+00,3.2865e+00,1.5572e+00
2.4531e+00,2.4882e+00,1.8294e+00,1.7716e+00
3.9403e+00,1.1176e+00,4.1583e+00,1.1244e+00
2.2916e+00,3.2978e+00,3.0691e+00,7.2648e-01
5.3958e+00,2.2218e+00,2.7734e+00,6.3779e-01
2.2340e+00,1.5932e+00,4.0501e+00,1.0065e+00
2.4112e+00,1.3100e+00,1.7826e+00,2.2801e+00
2.0465e+00,3.6200e+00,2.3577e+00,1.6014e+00
1.9559e+00,1.1377e+00,2.3537e+00,1.9483e+00
2.2954e+00,8.8228e-01,5.6411e+00,1.3712e+00
1.5654e+00,2.7066e+00,1.9352e+00,2.0705e+00
7.2108e+00,2.2318e+00,4.1474e-01,1.7515e+00
2.2574e+00,4.0681e+00,2.7646e+00,1.0218e+00
3.6657e+00,1.6044e+00,3.5233e+00,1.0595e+00
1.1538e+00,6.6276e+00,1.6487e+00,2.2855e+00
2.5947e+00,1.6406e+00,9.9984e-01,3.1113e+00
3.7322e-01,5.1828e+00,5.9942e-01,4.5035e+00
2.9957e+00,2.6569e+00,1.2083e+00,2.2943e+00
3.7838e+00,4.1310e+00,2.1698e+00,3.2271e-01
1.6743e+00,5.7940e+00,1.2667e-01,3.3441e+00
1.9674e+00,2.4246e+00,2.0453e+00,1.6894e+00
3.2380e+00,1.3165e+00,2.3863e+00,2.1264e+00
2.3004e+00,4.3393e-01,3.2063e+00,2.9400e+00
2.2813e+00,4.3943e-01,2.8266e+00,3.0279e+00
6.5483e-01,2.3452e+00,2.3769e+00,2.7856e+00
3.9220e+00,3.6475e+00,3.7611e-01,2.2965e+00
1.6638e-01,3.6726e+00,3.1990e+00,2.7036e+00
3.5440e+00,3.1016e+00,1.4660e+00,1.8341e+00
9.7230e-01,1.8635e+00,1.1487e-01,6.4287e+00
5.1730e-01,2.5744e+00,2.8622e+00,2.7917e+00
3.1955e+00,4.4717e+00,1.0153e+00,1.9518e+00
5.2139e+00,5.6441e-01,1.1135e+00,3.8807e+00
6.8283e+00,3.2485e-01,9.3964e-01,3.1748e+00
3.3768e+00,5.1054e-01,3.2051e+00,2.4905e+00
1.5540e+00,3.9070e-01,2.0532e+00,4.0553e+00
3.1950e+00,3.1864e+00,8.5981e-02,2.9557e+00
3.3400e+00,4.5965e+00,1.0969e+00,1.7409e+00
1.8385e+00,3.7983e+00,2.5808e+00,1.5956e+00
5.2971e+00,2.4215e+00,8.1743e-01,2.4877e+00
1.7220e+00,1.8029e+00,1.8165e+00,1.8017e+00
2.2722e+00,9.1601e-01,1.8459e+00,2.6740e+00
1.1327e+00,1.6221e+00,2.6286e+00,1.8623e+00
2.5063e+00,1.4804e-01,7.4406e+00,1.1461e+00
6.9766e-02,7.3443e+00,9.4700e-02,3.2982e+00
1.7701e+00,2.2094e+00,3.1998e+00,1.1929e+00
1.9218e+00,2.9987e+00,4.5927e-02,4.1555e+00
3.2739e+00,3.1012e+00,1.3196e-01,2.9368e+00
3.1805e+00,3.9292e+00,2.6203e+00,2.7037e-01
1.8960e+00,3.2764e+00,6.1684e-01,3.4598e+00
1.0446e+00,1.1829e+00,4.2017e+00,1.8988e+00
9.8574e-01,8.7501e-01,8.8202e-01,3.8287e+00
1.0746e+00,5.3672e+00,2.8376e+00,1.8435e+00
5.4411e+00,2.3443e+00,1.3018e+00,2.1447e+00
1.7198e+00,4.0049e+00,3.4260e+00,9.4157e-01
2.6465e+00,5.0984e+00,2.5182e+00,5.9250e-01
1.5435e+00,2.1597e+00,1.3377e+00,2.4440e+00
4.7837e+00,3.6583e+00,1.5363e+00,9.4974e-01
6.7928e-01,2.3009e+00,2.0183e+00,2.9846e+00
3.5592e+00,2.4393e+00,3.3752e+00,1.3800e-02
6.7591e+00,1.2567e+00,3.0492e+00,2.5107e-01
1.2507e+00,2.9770e+00,3.8235e+00,1.4370e+00
1.4177e+00,2.3577e+00,4.3546e+00,1.0728e+00
2.0436e+00,2.8704e+00,3.8059e+00,3.4576e-01
3.1905e+00,2.0326e+00,2.3116e+00,1.5932e+00
2.5767e-01,3.5349e+00,4.9021e+00,1.9300e+00
1.5634e+00,4.2008e-01,5.1174e+00,2.8825e+00
3.6917e+00,1.1367e+00,5.2214e+00,1.3471e-01
1.9728e+00,5.9713e+00,1.4882e+00,2.1119e+00
4.8705e+00,4.8670e+00,1.0160e-01,9.2677e-01
6.2588e-01,1.3259e+00,1.1144e+00,4.2536e+00
4.7358e+00,4.3879e+00,1.4975e+00,1.2803e-01
7.2177e-01,1.8745e+00,3.3423e+00,2.5066e+00
2.2663e+00,9.2332e-01,2.2361e+00,2.3815e+00
2.0394e+00,1.9946e+00,3.9546e+00,7.3589e-01
1.5895e+00,1.5923e+00,2.2102e+00,1.6492e+00
4.8652e-01,3.1520e+00,2.5431e+00,2.9131e+00
1.0366e+00,4.0249e+00,2.2922e+00,2.5768e+00
1.4346e+00,6.6627e-01,5.0444e+00,2.2769e+00
1.5159e+00,2.7889e+00,4.7316e+00,4.6508e-01
1.6545e+00,1.1046e+00,1.3568e+00,2.5066e+00
2.1948e+00,1.7363e+00,1.6287e+00,2.0339e+00
3.2755e+00,1.7279e+00,3.5946e+00,8.9630e-01
1.2101e+00,3.1326e+00,5.3997e+00,2.7460e-01
1.6273e+00,6.0557e+00,2.7303e-01,3.1802e+00
2.7147e+00,2.7872e+00,2.5737e+00,1.0463e+00
1.3785e+00,2.7604e+00,2.0264e+00,2.1781e+00
3.3287e+00,1.5725e+00,2.9682e+00,1.5109e+00
3.1353e+00,1.4464e+00,2.3621e+00,1.9966e+00
8.7226e-01,6.1504e+00,1.6666e+00,2.7484e+00
2.3579e+00,2.2525e+00,1.7709e+00,1.8401e+00
2.0631e+00,6.9523e-01,2.5632e+00,2.6336e+00
1.5137e+00,1.8961e+00,1.2482e+00,2.4689e+00
8.7427e-01,4.0732e-01,3.4631e+00,3.5477e+00
2.8911e+00,4.0547e+00,1.9091e+00,1.4322e+00
2.6876e+00,2.5562e+00,2.4688e+00,1.2068e+00
4.7694e+00,2.0619e+00,3.3066e+00,3.2112e-01
3.1410e+00,4.3350e+00,1.3656e+00,1.7325e+00
2.2835e+00,3.0195e+00,2.8935e+00,9.3534e-01
1.7806e+00,3.3935e+00,3.8795e+00,5.2936e-01
2.3709e+00,3.6707e+00,2.6065e-01,3.2511e+00
1.0178e+00,2.3365e+00,2.3622e+00,2.2135e+00
1.8287e+00,1.8705e-01,3.7488e+00,3.7023e+00
2.2663e+00,5.0415e+00,2.2879e+00,1.3815e+00
1.9079e+00,3.1720e+00,2.6051e+00,1.4506e+00
1.6833e+00,7.8141e+00,1.9842e-01,1.7768e+00
3.0093e+00,1.2662e+00,3.1118e+00,1.7316e+00
2.9075e+00,1.5848e-01,3.7939e+00,2.8182e+00
2.3238e+00,6.9340e-01,1.7499e+00,3.2912e+00
9.6048e-01,2.3651e+00,4.0792e+00,1.8892e+00
2.8679e+00,5.5689e-01,2.2881e+00,3.0243e+00
9.1742e-01,1.5171e+00,2.7740e+00,2.1559e+00
2.4375e+00,8.2914e-02,3.4323e+00,3.3217e+00
1.0380e+00,6.4974e-01,2.0077e+00,2.9314e+00
3.5522e+00,4.0276e+00,3.2121e-01,2.3350e+00
1.0032e+00,1.9480e+00,1.3260e+00,3.0713e+00
1.3322e+00,1.1445e+00,1.4245e+00,2.1413e+00
3.2137e+00,5.8959e-01,5.1378e+00,1.6669e+00
1.9102e-01,7.3646e+00,2.2189e+00,1.7251e+00
4.9451e+00,3.5118e+00,6.2471e-01,1.8102e+00
4.6632e+00,2.7166e+00,2.3026e+00,9.9797e-01
9.8808e-01,2.6309e+00,6.0517e+00,5.3470e-01
2.8951e+00,2.1709e+00,2.4573e+00,1.3616e+00
2.3630e+00,3.9037e+00,2.3263e+00,1.4003e+00
2.3851e+00,3.3861e+00,1.6518e+00,1.9972e+00
1.1468e+00,7.2126e-01,2.9266e+00,2.5735e+00
4.3132e+00,1.7327e+00,1.0298e+00,3.1447e+00
1.6443e+00,1.5773e+00,2.8712e+00,1.5159e+00
4.1111e+00,5.8746e+00,7.5415e-01,1.7499e-01
3.4822e+00,2.4915e+00,3.5617e-01,3.1090e+00
2.4508e+00,1.7999e+00,1.0739e+00,2.7864e+00
2.7501e+00,1.7045e+00,2.8181e+00,1.4197e+00
3.9639e+00,9.5605e-01,5.0600e+00,5.0324e-01
1.2652e+00,1.0240e+00,6.4044e+00,1.4427e-01
1.2327e+00,3.4334e+00,3.3535e+00,1.6404e+00
2.1588e+00,1.9031e+00,1.3372e+00,2.2904e+00
2.8613e+00,9.4843e-01,3.7238e+00,1.9006e+00
2.8514e+00,3.2091e+00,1.6959e+00,1.7617e+00
2.6160e+00,3.9536e+00,1.2799e+00,2.2106e+00
2.4215e+00,4.7356e-01,2.7051e+00,2.9570e+00
1.9316e+00,1.9005e+00,1.5792e+00,1.9962e+00
2.2525e+00,1.1483e+00,5.0454e-01,5.2399e+00
3.2179e+00,2.0766e+00,3.7727e+00,1.7972e-01
3.3558e+00,3.0095e+00,1.8918e+00,1.4990e+00
1.1650e+00,1.0726e+00,4.1679e+00,1.8895e+00
5.1256e-01,2.7866e+00,2.3432e+00,3.0447e+00
2.8669e-01,1.1198e+00,5.3128e+00,3.2527e+00
1.4910e+00,1.8784e+00,4.1502e+00,1.2014e+00
4.8351e+00,2.3889e+00,1.6561e+00,1.9534e+00
2.9951e-01,2.8214e+00,2.8114e+00,3.0382e+00
1.2049e+00,2.7545e+00,1.9516e+00,2.4138e+00
7.2421e-01,3.3397e+00,3.7931e+00,2.0286e+00
1.0803e+00,4.6654e+00,2.2765e-01,4.4787e+00
1.7512e+00,3.1123e-01,4.6473e+00,3.2322e+00
1.8694e+00,6.3191e+00,1.2068e+00,2.2507e+00
1.8548e+00,2.2811e+00,1.8325e+00,1.8510e+00
4.9214e-02,2.8868e+00,2.8633e+00,3.2564e+00
3.7855e+00,3.5369e+00,2.5166e+00,1.8278e-01
5.5129e+00,2.9573e+00,1.9978e+00,7.1578e-01
1.3555e+00,2.5883e+00,1.2135e+00,3.0990e+00
3.3573e+00,1.6161e+00,1.9452e+00,2.2425e+00
2.9833e+00,6.4421e-01,2.4633e+00,2.7815e+00
2.1029e+00,7.5191e-01,5.6058e+00,1.7474e+00
2.7446e+00,1.5704e+00,2.3245e+00,1.8067e+00
1.5290e+00,5.6161e+00,3.5306e+00,2.2219e-01
1.3442e+00,2.0062e+00,4.1405e+00,1.3500e+00
2.3169e+00,4.6395e+00,1.6133e+00,2.0827e+00
1.0351e+00,5.8131e-01,1.9205e+00,3.3487e+00
2.3888e+00,8.2061e-01,1.3833e+00,3.7299e+00
2.1704e+00,2.0043e+00,1.2943e+00,2.3280e+00
2.2930e+00,2.1451e+00,1.4244e+00,2.1733e+00
1.9490e+00,3.9712e+00,3.4024e+00,6.5893e-01
3.2409e+00,1.4080e+00,2.5038e+00,1.9593e+00
1.1880e+00,7.0716e+00,2.1037e+00,1.4520e+00
6.2016e-01,3.0167e+00,2.1353e+00,3.0846e+00
6.0423e+00,2.9000e-01,3.4829e-01,4.1056e+00
3.6192e+00,2.5208e+00,3.2571e+00,7.8989e-02
2.1958e+00,7.3877e-01,1.4330e+00,3.7447e+00
2.3112e+00,2.1153e+00,2.6807e+00,1.2433e+00
6.8498e-01,1.7274e+00,2.0653e+00,2.8086e+00
2.5099e+00,5.7222e-01,3.3919e+00,2.5951e+00
7.8179e-01,1.0591e+00,6.3654e+00,8.4372e-01
5.4890e+00,3.1942e+00,2.1178e+00,9.3456e-02
2.6575e+00,2.0588e+00,1.2232e+00,2.4794e+00
3.7128e-01,1.9867e+00,1.5886e+00,4.4960e+00
7.8600e-01,2.5339e+00,3.1176e+00,2.3307e+00
6.7878e-01,3.9161e+00,4.9101e+00,1.1583e+00
5.9710e+00,1.5387e+00,1.5000e+00,2.4790e+00
1.7696e+00,3.7567e+00,2.8124e-01,3.9135e+00
5.3496e+00,3.3676e+00,1.3450e+00,1.1337e+00
5.9951e+00,2.4135e+00,5.7183e-01,2.3573e+00
8.0996e-01,4.2709e+00,2.7391e+00,2.3955e+00
1.3133e+00,2.3563e+00,4.6599e+00,1.0856e+00
1.9177e+00,2.1974e+00,1.3948e+00,2.2270e+00
1.6447e+00,7.1025e+00,1.5168e+00,1.6133e+00
2.0322e+00,7.1376e+00,2.3757e-01,2.1122e+00
4.3274e+00,1.5277e+00,3.1421e+00,1.3869e+00
3.7203e+00,1.0921e+00,3.4480e+00,1.7076e+00
8.3299e-01,5.4332e+00,2.5358e+00,2.2959e+00
1.4383e+00,2.1586e+00,3.4839e+00,1.4061e+00
5.5998e-01,1.6676e+00,5.5267e+00,2.3251e+00
2.4419e+00,2.0196e+00,1.6423e+00,2.0032e+00
1.5797e+00,2.2648e+00,1.7006e+00,2.0678e+00
3.8764e+00,4.0384e+00,2.0972e+00,4.4426e-01
2.0696e+00,2.4715e+00,2.6330e+00,1.2771e+00
3.6492e+00,1.7630e+00,3.3908e+00,9.7557e-01
4.1526e+00,2.8519e+00,2.0444e+00,1.2994e+00
4.9676e+00,1.5704e-01,2.6824e+00,2.7348e+00
5.1463e-01,1.3723e+00,2.7946e+00,3.2921e+00
2.8335e+00,2.2166e+00,3.5251e+00,4.3048e-01
2.7181e+00,2.4616e+00,1.6620e+00,1.9156e+00
1.7381e+00,7.5334e+00,1.9299e+00,4.1254e-01
6.0141e-01,5.4033e-01,3.9715e+00,2.6907e+00
2.1847e+00,2.9321e+00,3.2857e+00,6.7485e-01
1.7250e+00,1.5797e+00,3.4029e+00,1.3943e+00
8.3509e-01,4.8005e+00,4.2699e+00,8.6308e-01
3.9025e+00,8.6594e-01,2.8553e+00,2.2922e+00
9.2564e-01,3.6117e+00,4.4706e+00,1.3303e+00
5.7629e+00,2.4074e-01,3.1560e+00,1.9267e+00
2.5494e+00,3.5304e+00,3.0371e+00,4.4767e-01
9.6286e-02,1.0068e+00,5.1972e+00,4.0487e+00
5.5413e+00,3.0415e+00,1.7577e+00,9.1900e-01
1.8387e+00,3.6785e+00,2.7313e-02,4.0516e+00
2.1914e+00,2.7528e+00,3.5654e+00,4.5030e-01
3.5828e+00,1.2337e+00,1.1968e+00,3.5534e+00
3.6326e+00,2.9490e+00,1.0607e+00,2.2425e+00
3.1069e+00,2.6157e+00,9.9809e-01,2.5045e+00
8.7634e-01,1.4804e+00,1.5152e+00,2.5667e+00
4.0765e+00,5.6337e-01,3.8250e+00,1.9084e+00
3.7684e+00,2.2211e+00,3.2367e+00,5.2875e-01
1.5265e+00,4.0952e+00,3.0581e+00,1.4906e+00
4.6857e+00,6.2157e-01,9.5927e-01,4.2645e+00
8.9300e-01,3.0160e+00,1.8384e+00,3.0295e+00
4.2189e+00,2.8037e+00,1.2345e+00,2.0986e+00
3.9471e+00,1.8523e+00,3.6868e+00,4.5163e-01
3.7500e+00,5.5314e+00,7.6476e-01,1.1202e+00
3.6002e+00,2.4552e-01,1.2990e+00,4.7914e+00
2.4612e+00,2.2593e+00,2.8723e+00,1.0435e+00
2.7890e+00,2.4165e+00,2.9510e+00,8.3145e-01
1.3476e+00,1.5814e+00,1.5316e+00,2.0286e+00
6.5903e-01,2.5694e+00,1.7183e+00,3.4913e+00
2.3214e+00,2.6584e+00,1.1479e+00,2.4657e+00
2.1618e+00,1.6433e-01,3.6023e+00,3.4264e+00
8.4306e-01,1.0175e+00,1.3518e+00,2.6093e+00
3.2693e+00,1.5400e+00,4.6749e+00,1.6798e-01
3.5148e+00,5.4899e-01,1.8434e+00,3.5351e+00
1.9660e+00,1.3098e+00,1.0915e+00,3.0684e+00
3.0913e+00,2.6968e+00,1.9402e-01,3.1793e+00
4.0367e+00,3.4321e+00,4.2364e-01,2.3417e+00
5.4276e+00,1.0757e-01,3.1829e+00,2.1432e+00
1.4661e+00,1.9014e+00,1.0011e+00,3.0633e+00
2.9478e+00,3.3890e+00,7.0874e-01,2.5740e+00
3.2835e+00,1.0229e+00,2.7515e+00,2.1978e+00
1.4359e+00,1.2233e+00,1.1806e+00,2.5713e+00
2.0544e+00,2.9892e+00,2.8898e+00,1.1112e+00
2.9892e-01,1.6960e+00,2.2388e+00,4.1487e+00
2.4189e+00,2.1534e+00,1.9017e+00,1.7496e+00
1.4143e+00,1.4144e+00,3.3118e+00,1.6485e+00
2.3529e+00,3.0820e-01,2.8296e+00,3.2288e+00
3.7294e-01,3.7174e+00,1.7232e+00,3.8750e+00
1.1606e+00,1.9487e+00,1.2811e+00,2.8389e+00
1.0273e+00,1.3945e+00,2.2684e+00,1.9776e+00
6.3494e+00,2.0368e+00,2.2680e+00,9.7318e-01
1.0045e-01,5.4536e+00,4.4816e+00,7.2732e-01
5.7612e+00,3.2604e+00,1.3843e+00,9.3475e-01
2.6069e+00,8.9223e-02,1.9619e+00,4.2032e+00
7.5870e-01,2.4910e+00,3.0995e+00,2.3793e+00
1.8843e+00,4.7219e+00,1.0064e-01,3.6028e+00
3.5751e+00,3.9008e-01,3.5008e+00,2.4090e+00
7.0528e-01,4.1776e+00,3.5111e-01,5.2303e+00
2.8966e+00,1.7667e+00,1.3098e+00,2.6287e+00
1.8662e+00,1.4605e+00,1.3393e+00,2.3389e+00
1.9639e+00,9.4906e-01,1.3287e+00,3.2215e+00
2.5149e+00,3.0741e+00,3.1378e-01,3.2102e+00
1.3019e+00,7.3824e-01,1.7356e+00,2.6797e+00
2.0883e+00,1.8926e+00,1.7749e+00,1.8495e+00
1.9523e+00,3.5891e+00,3.8129e+00,2.1416e-01
1.9599e+00,5.4101e+00,3.2594e+00,1.4465e-01
9.9119e-03,2.8281e+00,2.3720e+00,3.6768e+00
1.8186e+00,2.5838e+00,2.7220e+00,1.3692e+00
4.1982e+00,1.3330e+00,1.1431e-01,4.5142e+00
2.0594e-01,4.2032e+00,3.9131e+00,2.0769e+00
6.0097e+00,3.4471e-02,1.2842e+00,3.5956e+00
4.4409e+00,8.1873e-01,4.4144e+00,1.0027e+00
1.5092e+00,2.3006e+00,3.4482e+00,1.3271e+00
9.8799e-01,1.4275e-01,4.5222e+00,4.3079e+00
6.8008e-02,2.1213e+00,3.2445e+00,3.7142e+00
3.5909e+00,2.9153e+00,6.5669e-01,2.5896e+00
1.2735e+00,2.0319e+00,1.9490e+00,1.9955e+00
2.3015e+00,3.4060e+00,1.8131e+00,1.8959e+00
3.6010e+00,1.7328e+00,3.5716e+00,8.5713e-01
3.4135e+00,7.1797e-02,2.8735e+00,3.0352e+00
8.2615e-01,1.1373e+00,1.3882e+00,2.6343e+00
2.5386e+00,1.0006e+00,4.5948e+00,1.6126e+00
1.2521e+00,3.8602e+00,3.6756e+00,1.3455e+00
1.6460e+00,3.7185e+00,1.8692e-01,4.1996e+00
3.0223e+00,1.8237e+00,6.5204e-01,3.5149e+00
3.0610e+00,3.7096e+00,2.3404e+00,9.0161e-01
3.2258e+00,3.7669e+00,2.1469e+00,1.0163e+00
4.2563e+00,3.1924e-01,2.1779e+00,3.2708e+00
1.6591e+00,1.5634e+00,1.9598e+00,1.7342e+00
1.8617e+00,2.7272e-01,7.5810e-01,6.6212e+00
2.0436e+00,1.5062e+00,3.7177e+00,1.2837e+00
1.0562e+00,4.4008e+00,4.3735e+00,7.3507e-01
1.1843e+00,4.3844e+00,7.5421e-01,4.0149e+00
2.8931e+00,2.3405e+00,3.1120e+00,7.1017e-01
1.9436e+00,3.7580e+00,1.0810e+00,2.8993e+00
7.9358e-02,1.0860e+00,3.6751e+00,5.1203e+00
1.7552e+00,1.3133e+00,2.7434e+00,1.6824e+00
3.6884e+00,2.3376e-01,1.6503e+00,4.1429e+00
6.6099e-01,1.3112e+00,2.3382e+00,2.7947e+00
2.9708e+00,1.9991e+00,3.5795e+00,6.0462e-01
1.4724e+00,9.9106e-01,1.0274e+00,3.5242e+00
1.7027e+00,2.4532e+00,3.7935e+00,9.4128e-01
2.1107e+00,1.6283e+00,1.5867e+00,2.0830e+00
2.3554e+00,1.4497e+00,2.2308e+00,1.8316e+00
3.7182e-01,2.9890e+00,2.9358e+00,2.8468e+00
2.2559e+00,5.7640e+00,8.5286e-01,2.4360e+00
3.6472e+00,4.0783e+00,6.1532e-01,2.0893e+00
1.2127e+00,2.0846e+00,3.1095e+00,1.7443e+00
2.4232e-01,2.9725e+00,2.0974e+00,3.6522e+00
1.8107e+00,2.1198e+00,1.5868e+00,2.0298e+00
4.6787e+00,4.6647e+00,9.0351e-01,7.0779e-01
4.4853e+00,3.4490e-01,4.4695e+00,1.4259e+00
4.0322e-01,7.7842e-01,1.3071e+00,4.6951e+00
3.3024e+00,4.5016e+00,2.4160e+00,1.3793e-01
3.1249e+00,1.4876e+00,1.6155e+00,2.6080e+00
8.5000e-01,4.8185e+00,3.4889e+00,1.6210e+00
1.4513e+00,1.4148e+00,2.0654e+00,1.7389e+00
2.1097e+00,4.3836e+00,8.5250e-01,2.9357e+00
8.3454e-01,6.7764e+00,3.2196e+00,4.8162e-01
4.2836e+00,4.8721e+00,9.7945e-01,8.5599e-01
3.2445e+00,4.2579e+00,2.1108e+00,8.6974e-01
3.1776e+00,3.2272e+00,1.1248e+00,2.1810e+00
1.9129e+00,2.4354e+00,1.8680e+00,1.8417e+00
8.4527e-01,7.4342e-01,1.2909e+00,3.1016e+00
1.5575e+00,3.5156e+00,8.9357e-01,3.5345e+00
5.2644e+00,1.2611e+00,1.2000e-01,3.9996e+00
3.7802e+00,2.8847e+00,8.5068e-01,2.4243e+00
2.9664e-01,2.4031e+00,7.7169e+00,4.3611e-01
4.5404e+00,9.5892e-01,4.7547e+00,2.4768e-01
7.4048e-01,6.3735e+00,1.9598e+00,2.4529e+00
1.9506e+00,8.2963e-01,3.8535e+00,2.2296e+00
5.8331e-01,2.2770e+00,2.9325e+00,2.7368e+00
2.5478e+00,2.2890e+00,8.4318e-01,2.8546e+00
7.6166e-01,4.0624e+00,4.2500e+00,1.4430e+00
4.7267e+00,1.9574e+00,3.0593e+00,8.8560e-01
3.0303e+00,3.2759e+00,1.9910e+00,1.4085e+00
1.0179e+00,4.6554e+00,1.6897e-01,4.6047e+00
4.0593e+00,2.9394e-01,5.1027e+00,1.3370e+00
1.0640e+00,7.9502e-01,2.9109e+00,2.4126e+00
2.2869e+00,1.0147e+00,5.8360e+00,8.8559e-01
5.2819e+00,1.7327e+00,2.1599e+00,1.9624e+00
2.8208e+00,1.8577e+00,1.8123e+00,2.0222e+00
1.3946e+00,6.7815e-01,1.9943e+00,2.8102e+00
2.0100e+00,2.7608e+00,1.8021e+00,1.9373e+00
3.0492e-02,4.5537e+00,3.7639e+00,2.1109e+00
7.4615e-01,9.5850e-01,6.3367e-01,4.7744e+00
1.4101e+00,1.8349e+00,1.6809e+00,1.9822e+00
8.1668e-02,4.8829e+00,3.0612e+00,2.4820e+00
8.2946e-01,2.6575e+00,2.4676e+00,2.4999e+00
1.1683e+00,8.0656e-03,4.3531e+00,4.7169e+00
3.4771e-01,1.6255e+00,6.7225e+00,2.1122e+00
2.3366e-01,1.9083e+00,3.3994e+00,3.6042e+00
1.6396e+00,6.3269e+00,1.9241e+00,1.8206e+00
2.0825e+00,2.4908e+00,1.9180e+00,1.7613e+00
5.0290e+00,3.8313e-01,3.8387e+00,1.5859e+00
6.3087e+00,2.6800e+00,2.0674e+00,3.0016e-01
1.8890e+00,3.3019e+00,3.9951e+00,2.1343e-01
5.0384e+00,1.8362e+00,3.2431e+00,6.6659e-01
2.0340e+00,1.7428e+00,1.7443e+00,1.8879e+00
1.6593e+00,1.3674e+00,2.0304e+00,1.7697e+00
1.9050e+00,3.4319e+00,3.2140e-01,3.7648e+00
1.3250e+00,1.0388e+00,2.0590e+00,1.9649e+00
2.3607e+00,8.4947e-01,1.4799e+00,3.4229e+00
3.4641e+00,6.5967e-01,3.1688e+00,2.3445e+00
2.2993e+00,2.5830e+00,2.1290e+00,1.5504e+00
2.1720e+00,2.0028e+00,7.9756e-01,3.1268e+00
1.5705e+00,1.3240e+00,1.9385e+00,1.8052e+00
2.9201e+00,3.2471e+00,2.8158e+00,5.2135e-01
4.8590e+00,6.1127e-01,3.8118e+00,1.5230e+00
6.0141e+00,4.3073e+00,2.6319e-01,8.4216e-02
1.5262e+00,3.3992e+00,1.8818e+00,2.3900e+00
3.4999e+00,5.2006e+00,1.0641e-01,1.9779e+00
5.0931e+00,1.5541e+00,3.4048e+00,8.1066e-01
2.7036e+00,3.0290e+00,1.5683e+00,1.9388e+00
1.7970e+00,1.8294e+00,2.2685e+00,1.5678e+00
1.7578e-01,1.7969e+00,4.8426e-01,7.4974e+00
2.5647e+00,2.4970e+00,8.2397e-01,2.8014e+00
3.3565e+00,2.0593e+00,2.6713e+00,1.2983e+00
2.6802e+00,2.6935e+00,1.3701e+00,2.1588e+00
4.3935e+00,4.6799e+00,1.0890e+00,7.9878e-01
2.6824e+00,1.2946e+00,2.0109e+00,2.2385e+00
1.2383e+00,1.5989e+00,1.6787e+00,1.9791e+00
2.6581e+00,1.1283e+00,1.3783e+00,3.2013e+00
1.3390e+00,2.4252e+00,3.0643e+00,1.6294e+00
9.3751e-01,2.4139e+00,4.5490e+00,1.7748e+00
3.2782e+00,3.0383e+00,1.3145e+00,2.0438e+00
1.8124e+00,1.8121e+00,8.8058e-01,3.1346e+00
3.1245e+00,2.7953e+00,3.0630e+00,3.1117e-01
6.9313e+00,1.3346e+00,9.5650e-01,2.4670e+00
1.2095e+00,2.4535e+00,5.5140e-02,5.8720e+00
2.7178e+00,3.6213e-01,2.8918e+00,2.9587e+00
2.1553e+00,6.9244e+00,2.2295e+00,1.1096e-01
3.6301e-01,2.5457e+00,5.3495e+00,2.3642e+00
1.4562e+00,4.0250e+00,2.6958e+00,1.8607e+00
8.8461e-01,3.4722e+00,1.4828e+00,3.6138e+00
1.7963e+00,3.6956e+00,3.8932e+00,3.7409e-01
2.2282e+00,2.5561e+00,2.0171e+00,1.6535e+00
1.8585e+00,2.8864e+00,1.5996e+00,2.2408e+00
3.5157e+00,1.6394e+00,4.4234e+00,7.2806e-02
4.6464e+00,7.3625e-01,3.9470e+00,1.3996e+00
1.4985e+00,2.4387e+00,5.2252e+00,1.3344e-01
1.2873e+00,2.6236e+00,5.4131e+00,4.1739e-01
2.6720e+00,3.2548e+00,6.6446e-01,2.7700e+00
6.1789e+00,1.4638e+00,1.8745e+00,2.1083e+00
2.1578e+00,2.1234e+00,9.1168e-01,2.8712e+00
1.3381e+00,7.9815e-01,2.3387e+00,2.3769e+00
1.3315e+00,2.3520e+00,2.0570e+00,2.0259e+00
2.3622e+00,3.3511e+00,1.1087e+00,2.5241e+00
2.5366e+00,2.8080e+00,3.3960e+00,2.4784e-01
1.0219e+00,3.8878e+00,8.4865e-01,4.3147e+00
2.8699e+00,7.4635e-01,2.7845e+00,2.4765e+00
2.5084e+00,2.0652e+00,1.9722e+00,1.7267e+00
1.4368e+00,3.0544e+00,3.3079e+00,1.4462e+00
1.5894e+00,7.5740e+00,7.8554e-01,1.7916e+00
6.6784e+00,3.3912e+00,7.8494e-01,4.0613e-01
2.3354e+00,2.6301e+00,9.7614e-01,2.6618e+00
1.6193e+00,1.7078e+00,4.3569e+00,1.0722e+00
1.7448e+00,2.6914e+00,3.2661e+00,1.1409e+00
2.8089e+00,2.0853e+00,6.2783e-01,3.2620e+00
3.4154e-01,2.7142e+00,3.7884e+00,2.7356e+00
3.0028e+00,2.4331e+00,2.6781e+00,1.0356e+00
3.0351e+00,2.6371e+00,1.8070e+00,1.7373e+00
5.0453e-01,3.8920e-01,3.8331e+00,3.0238e+00
1.2241e+00,1.0409e+00,1.4164e+00,2.2004e+00
1.1091e+00,5.6161e+00,2.4667e+00,2.0862e+00
1.9970e+00,3.2434e+00,3.6875e+00,4.2315e-01
4.8573e+00,2.7157e+00,5.6616e-01,2.5274e+00
5.0163e+00,1.6077e+00,1.3736e+00,2.8452e+00
4.2439e+00,1.0878e+00,1.9784e+00,2.8220e+00
2.6073e+00,1.4769e+00,2.1223e+00,1.9641e+00
3.6297e+00,2.3560e+00,7.4646e-02,3.3995e+00
4.3366e-01,3.8360e+00,4.1688e+00,1.9406e+00
1.5352e+00,3.0581e+00,1.9420e+00,2.2212e+00
2.8703e+00,3.7758e+00,1.4756e+00,1.9003e+00
4.6264e+00,8.6924e-01,1.5508e+00,3.4101e+00
1.8718e+00,9.7354e-01,1.7680e+00,2.3955e+00
3.4410e+00,3.9887e+00,2.4151e+00,3.3681e-01
5.0774e+00,1.0353e+00,2.1950e+00,2.5624e+00
2.4629e+00,3.8433e-01,3.0601e+00,2.9752e+00
8.4629e-01,1.4489e+00,2.0111e+00,2.3081e+00
6.0462e-01,1.2033e+00,2.3633e+00,3.0360e+00
1.7432e+00,2.6992e+00,3.1665e+00,1.1958e+00
1.2129e+00,1.0808e+00,1.9732e+00,1.9366e+00
4.6312e+00,8.4713e-01,4.3485e+00,8.9081e-01
4.9780e+00,4.1547e-01,1.8553e-01,4.9646e+00
9.8565e-01,1.4127e+00,1.7549e+00,2.1098e+00
7.7610e-01,6.5272e-01,2.2347e+00,2.9854e+00
8.7355e-04,5.4744e+00,3.7969e-01,4.6756e+00
2.3923e+00,2.7331e+00,1.5401e+00,2.0451e+00
1.2609e+00,2.1229e+00,1.7774e+00,2.1703e+00
1.0881e+00,3.0664e+00,4.3985e+00,1.3764e+00
4.6702e+00,3.1609e+00,1.3432e+00,1.6404e+00
1.2848e-01,3.1526e+00,8.6017e-01,6.1470e+00
6.8479e-01,3.8127e+00,5.0786e-01,5.3916e+00
4.0586e+00,2.3560e+00,2.7509e+00,9.3698e-01
2.1134e+00,4.9173e+00,7.6815e-01,2.9007e+00
4.7875e+00,1.6185e+00,2.5218e+00,1.8179e+00
3.2626e+00,4.3430e-01,3.4825e+00,2.4807e+00
9.8826e-01,1.8029e+00,2.0678e+00,2.1686e+00
3.7688e+00,3.6277e-01,3.4140e+00,2.4125e+00
2.2541e+00,3.2422e+00,1.5577e+00,2.1380e+00
1.4861e+00,4.5237e+00,6.2934e-01,3.7338e+00
3.8174e+00,2.9401e+00,1.3889e+00,1.9360e+00
1.8057e+00,1.8090e+00,1.4154e+00,2.1523e+00
4.0438e+00,3.7550e+00,1.9140e+00,8.2661e-01
1.7970e+00,1.7758e+00,9.1205e-01,3.0703e+00
3.1766e+00,1.3392e+00,3.0275e+00,1.7041e+00
2.6978e+00,1.9674e+00,3.9927e+00,3.4889e-01
4.1414e+00,8.1891e-01,5.0437e+00,5.9843e-01
3.5958e+00,6.4787e+00,6.8195e-01,4.1614e-01
2.6084e+00,1.8419e+00,9.6700e-01,2.9615e+00
3.3605e+00,2.6755e+00,2.6565e+00,8.6069e-01
3.2317e+00,3.2159e+00,5.0834e-01,2.6605e+00
9.1477e-01,1.4166e+00,1.4068e+00,2.5708e+00
8.9796e-01,2.8858e+00,2.5175e+00,2.4215e+00
3.1661e+00,2.3260e-01,4.3924e+00,2.4145e+00
1.0616e+00,2.1466e+00,4.0812e+00,1.7639e+00
1.7066e+00,3.4683e+00,1.3751e+00,2.7645e+00
6.4153e-01,4.9178e+00,3.4073e+00,1.8285e+00
4.5502e+00,1.1070e+00,4.5752e+00,2.1244e-01
3.6300e+00,8.8870e-01,1.6792e+00,3.3383e+00
1.9059e+00,3.3414e+00,1.3085e+00,2.6359e+00
3.2906e+00,2.6818e+00,2.6414e+00,8.8615e-01
1.9841e+00,2.4040e+00,1.4336e+00,2.2126e+00
2.1126e+00,1.3485e+00,2.3560e+00,1.7851e+00
2.7160e+00,4.1622e+00,2.8352e+00,3.6100e-01
2.7367e+00,1.6934e+00,1.0717e+00,2.9741e+00
1.2128e+00,6.0848e+00,3.0831e+00,1.0292e+00
2.1288e+00,1.4662e+00,9.4966e-01,3.2968e+00
3.5636e+00,7.9184e-01,1.7726e+00,3.3331e+00
1.4762e-01,8.5221e+00,1.4309e-01,1.9813e+00
3.9223e-01,1.3405e-01,5.9031e+00,3.0879e+00
2.6933e+00,2.6676e+00,2.4792e+00,1.1675e+00
7.8204e-01,1.3424e+00,2.8902e+00,2.4250e+00
6.7412e-01,5.1310e+00,2.9709e+00,2.1125e+00
1.5085e+00,5.2385e+00,1.4786e+00,2.7862e+00
3.2296e+00,2.8062e+00,4.3858e-01,2.8912e+00
2.9180e+00,2.9552e+00,1.6868e+00,1.7874e+00
7.3196e+00,1.8365e+00,2.0529e+00,4.0692e-01
1.4023e+00,1.9462e+00,4.3432e+00,1.2099e+00
1.6759e+00,4.6557e+00,4.0675e-01,3.6580e+00
4.8582e-02,3.9716e+00,3.9367e-01,6.1620e+00
3.4580e+00,2.2917e+00,3.0286e+00,7.5037e-01
2.9804e+00,4.2287e+00,2.6461e+00,3.1489e-01
6.8078e-01,4.8617e+00,1.0452e+00,4.0276e+00
1.6960e+00,2.7851e+00,5.9329e-01,3.8147e+00
2.3177e+00,1.1527e+00,1.8995e+00,2.3032e+00
2.8963e+00,3.9929e+00,1.1160e+00,2.1714e+00
8.2502e-01,7.4768e+00,2.1077e+00,1.3147e+00
2.8958e+00,3.2325e+00,3.7002e-01,2.8962e+00
1.8838e+00,1.0968e+00,3.0408e+00,1.8922e+00
8.3876e-01,1.2053e+00,1.7963e+00,2.3041e+00
2.8095e+00,2.4671e-01,2.6443e+00,3.1969e+00
1.1579e+00,1.1467e+00,1.8199e+00,1.9269e+00
6.0920e-01,2.6425e+00,3.4449e+00,2.4877e+00
4.0827e+00,1.2039e+00,2.0157e+00,2.6772e+00
2.4909e+00,3.0140e+00,6.9910e-01,2.8681e+00
3.4091e+00,2.9269e+00,4.5182e-01,2.7741e+00
2.0680e-01,4.2299e+00,3.2738e+00,2.4645e+00
9.8694e-01,2.0965e+00,2.1452e+00,2.2643e+00
4.9315e+00,3.3817e+00,1.8322e+00,7.7488e-01
2.1240e+00,1.2522e+00,2.0972e+00,1.9796e+00
4.4990e-01,4.2434e+00,9.6553e-01,4.7009e+00
2.7519e+00,3.0950e+00,3.1106e+00,2.9230e-01
1.1889e+00,4.1465e+00,4.2970e+00,7.8039e-01
5.0100e+00,6.0297e-01,4.2134e+00,1.0312e+00
4.0434e+00,3.7248e+00,2.2979e+00,2.0785e-01
2.8476e-01,2.3375e+00,5.5958e+00,2.5260e+00
3.4135e+00,3.3471e+00,1.5784e+00,1.6703e+00
9.9012e-01,3.4616e+00,3.9651e+00,1.5963e+00
1.4239e+00,5.4759e+00,5.0106e-01,3.5200e+00
6.8492e-01,1.2281e+00,2.8890e+00,2.6780e+00
1.1043e+00,8.0227e-01,1.5231e+00,2.5319e+00
2.2123e+00,3.0352e-01,2.1172e+00,3.7887e+00
1.9483e+00,2.9530e+00,2.4774e+00,1.4844e+00
1.8169e+00,6.0703e+00,3.0859e+00,1.1341e-01
8.3628e-02,8.1797e+00,2.1533e+00,7.2012e-01
1.6635e-01,2.4066e+00,2.7769e+00,3.4471e+00
1.3255e+00,2.7448e+00,3.3223e+00,1.5687e+00
2.1761e+00,2.1185e+00,2.2216e+00,1.5241e+00
4.3592e+00,3.2901e+00,1.4422e+00,1.5507e+00
1.8526e+00,3.1271e+00,2.0712e+00,1.8933e+00
2.6219e+00,2.2251e+00,2.3203e+00,1.4280e+00
1.4346e+00,2.7451e+00,1.5973e+00,2.5214e+00
1.6266e+00,3.4544e+00,3.7095e+00,9.1250e-01
2.5352e+00,2.2743e+00,2.3807e+00,1.3693e+00
1.7401e+00,2.3785e+00,3.0945e+00,1.2415e+00
6.4768e-01,1.5839e+00,1.3256e+00,3.9268e+00
3.8372e+00,2.0989e+00,1.1432e+00,2.7074e+00
4.8348e-01,3.0288e-01,4.0554e+00,3.2217e+00
1.2605e-01,4.4483e+00,5.8889e+00,4.7773e-02
8.7377e-01,2.0800e+00,1.8658e+00,2.6288e+00
3.0962e+00,2.0257e+00,1.0298e+00,2.8107e+00
3.1507e-01,3.1983e+00,6.3280e+00,1.2415e+00
4.2369e-01,4.7553e+00,4.4863e-01,4.9363e+00
4.7190e+00,1.2868e+00,3.1547e+00,1.5437e+00
3.8119e+00,1.9510e+00,4.0567e-01,3.5527e+00
7.6752e-01,4.4109e+00,9.7252e-01,4.2423e+00
4.6429e+00,8.5528e-01,2.4582e+00,2.5464e+00
1.4782e+00,1.8339e+00,3.2133e+00,1.4735e+00
2.7986e+00,1.0771e-01,2.9664e+00,3.1941e+00
1.4986e+00,3.2569e+00,4.6537e+00,3.1839e-01
8.2231e-01,6.2039e+00,3.7211e-01,3.6585e+00
2.8172e+00,1.3654e+00,1.7768e+00,2.4339e+00
1.6731e+00,3.2917e+00,8.9502e-01,3.3718e+00
6.8367e+00,2.3406e+00,6.7433e-01,1.8140e+00
5.5821e-01,3.0380e-01,3.8820e+00,3.4793e+00
3.7709e+00,2.1929e-01,3.1894e+00,2.6427e+00
3.3897e+00,4.8591e+00,2.1183e+00,3.4384e-01
6.6204e-01,5.5499e+00,4.3999e+00,1.9459e-02
2.4979e+00,1.6268e+00,1.3491e+00,2.5334e+00
5.4360e-01,1.5304e+00,3.0885e+00,3.0695e+00
1.5634e-01,5.5838e+00,9.2936e-01,4.0886e+00
3.5423e+00,2.5437e+00,6.8144e-01,2.7984e+00
5.4411e-01,2.7699e-01,1.8738e+00,5.4736e+00
4.9694e+00,2.1945e-01,9.8399e-01,4.3941e+00
3.4573e-03,2.0761e+00,4.4544e+00,3.5301e+00
1.0306e-01,1.5723e+00,4.0595e+00,4.0935e+00
1.0950e+00,1.0012e+00,2.2547e+00,2.0594e+00
1.9241e+00,1.7580e+00,3.6615e+00,1.1177e+00
3.1117e+00,2.6191e+00,3.0725e+00,4.6024e-01
6.3341e+00,1.4858e-01,9.4253e-01,3.5977e+00
1.1304e+00,5.6524e-01,2.3262e+00,3.2556e+00
2.6580e+00,4.5028e+00,1.6821e+00,1.7615e+00
3.9526e+00,1.8625e-01,5.3411e+00,1.3649e+00
1.6189e+00,3.2699e+00,2.9381e+00,1.4805e+00
3.0740e+00,4.1369e+00,1.0261e-01,2.6998e+00
4.3586e+00,1.4174e+00,2.5797e+00,1.9894e+00
2.7609e+00,3.6580e+00,2.9235e+00,3.3846e-01
1.9030e+00,1.0096e+00,2.3341e+00,2.1010e+00
2.6259e+00,1.3816e+00,3.7042e+00,1.3587e+00
1.8423e+00,3.0272e+00,4.3176e-01,3.8051e+00
5.0178e-01,5.5170e+00,2.6654e+00,2.3631e+00
2.6091e+00,1.8384e+00,3.6896e+00,8.0376e-01
1.4946e+00,2.1396e+00,1.3923e+00,2.3921e+00
3.5740e+00,3.7596e+00,2.2519e+00,6.4597e-01
4.5657e+00,3.4753e+00,2.2495e+00,1.8298e-01
1.7688e+00,4.1515e+00,3.7498e+00,4.3196e-01
7.8050e-01,3.5072e+00,5.1120e+00,1.1824e+00
1.3120e+00,1.5388e+00,2.9595e+00,1.6918e+00
5.8580e-01,2.6883e+00,4.3299e+00,2.2952e+00
3.1998e+00,5.5239e+00,4.5572e-01,1.9129e+00
5.9380e-01,8.6117e-02,7.5920e+00,2.3705e+00
4.8151e+00,1.0001e+00,4.5816e+00,9.3537e-02
2.1656e+00,5.6635e-01,2.1292e+00,3.1290e+00
4.4523e-01,3.8571e+00,1.4182e+00,4.2204e+00
2.5855e+00,3.4440e-01,2.9889e+00,2.9996e+00
1.8670e+00,2.8326e+00,3.7123e+00,6.9790e-01
9.4495e-01,3.0540e+00,4.9947e+00,1.2879e+00
4.6112e+00,5.6646e-01,7.6819e-01,4.5783e+00
1.3149e-01,5.8781e+00,1.8501e+00,3.1423e+00
5.2685e+00,3.8467e+00,9.4635e-02,1.6295e+00
1.2097e+00,1.0829e+00,2.7819e+00,1.9776e+00
2.7257e+00,5.6375e-01,2.4713e+00,2.8836e+00
5.4225e-01,5.1575e+00,3.6397e+00,1.5816e+00
1.8822e+00,4.8583e+00,3.0439e+00,9.5884e-01
1.2975e+00,2.1803e+00,5.1858e+00,8.1415e-01
2.0739e-01,5.9029e+00,4.4446e-01,4.1944e+00
8.4457e-01,3.8979e+00,1.9786e+00,3.0511e+00
7.0802e-01,3.8041e+00,2.0664e+00,3.0951e+00
1.9609e-01,3.7589e+00,3.6742e+00,2.4100e+00
3.3398e+00,4.0444e+00,9.3995e-01,2.0430e+00
1.6053e+00,1.4191e+00,1.7616e+00,1.8526e+00
4.7050e+00,1.5751e-02,1.3294e+00,4.2938e+00
2.6044e+00,1.0598e+00,3.4969e+00,1.8529e+00
2.7582e+00,9.2009e-01,3.4682e+00,2.0319e+00
7.0201e+00,2.4843e+00,2.4430e-01,1.7467e+00
6.9258e-02,4.9987e+00,5.2458e+00,1.8950e-01
2.6449e+00,3.8129e+00,2.8325e+00,5.6618e-01
5.7458e+00,3.4842e+00,2.1076e-01,1.6301e+00
1.5836e+00,2.5929e+00,2.7981e+00,1.5115e+00
2.2805e+00,2.7169e+00,1.2095e-01,3.7232e+00
1.0725e+00,1.4651e+00,2.4249e+00,1.9276e+00
1.0747e+00,3.7881e+00,3.3970e+00,1.7474e+00
1.9156e+00,5.5083e-01,2.5051e+00,3.0087e+00
2.7356e+00,2.2016e-01,6.2475e+00,1.9232e+00
2.0368e+00,1.0180e+00,5.5456e-02,6.4088e+00
2.7497e+00,4.2284e+00,6.0122e-01,2.6203e+00
2.7108e+00,1.9195e+00,2.2427e+00,1.6248e+00
2.3429e+00,8.1879e+00,4.2491e-02,3.8644e-01
7.4103e-01,3.8601e+00,2.3560e+00,2.7904e+00
3.3721e-01,1.3103e+00,3.4015e+00,3.8894e+00
8.3400e-01,5.0361e-01,2.1518e+00,3.7654e+00
2.5834e+00,2.2486e-02,5.3581e+00,2.7408e+00
1.6518e+00,3.9231e+00,3.9521e+00,4.7852e-01
2.0903e+00,2.8130e+00,2.0639e+00,1.6957e+00
3.1527e+00,1.4650e+00,4.5804e-01,4.3998e+00
2.5380e+00,9.5973e-01,2.6458e+00,2.2276e+00
3.7191e+00,3.1398e+00,2.1760e+00,1.0494e+00
2.0133e+00,8.5145e-01,1.6129e+00,2.9419e+00
1.8113e+00,9.7402e-01,1.9165e+00,2.2592e+00
5.4134e-01,1.2391e+00,3.6863e+00,3.0099e+00
5.0521e+00,2.0382e+00,1.6805e+00,2.1947e+00
3.1546e+00,1.6811e+00,1.3660e+00,2.7189e+00
3.2600e+00,3.8770e+00,2.5603e+00,3.2826e-01
4.4083e+00,2.9224e+00,2.7018e+00,1.8827e-01
1.3204e+00,2.2052e+00,5.1143e+00,8.1483e-01
3.9997e+00,8.5816e-01,5.2067e+00,4.8356e-01
2.0661e+00,1.7217e+00,2.2397e+00,1.6029e+00
1.2345e+00,2.9592e+00,2.0194e+00,2.4057e+00
8.2078e-01,2.6617e+00,2.5816e+00,2.4575e+00
2.5778e+00,3.3174e+00,1.5970e+00,1.9520e+00
4.7855e+00,2.4910e+00,2.7722e+00,5.4888e-01
1.1499e+00,2.9945e+00,3.4450e+00,1.7244e+00
5.7930e+00,1.8071e+00,1.9961e+00,1.8752e+00
1.1464e+00,6.6243e+00,6.9832e-01,2.9826e+00
3.0802e+00,1.4082e+00,2.0487e+00,2.2517e+00
1.5687e-01,3.4894e+00,3.5748e-01,6.6474e+00
4.3738e+00,1.1302e+00,3.4323e+00,1.5442e+00
1.5789e+00,4.4400e+00,1.4969e+00,2.8360e+00
1.8948e+00,6.1587e+00,6.4671e-01,2.6974e+00
2.2771e+00,9.5832e-01,1.9608e+00,2.5034e+00
2.8424e-02,2.6865e+00,3.3845e+00,3.1955e+00
6.2712e-01,1.3374e+00,1.4603e+00,3.5574e+00
3.0754e+00,2.7275e+00,1.1745e+00,2.2979e+00
1.8530e+00,5.1727e+00,3.7564e-01,3.3223e+00
3.2070e+00,3.8996e+00,1.1564e+00,1.9807e+00
2.0213e+00,5.5819e-01,2.2296e+00,3.0885e+00
1.1824e+00,2.9820e+00,4.9078e+00,9.3917e-01
3.4377e+00,2.0296e+00,6.4469e-01,3.2691e+00
2.0529e+00,2.4273e+00,1.3062e+00,2.3406e+00
4.8041e+00,4.4435e+00,6.0768e-01,1.0903e+00
4.5075e+00,2.0094e+00,2.3577e+00,1.6493e+00
3.5029e+00,2.6175e+00,2.8971e+00,5.8026e-01
2.8883e+00,6.4943e-01,3.2788e+00,2.4152e+00
2.9610e+00,7.7007e-01,3.5951e+00,2.1509e+00
4.1100e+00,2.6250e+00,2.0553e+00,1.4649e+00
1.0958e+00,2.0807e+00,4.4060e+00,1.6237e+00
9.4036e-01,1.3510e+00,1.3170e+00,2.6161e+00
3.4236e+00,4.3027e+00,2.0881e+00,7.1470e-01
3.2173e+00,1.1470e+00,3.0067e+00,1.9231e+00
2.3817e+00,3.4022e+00,8.2928e-02,3.4215e+00
3.9250e+00,8.2900e-01,1.3463e+00,3.8439e+00
2.2524e+00,3.4015e+00,3.3176e+00,4.6044e-01
2.6759e+00,1.5481e+00,2.3786e+00,1.7723e+00
2.9988e+00,1.6377e+00,3.2289e+00,1.2681e+00
1.6523e+00,1.8112e+00,1.6580e+00,1.9211e+00
9.8219e-01,1.0091e+00,1.4189e+00,2.2758e+00
2.7568e+00,1.0071e+00,1.3300e+00,3.5668e+00
1.8735e+00,4.3737e+00,3.6346e+00,3.0456e-01
5.0639e+00,2.4703e+00,2.1576e+00,1.3121e+00
1.6607e+00,2.4088e+00,1.9787e+00,1.8637e+00
6.7328e+00,2.0863e+00,1.4646e+00,1.5340e+00
2.6731e+00,2.0011e+00,1.1525e+00,2.5991e+00
3.4574e-01,1.0763e+00,3.9971e+00,3.6526e+00
3.4737e+00,1.6949e+00,7.8134e-02,4.3182e+00
2.9019e+00,3.7089e+00,2.3967e+00,9.4255e-01
3.4284e+00,2.6289e+00,2.8102e+00,6.9975e-01
8.3518e+00,9.1518e-01,7.0387e-01,1.4338e+00
4.4535e+00,4.2533e+00,2.0616e-01,1.7546e+00
3.9485e+00,4.0392e+00,1.3839e+00,1.3189e+00
3.5303e+00,3.4184e+00,2.3768e-01,2.6366e+00
3.2188e+00,1.6594e+00,1.0860e+00,3.1149e+00
3.3314e+00,2.9040e+00,3.4912e-01,2.8788e+00
4.0587e-01,4.1104e-01,4.1845e+00,2.7914e+00
1.9137e+00,9.6363e-01,4.0951e-01,5.8628e+00
3.9642e+00,5.2318e-01,1.0537e+00,4.6615e+00
2.0508e+00,4.3633e+00,3.2824e+00,5.5965e-01
1.6835e+00,7.1690e-01,2.0454e+00,2.7131e+00
2.7648e+00,2.2732e+00,2.0634e+00,1.6192e+00
1.0640e+00,8.1928e-01,1.6683e+00,2.3849e+00
3.2860e-01,2.8058e+00,2.4950e+00,3.1899e+00
2.2197e+00,2.4544e+00,1.9310e+00,1.7169e+00
2.8681e-01,1.9944e+00,3.9055e+00,3.2968e+00
1.0732e+00,2.9911e+00,3.0470e+00,1.9777e+00
7.6282e-01,3.3838e+00,5.4976e+00,1.0125e+00
2.5452e+00,5.7900e+00,2.8963e-01,2.4855e+00
1.1397e+00,1.2642e+00,1.4537e+00,2.0953e+00
3.2902e-01,2.3683e+00,2.8928e+00,3.1625e+00
2.8554e+00,1.9647e+00,8.1780e-01,3.1084e+00
1.2196e+00,1.6403e+00,1.4695e+00,2.1965e+00
1.1657e+00,1.0124e+00,1.5420e+00,2.1091e+00
2.7523e+00,3.3632e+00,4.0539e-01,2.9152e+00
1.1771e+00,3.3395e+00,2.1259e+00,2.4917e+00
5.3831e+00,2.1141e+00,2.6781e+00,9.4120e-01
2.8627e+00,5.1016e-01,2.5353e+00,2.9110e+00
3.5392e+00,4.3355e+00,2.2039e+00,3.7607e-01
1.2609e+00,1.9031e+00,2.0414e+00,1.9069e+00
2.7419e+00,2.3158e-01,3.6117e+00,2.8896e+00
5.3789e-01,5.1669e+00,1.4010e+00,3.6475e+00
8.8963e-02,3.0420e+00,3.2660e+00,2.9699e+00
2.6183e+00,4.6737e-01,2.7179e+00,2.9116e+00
2.6895e+00,5.6451e-01,4.0840e+00,2.3876e+00
5.3512e-01,2.3797e+00,3.9708e+00,2.6006e+00
1.6414e+00,3.1594e+00,8.5066e-01,3.4688e+00
2.3518e+00,2.2060e+00,2.0709e+00,1.6094e+00
5.3357e+00,2.0444e+00,4.3603e-01,3.0508e+00
1.8442e+00,1.8930e+00,4.5952e+00,5.6256e-01
3.4662e+00,9.4352e-03,2.7010e+00,3.1814e+00
1.3913e+00,3.0141e+00,1.4477e+00,2.8727e+00
4.1673e+00,1.9903e-01,2.7885e+00,2.8290e+00
7.3589e-01,2.1930e+00,4.1633e+00,2.2915e+00
3.7343e+00,3.6151e+00,2.2600e+00,6.1979e-01
3.2261e+00,3.4964e+00,2.4201e+00,7.6720e-01
2.5736e+00,4.2229e+00,4.2722e-02,3.0890e+00
2.5515e+00,2.9358e+00,1.1723e+00,2.3659e+00
3.2786e+00,1.7249e+00,6.1402e-01,3.6926e+00
3.3057e+00,3.5007e+00,2.6609e+00,3.3655e-01
3.4694e+00,1.8053e+00,3.8018e-01,3.8348e+00
3.0622e+00,1.8535e+00,2.5856e+00,1.4908e+00
3.0041e+00,1.6347e+00,2.0630e+00,2.0222e+00
3.0136e+00,3.4477e-03,4.1605e+00,2.7786e+00
2.8612e+00,1.6649e+00,8.6300e-01,3.3834e+00
1.1641e+00,3.4133e+00,2.8820e+00,1.9841e+00
2.6968e+00,9.7569e-01,3.7606e+00,1.8837e+00
2.7776e+00,1.5446e+00,2.3066e+00,1.8481e+00
1.4077e+00,5.7867e-01,2.8357e+00,3.0220e+00
2.3362e+00,3.6462e-01,5.5035e+00,2.4425e+00
5.6385e-01,1.8770e+00,3.7420e+00,2.8025e+00
2.0468e+00,3.1754e+00,2.4125e+00,1.5006e+00
2.4048e+00,9.1306e-01,2.5249e+00,2.3119e+00
1.5322e+00,5.1838e-01,1.3401e+00,4.3868e+00
5.6943e-01,7.3343e-01,2.3594e+00,3.2900e+00
1.3868e+00,3.4961e+00,8.4379e-01,3.8561e+00
1.5849e+00,2.7905e+00,3.4059e+00,1.2329e+00
4.9912e+00,3.4785e+00,1.3418e+00,1.2262e+00
1.6270e+00,5.0483e+00,3.0396e+00,1.2042e+00
2.1829e+00,1.0652e-01,1.8436e+00,4.6298e+00
1.6595e+00,1.0480e+00,2.4603e+00,1.9757e+00
3.1195e+00,6.8792e-01,2.2407e+00,2.9081e+00
9.4544e-01,1.3630e+00,1.3630e+00,2.5229e+00
1.5964e+00,1.9188e+00,1.8279e+00,1.8372e+00
3.5965e+00,2.8187e-01,5.1511e+00,1.7260e+00
2.3157e+00,7.1114e-01,1.6749e+00,3.3686e+00
6.8194e-01,2.6175e+00,4.3576e+00,2.1779e+00
1.8102e+00,3.6823e+00,8.0535e-01,3.3269e+00
4.1451e-01,2.5172e+00,2.0437e+00,3.5268e+00
8.7717e-01,2.5573e+00,2.4013e+00,2.4481e+00
3.5368e+00,1.7006e-01,1.8480e-01,6.7917e+00
1.3117e+00,2.5795e+00,1.1565e+00,3.2778e+00
6.9962e+00,1.2305e+00,2.1690e+00,1.4106e+00
2.2273e+00,2.6887e+00,9.4610e-01,2.7435e+00
1.2895e+00,7.2662e-01,1.9705e+00,2.6163e+00
4.7092e+00,4.1102e+00,5.6913e-01,1.4867e+00
1.4500e+00,1.9129e+00,1.9955e+00,1.8022e+00
9.7547e-01,3.1864e+00,1.4681e+00,3.4758e+00
3.5956e-01,7.0583e+00,8.2466e-02,3.4233e+00
6.9285e-01,2.2483e+00,6.6814e-01,5.9461e+00
2.1546e+00,2.1610e+00,2.9559e+00,1.1139e+00
3.3242e+00,9.4282e-01,1.0756e+00,4.2440e+00
2.5055e+00,2.7051e+00,2.9284e+00,8.2563e-01
2.2492e+00,6.1867e+00,1.4955e+00,1.7224e+00
1.8978e-01,2.3100e+00,2.9742e+00,3.4091e+00
1.8216e+00,5.9016e+00,1.6174e+00,2.1680e+00
2.4744e+00,2.4027e+00,8.9881e-01,2.7540e+00
1.4039e+00,2.4333e+00,1.0862e+00,3.2040e+00
1.3594e-01,2.4654e+00,2.1096e+00,3.9949e+00
9.9285e-01,1.1930e+00,3.6475e+00,2.0549e+00
9.5027e-01,1.5657e+00,1.3777e+00,2.6889e+00
1.5065e+00,1.2472e+00,7.1867e-01,4.2496e+00
5.4219e-01,7.7670e-01,4.1351e-01,5.5602e+00
9.0088e-01,2.5688e+00,5.5179e+00,1.2989e+00
2.4603e+00,3.9443e+00,3.2449e+00,6.6227e-02
3.6844e+00,3.6354e+00,2.3098e+00,5.5974e-01
7.0509e-01,7.6978e-01,1.2469e+00,3.3524e+00
1.3455e+00,4.5868e+00,1.3639e+00,3.1674e+00
9.8507e-01,1.7520e+00,3.4668e+00,2.0221e+00
3.5341e+00,1.5430e+00,4.4482e+00,2.8345e-01
3.1182e+00,1.0712e+00,4.1387e+00,1.5097e+00
1.7173e+00,1.8098e+00,1.7579e+00,1.8416e+00
8.3548e-01,3.0625e+00,5.9878e+00,6.7509e-01
1.9465e+00,4.5204e+00,1.1868e+00,2.7834e+00
4.9668e-01,1.4969e+00,5.5313e+00,2.4989e+00
1.4514e+00,6.8912e-01,1.1926e+00,3.9607e+00
9.7151e-01,4.6503e+00,4.5363e+00,4.4099e-01
6.3486e-01,1.8654e+00,2.8194e+00,2.7457e+00
1.9220e+00,1.0039e+00,2.4571e+00,2.0902e+00
9.6569e-01,1.0173e+00,1.6073e+00,2.1593e+00
3.2233e+00,3.7473e-02,3.8963e+00,2.6979e+00
2.5395e+00,2.4621e-01,2.5071e+00,3.3928e+00
2.1990e+00,1.9214e+00,1.6429e+00,1.9748e+00
1.8867e+00,7.8477e-01,1.7835e+00,2.8052e+00
8.2219e-01,1.4156e+00,1.5162e+00,2.6720e+00
2.1775e+00,2.5208e+00,1.4071e+00,2.2096e+00
2.4149e+00,2.1825e+00,1.8199e+00,1.8106e+00
2.1969e+00,4.5046e-01,2.9166e+00,3.0210e+00
1.2602e+00,4.6171e+00,3.9328e+00,8.0051e-01
7.1093e-01,1.6361e+00,1.4336e+00,3.4585e+00
6.5152e-01,1.0709e+00,2.3021e+00,2.8532e+00
4.7869e+00,7.8359e-01,4.1256e+00,1.0948e+00
6.9392e+00,2.0424e+00,2.2663e+00,2.4859e-01
2.2884e+00,2.5946e+00,1.9470e+00,1.6983e+00
2.9193e+00,3.7350e+00,2.5494e+00,7.2593e-01
1.3088e+00,2.1478e+00,2.1273e+00,1.9231e+00
3.6648e+00,3.2483e+00,2.0898e+00,1.1045e+00
1.7859e+00,1.9807e+00,3.0865e+00,1.2703e+00
2.5351e-01,1.7795e+00,3.9398e+00,3.5495e+00
3.0716e+00,1.7196e+00,9.5951e-01,3.1952e+00
3.5846e+00,3.8958e+00,2.5065e+00,4.1768e-02
2.2345e+00,1.5459e+00,1.5034e+00,2.2702e+00
2.2151e+00,2.6674e+00,2.2332e+00,1.4982e+00
7.3748e-01,2.3859e+00,3.7702e+00,2.3071e+00
3.5682e+00,1.5539e+00,2.5141e-01,4.3487e+00
1.8563e+00,4.8771e-01,1.7322e+00,3.8689e+00
2.0300e+00,4.9060e+00,1.4225e+00,2.4561e+00
3.0223e+00,4.3760e+00,1.1441e-01,2.6629e+00
1.3008e+00,1.9109e+00,2.0072e+00,1.8921e+00
3.9956e-01,3.4645e+00,4.2688e+00,2.1237e+00
6.9692e-01,1.3716e+00,3.1058e+00,2.6314e+00
5.8841e+00,7.5970e-01,4.0626e+00,8.8049e-02
1.5286e+00,1.1217e+00,1.3201e+00,2.4386e+00
3.3376e+00,3.0154e-01,8.3352e-02,6.9615e+00
8.8122e-01,6.0711e-01,4.6783e+00,2.3742e+00
2.2177e+00,1.7508e+00,3.4176e-01,4.3818e+00
2.3967e-01,3.3864e+00,1.7805e+00,4.0208e+00
5.0891e+00,1.7863e+00,1.0986e+00,2.9012e+00
9.3465e-01,1.2202e+00,2.0069e+00,2.0977e+00
2.0946e+00,8.9706e-01,7.7296e-01,5.1230e+00
1.0318e+00,2.7125e+00,2.4456e+00,2.2617e+00
1.8237e+00,4.7543e+00,9.2784e-02,3.6606e+00
1.9300e+00,1.2626e+00,2.2755e+00,1.8344e+00
2.2384e+00,2.8545e+00,1.1939e+00,2.4603e+00
6.3042e+00,3.2782e+00,3.5218e-02,1.5375e+00
5.5814e-02,2.3383e+00,1.4839e+00,5.3004e+00
2.6092e+00,1.2230e+00,1.0964e+00,3.5883e+00
1.7707e+00,1.4795e+00,1.6436e+00,1.9577e+00
5.3591e-01,2.0883e+00,2.9862e+00,2.8782e+00
1.0917e+00,2.4797e+00,2.3600e+00,2.1660e+00
2.2830e+00,1.8888e+00,1.7693e+00,1.8920e+00
1.2087e+00,6.6609e+00,2.7335e+00,1.0190e+00
3.2763e+00,6.1834e-01,1.5744e+00,3.8665e+00
1.9653e+00,2.7767e+00,3.2428e+00,9.4032e-01
4.0292e-01,3.9659e+00,9.3321e-01,5.0031e+00
5.0733e+00,1.1001e+00,4.1089e+00,4.5721e-01
4.0869e+00,8.5009e-01,6.5843e-01,4.7238e+00
2.6960e+00,2.1852e+00,4.1411e-01,3.4795e+00
3.2813e+00,1.5039e+00,1.6306e+00,2.6277e+00
1.1069e+00,4.8110e+00,1.9430e+00,2.7894e+00
2.1353e+00,4.2606e+00,8.1073e-01,2.9607e+00
2.1968e+00,1.1584e+00,2.6050e+00,1.9226e+00
2.7384e+00,7.7921e-01,1.6605e+00,3.3879e+00
6.7129e-02,4.1062e+00,2.8736e+00,2.8592e+00
1.0670e+00,2.2235e+00,2.0345e+00,2.2689e+00
1.7515e+00,9.5582e-01,1.6355e+00,2.4656e+00
3.3652e+00,1.9283e-02,3.9260e+00,2.6183e+00
2.7359e+00,2.4006e+00,8.9116e-01,2.7306e+00
1.6321e+00,2.7345e+00,3.4840e+00,1.1426e+00
3.1173e+00,8.5299e-01,2.9954e+00,2.2534e+00
1.1481e+00,2.0086e+00,2.8658e+00,1.8547e+00
3.1987e+00,8.4382e-01,2.1435e-01,6.0411e+00
8.7595e-01,2.9946e+00,3.7650e+00,1.9529e+00
1.8985e+00,1.0895e-01,1.4473e-02,8.4944e+00
1.0786e+00,2.7643e+00,1.7118e+00,2.8250e+00
3.0786e+00,2.3280e+00,1.3541e+00,2.2783e+00
2.8435e+00,3.2676e-01,3.5989e+00,2.7301e+00
1.8974e-01,4.4961e+00,2.7640e+00,2.7783e+00
7.0714e-01,1.0815e+00,2.6343e+00,2.6270e+00
8.0857e+00,1.6436e+00,5.7801e-01,1.2278e+00
1.4307e+00,2.8803e+00,9.6137e-01,3.5665e+00
4.9660e+00,2.3571e+00,2.7824e+00,6.4904e-01
9.6932e-01,1.0600e+00,2.0792e+00,2.0944e+00
4.3152e+00,1.8168e+00,1.5536e+00,2.5736e+00
2.7665e+00,1.7786e+00,5.1251e-01,3.8257e+00
3.9081e+00,3.3559e+00,7.9647e-01,2.1818e+00
6.7394e+00,2.6112e+00,5.7031e-01,1.6659e+00
1.1487e+00,1.1771e+00,1.7060e+00,1.9463e+00
3.1591e-01,2.7006e+00,2.8330e+00,3.0504e+00
1.8778e+00,2.4156e+00,9.6352e-01,2.9024e+00
9.3145e-01,3.2941e+00,4.8004e+00,1.2924e+00
5.7058e+00,6.8011e-02,2.4879e+00,2.6732e+00
3.5544e+00,3.3495e+00,1.7297e-01,2.6932e+00
1.4799e+00,7.8278e-01,2.1705e+00,2.4447e+00
1.0266e+00,1.4834e+00,2.1616e+00,1.9925e+00
3.4346e+00,3.1262e+00,1.8949e+00,1.4346e+00
1.7614e+00,1.6900e+00,9.6952e-01,2.9585e+00
3.2679e+00,1.0824e+00,1.8449e+00,2.8476e+00
2.1155e+00,3.1565e+00,2.7093e-01,3.6047e+00
4.7457e+00,1.5464e+00,1.6106e+00,2.7320e+00
7.1703e-01,3.4870e+00,3.9841e+00,1.9025e+00
2.9809e+00,8.8211e-01,6.5972e-01,5.3526e+00
1.1793e+00,8.0998e-01,2.5195e+00,2.3564e+00
1.6760e+00,2.4154e+00,2.1809e+00,1.7270e+00
3.7919e-01,1.9504e+00,3.1522e+00,3.2797e+00
5.1731e+00,1.2863e+00,1.6004e+00,2.8817e+00
1.7609e+00,4.1499e+00,2.1742e+00,2.0437e+00
8.9867e-01,3.3871e+00,3.0640e+00,2.1599e+00
2.3679e+00,1.6409e+00,1.0285e+00,2.9821e+00
4.9373e+00,3.4887e+00,9.7431e-01,1.5789e+00
4.9304e+00,1.2475e+00,2.2295e+00,2.3902e+00
2.7385e+00,2.2423e+00,2.5546e+00,1.2482e+00
4.0923e+00,1.8228e+00,3.5503e+00,6.3236e-01
5.0995e-01,5.1649e+00,1.5018e+00,3.5699e+00
4.4231e-01,2.2100e+00,2.4734e+00,3.1869e+00
1.3471e+00,2.9176e+00,2.0280e+00,2.2685e+00
1.4416e+00,2.6018e+00,1.4073e+00,2.6808e+00
1.0237e+00,3.0726e+00,5.1951e+00,9.9035e-01
2.8405e-01,2.5392e+00,2.5103e+00,3.3309e+00
1.8575e+00,2.1413e+00,5.8642e-01,3.7221e+00
3.5592e+00,3.9464e+00,8.0837e-01,2.0556e+00
1.8306e+00,1.3873e+00,1.4301e+00,2.2386e+00
1.9182e+00,8.1640e-01,3.4081e+00,2.3102e+00
5.9823e+00,1.7601e+00,9.9508e-01,2.6771e+00
1.7632e+00,1.5306e+00,9.8908e-01,2.9943e+00
1.1795e+00,3.0058e+00,2.3592e+00,2.2242e+00
4.9713e-01,2.0267e+00,1.1909e+00,5.0271e+00
4.3347e-01,3.7180e+00,3.6890e+00,2.2324e+00
4.5363e+00,3.9232e+00,2.0028e+00,5.8018e-02
1.1619e+00,1.9442e+00,2.2808e+00,1.9365e+00
3.2044e+00,1.9067e+00,1.3933e-01,4.0099e+00
2.5219e+00,3.5050e+00,1.6588e+00,1.9259e+00
1.3162e+00,1.4153e+00,1.1286e+00,2.6468e+00
2.3560e+00,1.9733e+00,1.2898e+00,2.3711e+00
2.6282e+00,2.9869e-02,1.8494e+00,4.4692e+00
2.3197e+00,4.2648e+00,3.3194e+00,3.4765e-02
1.4761e+00,3.7060e+00,2.6951e+00,1.8268e+00
3.0720e+00,1.2565e+00,1.5462e+00,2.9294e+00
3.5848e+00,1.0145e+00,1.3934e+00,3.5683e+00
3.1415e+00,2.0027e+00,3.0639e+00,1.0182e+00
3.4754e+00,3.6026e+00,2.9884e-01,2.5492e+00
2.1511e+00,7.5897e-01,2.6598e+00,2.4897e+00
1.9925e+00,2.7124e+00,4.1611e-01,3.6864e+00
1.3079e+00,2.2541e+00,8.5100e-01,3.9224e+00
1.0001e-01,2.8530e-01,5.0021e+00,3.7306e+00
2.6232e+00,2.6036e+00,1.4121e+00,2.1346e+00
2.2621e+00,6.9754e+00,1.5777e+00,9.5778e-01
1.8311e+00,2.0905e+00,1.7759e+00,1.8585e+00
1.1700e+00,3.2818e-01,2.0398e+00,4.7864e+00
1.1425e+00,1.2999e+00,2.3628e+00,1.8747e+00
5.0298e+00,1.5695e+00,3.6097e+00,5.1503e-01
2.3588e+00,2.3855e+00,2.3254e+00,1.4028e+00
1.3901e+00,2.1491e+00,2.4187e+00,1.7384e+00
4.7873e+00,2.1636e+00,3.3012e+00,1.0808e-01
3.6749e+00,2.0180e+00,4.6059e-01,3.4463e+00
1.3839e+00,1.7543e+00,1.8951e+00,1.8362e+00
1.1008e+00,2.6272e-05,6.5181e+00,3.4231e+00
1.2366e+00,1.5177e+00,1.7045e+00,1.9346e+00
9.6396e-01,1.4797e+00,5.2132e+00,1.5566e+00
2.1966e+00,2.4452e+00,6.8542e-01,3.1453e+00
3.5584e-01,4.4717e+00,1.1454e+00,4.4065e+00
2.1803e+00,2.7793e+00,4.0778e-01,3.4687e+00
2.8722e+00,2.5046e-01,4.6508e+00,2.5159e+00
5.1513e+00,3.6480e-01,3.4362e-01,4.7398e+00
2.9952e+00,3.9113e+00,2.1319e+00,1.1457e+00
8.4492e-01,2.1073e+00,2.2359e+00,2.4599e+00
6.6609e-01,1.3379e+00,1.8618e+00,2.9173e+00
1.3646e+00,3.6685e+00,4.1551e+00,8.7408e-01
4.1655e+00,2.6804e+00,2.8351e-01,2.8853e+00
3.1115e+00,3.4538e+00,1.8845e+00,1.4466e+00
5.2055e+00,6.4984e-01,8.8688e-01,4.0267e+00
3.6285e+00,5.8784e+00,2.1923e-03,1.4759e+00
2.0065e+00,1.8425e+00,3.0173e+00,1.2582e+00
1.0590e+00,5.3827e+00,1.9601e+00,2.6776e+00
1.3007e+00,9.7150e-01,2.1445e+00,2.0453e+00
2.2405e+00,2.3074e+00,2.4916e+00,1.3229e+00
3.4488e+00,2.2540e+00,4.7104e-02,3.5656e+00
1.8297e+00,2.0068e+00,1.1614e+00,2.5266e+00
2.7719e+00,1.6728e+00,4.4474e+00,4.0736e-01
2.9247e+00,1.9411e+00,8.3923e-01,3.1068e+00
7.2453e-01,4.6351e+00,1.5851e+00,3.4974e+00
2.9625e+00,1.5446e+00,2.8609e+00,1.5657e+00
4.4297e+00,2.7356e+00,1.0553e+00,2.2610e+00
3.1483e+00,6.8616e-01,1.6305e+00,3.6668e+00
3.2701e+00,1.4678e+00,1.9579e+00,2.3360e+00
2.5438e+00,1.8710e+00,2.3745e+00,1.5334e+00
3.4745e-01,3.8921e+00,7.3695e-01,5.4468e+00
3.0861e+00,4.3452e+00,1.8489e+00,1.2891e+00
2.1822e+00,9.3573e-01,3.1604e+00,2.1181e+00
2.5475e+00,8.5364e-02,1.8595e+00,4.4116e+00
2.0938e+00,2.7713e+00,2.7056e+00,1.2160e+00
1.6628e+00,1.1677e+00,4.1553e+00,1.6478e+00
2.9270e+00,1.2018e+00,1.8902e+00,2.5462e+00
6.6606e+00,5.1692e-01,1.9900e+00,2.3741e+00
3.3021e+00,2.9017e+00,3.6542e-01,2.8767e+00
4.0578e+00,1.0231e+00,3.1695e+00,1.9124e+00
8.2093e+00,2.3158e+00,3.6935e-01,6.8440e-02
2.2809e-01,3.0373e+00,5.0538e+00,2.2749e+00
2.6442e+00,4.8218e-01,3.8132e+00,2.5838e+00
7.7783e-01,5.9830e+00,2.5261e+00,2.1059e+00
2.1843e+00,2.0173e+00,8.4444e-01,3.0264e+00
1.1470e+00,1.2002e+00,1.8984e+00,1.9033e+00
2.4924e-01,3.8393e+00,2.4723e+00,3.1124e+00
3.0801e+00,3.4704e+00,2.1248e+00,1.2056e+00
2.2164e+00,4.4963e+00,1.1689e-01,3.3180e+00
7.4899e+00,7.7694e-01,1.9622e+00,1.5066e+00
3.6410e+00,6.8993e-01,4.5809e+00,1.5572e+00
3.2276e-02,2.8122e+00,2.5104e+00,3.5378e+00
3.5970e+00,3.9909e-01,6.3940e+00,4.4445e-01
2.3655e+00,2.3280e+00,1.2581e+00,2.3408e+00
4.8753e+00,1.1765e+00,4.3482e+00,7.5834e-02
1.6745e+00,1.6673e+00,1.7484e+00,1.8396e+00
3.6593e+00,2.6167e+00,1.8597e+00,1.6873e+00
4.0677e+00,2.7405e+00,4.1616e-01,2.7788e+00
1.0350e+00,3.3322e+00,2.9478e+00,2.0778e+00
3.9250e+00,3.3524e+00,1.1705e+00,1.8860e+00
1.5556e+00,2.6938e+00,2.4359e+00,1.7384e+00
2.0587e+00,1.1835e+00,2.5105e+00,1.8864e+00
2.0067e+00,1.8278e+00,2.2238e+00,1.5755e+00
4.5079e+00,2.6923e+00,2.8075e+00,2.9702e-01
1.4640e+00,2.3090e+00,2.1468e+00,1.8495e+00
2.9660e+00,3.3916e+00,1.2256e-01,2.9711e+00
4.1870e+00,2.8634e+00,2.7766e+00,2.4569e-01
4.0716e+00,1.1177e+00,3.4852e+00,1.5889e+00
1.6493e-01,4.6561e-01,4.2265e+00,4.1456e+00
3.2409e+00,4.9999e+00,8.0121e-02,2.2983e+00
3.0768e-01,2.5701e+00,2.2491e+00,3.4888e+00
1.3072e+00,1.5771e+00,1.8744e+00,1.8370e+00
1.3994e+00,1.0889e+00,2.0430e+00,1.9206e+00
8.0125e-01,4.7996e+00,4.3680e+00,7.9040e-01
3.2341e-01,3.2596e+00,3.2711e+00,2.6718e+00
1.1758e+00,3.7817e+00,2.4143e+00,2.3303e+00
2.9547e+00,2.0502e+00,8.1262e-01,3.0448e+00
3.0254e+00,1.3856e+00,2.5551e+00,1.9015e+00
3.0973e+00,4.7868e-02,3.3625e+00,2.9399e+00
2.7368e+00,4.9895e-02,6.4755e+00,1.9719e+00
3.4066e-01,4.7902e+00,1.3545e+00,4.0022e+00
4.1388e+00,1.2348e+00,3.4263e-01,4.4918e+00
1.2041e+00,3.9206e+00,4.3171e+00,8.6818e-01
2.8260e+00,1.4095e+00,2.5732e+00,1.8232e+00
3.7593e+00,1.7632e+00,3.4500e+00,9.0443e-01
4.2299e+00,4.0947e-01,6.8116e-01,5.1497e+00
4.3892e+00,3.0308e+00,1.8413e+00,1.3291e+00
5.7179e+00,2.4437e+00,2.5776e+00,3.7992e-01
3.1073e+00,1.7654e+00,2.9823e+00,1.2988e+00
3.1917e+00,1.2429e+00,3.8231e+00,1.4088e+00
1.6795e+00,6.7276e-01,2.4100e+00,2.7296e+00
2.4707e+00,3.6708e+00,2.4816e+00,1.1660e+00
3.2976e+00,4.5277e+00,2.1450e+00,6.3968e-01
6.3477e+00,4.1796e-01,1.7605e+00,2.8270e+00
3.6708e+00,7.2532e-02,5.0110e+00,1.9216e+00
1.2415e+00,9.5735e-01,1.9607e+00,2.0664e+00
2.6034e+00,4.4338e-01,6.4566e+00,1.5142e+00
2.9429e+00,2.6253e+00,1.5224e+00,2.0063e+00
4.5427e+00,1.3852e+00,3.1330e+00,1.5057e+00
7.7953e-01,7.8190e-01,1.8820e+00,2.7143e+00
2.7077e+00,1.6097e+00,1.4271e+00,2.5429e+00
2.0839e+00,2.8660e+00,1.5500e+00,2.1619e+00
1.6870e+00,1.7641e+00,1.9468e+00,1.7277e+00
6.7146e+00,2.2274e+00,1.6368e+00,1.2060e+00
3.1098e-01,3.1963e+00,1.0361e+00,5.5006e+00
3.6543e+00,8.0154e-01,1.6705e+00,3.4558e+00
2.1293e+00,1.7046e+00,1.5039e+00,2.1448e+00
7.1570e-01,4.6664e+00,9.5855e-01,4.1846e+00
4.3451e+00,3.0390e+00,6.6508e-01,2.3472e+00
1.3530e+00,1.3176e+00,2.4783e+00,1.7564e+00
5.9644e-01,3.8760e-01,2.8729e+00,3.8068e+00
3.2227e+00,5.9685e+00,1.6701e+00,3.9067e-01
1.5246e-01,1.6639e+00,2.1853e+00,4.7301e+00
4.1356e+00,1.2740e+00,4.7191e+00,2.1861e-02
4.7021e+00,3.0393e+00,2.1203e+00,8.7989e-01
3.3309e+00,5.8901e-01,4.9599e+00,1.6795e+00
6.2719e+00,1.5735e+00,1.2495e+00,2.4981e+00
1.1575e+00,3.9713e+00,1.7490e+00,2.9818e+00
5.4623e-01,2.6809e+00,5.6132e+00,1.8555e+00
5.9988e+00,4.2484e-01,8.4126e-01,3.7472e+00
3.5179e+00,6.0803e+00,1.1852e+00,4.6919e-01
1.1511e+00,9.8553e-02,3.8523e+00,4.8079e+00
4.2541e+00,1.9976e-01,1.2970e+00,4.4597e+00
1.6351e+00,3.8746e-01,7.2235e+00,1.4986e+00
1.3232e+00,2.7514e+00,4.1263e+00,1.2379e+00
2.7180e-01,2.3005e+00,1.5191e+00,4.8275e+00
1.0358e+00,1.8103e+00,2.8453e+00,1.9867e+00
1.2533e+00,1.1975e+00,1.5412e+00,1.9999e+00
1.1342e+00,1.3019e+00,1.5949e+00,1.9984e+00
1.1738e+00,2.0284e+00,2.4327e+00,1.9084e+00
7.3287e-02,1.3081e+00,6.8075e+00,2.9133e+00
3.0763e+00,4.2485e+00,1.5230e+00,1.6524e+00
1.1801e+00,1.2479e+00,1.2145e+00,2.4526e+00
9.8364e-01,1.0717e+00,1.4752e+00,2.1947e+00
1.5559e+00,3.2520e+00,3.1410e+00,1.4133e+00
4.9569e+00,3.3631e+00,1.7168e+00,9.3615e-01
1.2922e+00,3.7073e+00,1.6491e+00,2.9244e+00
1.6102e+00,1.4011e+00,1.7196e+00,1.8825e+00
2.0800e+00,9.5761e-01,1.9422e+00,2.4164e+00
9.7322e-01,7.3874e+00,1.0321e+00,2.2959e+00
3.0558e-01,1.3005e-01,3.9346e+00,4.2604e+00
1.3694e+00,4.5422e+00,3.1562e-01,4.1259e+00
4.3806e+00,1.8278e+00,1.7553e+00,2.3768e+00
6.9157e+00,2.6212e-01,3.5917e+00,6.7431e-02
3.5888e+00,1.4544e+00,4.1645e+00,7.4793e-01
2.1091e+00,1.5119e+00,5.2864e+00,2.3663e-01
1.0658e+00,3.3114e+00,2.5116e+00,2.3061e+00
2.1134e+00,2.6500e+00,2.5086e+00,1.3393e+00
1.6564e+00,2.5170e+00,3.7050e+00,1.0290e+00
3.4564e+00,2.9409e+00,2.6336e+00,6.8024e-01
4.0102e+00,2.0692e+00,1.9747e+00,1.9644e+00
4.2327e+00,2.9180e+00,7.8395e-01,2.3732e+00
2.7383e+00,3.1916e+00,2.2398e+00,1.2867e+00
4.8434e+00,4.1242e+00,4.2814e-01,1.4769e+00
4.3804e+00,1.2519e+00,2.4862e-01,4.4155e+00
4.1134e-01,3.5170e+00,1.2500e+00,4.7147e+00
3.3780e+00,8.8229e-01,2.5919e+00,2.4516e+00
1.4931e+00,2.6940e+00,4.7545e+00,5.4264e-01
4.8431e+00,5.0449e-01,4.7922e+00,5.9429e-01
5.5344e+00,7.0173e-01,6.4175e-01,3.9945e+00
2.7629e-01,8.8075e-01,4.2667e+00,3.8047e+00
3.0490e+00,8.3172e-01,1.2391e+00,4.1570e+00
2.7181e+00,2.2828e+00,2.9666e+00,9.1247e-01
2.4333e+00,1.8373e+00,2.8016e+00,1.3074e+00
2.7689e+00,3.9329e+00,2.2442e+00,1.1762e+00
2.9495e+00,2.8590e+00,3.1560e+00,2.1558e-01
6.0880e-01,1.9996e+00,5.2671e+00,2.2579e+00
8.0279e-01,1.6059e+00,1.7426e+00,2.6236e+00
3.4380e+00,3.3185e-01,5.2726e+00,1.7391e+00
7.5162e-01,7.3177e-01,4.4830e-01,5.2584e+00
8.2004e-01,4.8605e+00,1.6784e+00,3.2660e+00
2.1583e+00,3.5432e-01,2.7164e+00,3.3013e+00
7.6533e+00,1.3002e+00,1.8357e+00,9.6788e-01
2.8578e+00,1.8933e+00,2.9333e+00,1.2054e+00
1.5719e+00,1.6694e+00,1.5051e+00,2.0345e+00
3.8423e+00,1.2941e+00,2.7119e+00,1.9947e+00
1.3674e+00,1.3724e+00,2.0619e+00,1.7647e+00
2.0161e+00,5.9750e+00,9.3034e-01,2.5027e+00
3.9075e+00,1.9655e+00,3.5437e-01,3.5619e+00
2.1566e+00,2.2348e+00,1.7196e+00,1.8864e+00
2.1903e+00,2.0931e+00,8.1365e-01,3.0469e+00
8.7865e-01,1.6311e+00,5.6962e+00,1.4337e+00
2.3250e+00,2.2956e+00,1.7559e+00,1.8500e+00
6.4651e-01,4.0618e+00,5.8891e-01,5.1220e+00
8.9152e-01,1.1846e+00,1.6135e+00,2.2516e+00
2.1785e+00,1.8622e+00,1.1456e+00,2.5707e+00
3.4181e+00,4.9126e+00,2.0266e+00,4.3071e-01
1.9396e+00,1.3104e+00,1.1182e+00,2.9774e+00
4.7299e+00,1.4265e+00,3.4084e+00,1.1310e+00
4.1047e+00,2.3173e+00,6.6611e-01,2.9330e+00
9.1764e-01,1.6187e+00,2.1063e+00,2.2031e+00
3.2535e+00,2.8878e+00,1.7702e+00,1.6749e+00
2.4349e+00,1.9309e+00,1.4011e+00,2.2739e+00
1.9429e+00,5.2525e+00,2.3083e+00,1.6238e+00
3.1391e+00,1.5479e+00,1.6685e+00,2.4990e+00
1.3319e+00,3.3202e+00,4.5883e+00,7.2132e-01
4.0485e+00,3.9926e-01,1.1195e+00,4.6532e+00
9.6449e-01,1.7164e+00,3.4437e+00,2.0587e+00
5.6283e-01,1.4078e+00,2.4654e+00,3.1513e+00
2.0425e+00,2.0229e+00,2.2980e+00,1.5028e+00
2.1891e+00,1.7011e+00,1.7640e+00,1.9293e+00
3.1979e+00,3.9635e+00,2.6941e+00,6.0124e-02
2.1765e+00,2.8150e+00,1.1697e+00,2.5111e+00
4.7072e+00,9.5365e-01,5.8512e-02,4.7215e+00
3.0066e+00,2.9131e+00,1.1477e+00,2.2798e+00
4.0149e+00,5.0631e+00,3.2409e-01,1.4883e+00
2.4907e+00,1.6462e-01,2.8807e+00,3.3452e+00
8.2499e-01,4.5953e+00,4.7929e+00,3.8901e-01
7.0248e-01,2.5629e+00,4.2236e+00,2.2046e+00
1.2999e+00,9.5732e-01,1.4331e+00,2.3380e+00
2.7927e+00,2.6725e+00,1.4877e+00,2.0372e+00
2.9360e+00,6.5454e+00,1.2505e+00,8.3587e-01
3.4012e+00,9.5266e-01,4.3427e+00,1.4690e+00
1.1363e+00,2.4179e+00,1.6621e+00,2.6159e+00
2.3573e+00,4.9037e-01,3.0836e+00,2.8421e+00
8.3454e-01,2.4894e+00,2.4747e+00,2.4613e+00
6.3504e-01,6.9585e-01,2.4913e+00,3.0292e+00
1.7443e+00,4.6726e-01,5.2462e+00,2.6618e+00
2.7588e+00,1.3129e+00,1.7174e+00,2.5227e+00
4.2573e-01,8.8022e+00,6.3749e-01,1.0749e+00
2.7115e+00,2.8091e+00,2.9762e-01,3.1929e+00
2.5384e+00,2.1035e+00,1.4293e+00,2.2090e+00
1.2690e-01,5.6457e-01,3.2030e+00,5.7987e+00
4.2950e+00,4.6597e+00,1.1496e+00,8.5192e-01
4.9075e-01,1.7840e+00,1.9466e+00,3.5908e+00
1.4613e+00,3.2703e+00,3.7900e+00,1.1183e+00
3.9448e+00,8.6656e-01,7.7956e-01,4.6196e+00
7.7552e-01,1.1117e-01,5.6988e+00,3.7502e+00
3.4613e+00,2.5724e+00,2.9878e+00,5.1166e-01
3.5205e+00,3.5944e+00,2.5641e+00,2.6432e-01
5.2251e-01,2.0774e+00,7.5368e+00,2.4028e-01
4.3948e+00,5.6548e-01,4.4248e+00,1.3187e+00
1.4535e+00,9.3164e-01,1.7046e+00,2.2450e+00
2.6063e+00,3.5039e+00,3.0058e+00,4.3734e-01
7.2868e-01,3.4050e+00,4.4453e+00,1.7115e+00
3.7688e+00,1.2763e+00,3.6529e+00,1.3532e+00
3.1842e+00,4.2490e+00,4.6949e-01,2.3988e+00
1.5230e+00,3.8641e+00,3.7354e+00,9.4176e-01
1.8142e+00,5.0335e-01,2.4088e+00,3.2193e+00
1.5224e+00,2.4568e+00,3.1973e+00,1.3948e+00
1.1040e+00,1.2815e+00,2.1358e+00,1.9040e+00
4.6382e-01,7.6256e-01,3.0157e+00,3.4163e+00
2.8647e+00,2.5447e+00,1.0212e+00,2.5256e+00
3.0326e+00,2.0695e+00,1.3250e+00,2.4364e+00
2.6384e+00,1.5569e+00,4.6712e+00,5.0592e-01
3.3808e+00,2.5094e+00,1.8760e+00,1.7269e+00
1.9126e+00,1.2677e+00,1.8626e+00,1.9928e+00
1.2545e+00,1.2471e+00,6.4467e-01,4.5347e+00
1.2218e+00,2.2306e+00,2.1294e+00,2.0389e+00
4.4094e+00,6.5262e-01,2.6625e+00,2.5644e+00
2.9137e+00,2.6505e+00,2.3918e+00,1.2108e+00
8.9080e-01,1.2277e+00,1.9583e+00,2.1731e+00
3.8446e+00,1.7317e+00,3.5583e+00,8.2313e-01
1.2155e+00,2.7364e+00,1.3517e+00,3.1403e+00
4.1317e+00,9.9814e-01,3.8131e+00,1.4603e+00
1.7789e+00,2.1045e+00,8.3940e-01,3.2034e+00
1.0256e+00,2.3280e+00,2.2473e+00,2.2520e+00
2.5070e+00,4.6283e+00,1.8312e+00,1.7214e+00
3.1503e+00,3.9246e+00,9.5221e-01,2.1701e+00
5.9717e-01,4.3563e+00,1.3851e+00,3.9263e+00
1.7989e+00,1.8840e+00,7.2883e-01,3.5285e+00
2.0226e+00,1.4298e+00,2.0355e+00,1.8297e+00
1.8970e+00,4.3272e+00,3.7715e+00,8.3706e-03
9.7167e-01,8.4376e-01,4.8038e+00,1.9578e+00
7.4713e+00,1.3451e+00,1.6645e+00,1.3658e+00
4.5472e-01,4.6706e+00,3.4760e+00,2.0069e+00
1.9791e+00,1.3503e+00,5.0711e+00,8.6451e-01
3.7197e+00,3.1058e+00,2.2278e+00,1.0083e+00
8.3651e+00,6.8416e-01,1.2305e+00,1.1382e+00
8.7718e-01,1.5885e+00,2.2246e+00,2.2509e+00
1.5895e+00,3.1486e-01,5.9174e+00,2.7561e+00
6.4571e-01,6.5574e-01,3.4207e+00,2.7341e+00
2.6153e+00,2.2669e+00,2.0576e-01,3.6953e+00
6.0856e+00,1.7018e+00,2.6991e+00,1.0001e+00
8.4968e-01,2.9704e+00,1.4537e+00,3.6799e+00
2.0423e+00,4.4425e+00,5.6490e-01,3.2152e+00
3.5387e+00,2.8382e+00,1.5439e+00,1.8771e+00
1.3973e+00,3.0775e+00,2.8223e+00,1.7462e+00
2.4651e+00,2.3669e+00,1.2444e+00,2.3476e+00
2.4229e+00,5.9265e+00,1.3181e+00,1.8500e+00
1.1041e+00,3.1665e+00,2.3914e+00,2.3211e+00
2.4200e+00,1.7181e+00,1.2543e+00,2.5622e+00
2.8789e+00,3.2923e+00,1.5775e+00,1.8538e+00
2.3004e+00,5.0408e+00,2.2429e+00,1.3973e+00
2.7295e+00,8.0213e-01,2.3749e+00,2.6019e+00
4.7902e+00,1.9358e-01,3.2018e+00,2.3423e+00
1.6241e+00,2.1095e+00,3.3170e+00,1.2820e+00
1.7875e+00,5.6997e-01,2.0952e+00,3.1696e+00
6.2269e+00,2.2735e+00,2.0901e+00,1.0077e+00
3.2467e+00,5.1245e+00,1.3189e+00,1.4081e+00
1.3111e+00,5.7576e+00,3.7242e+00,2.9766e-02
1.0008e+00,2.4261e+00,1.5863e+00,2.9429e+00
3.7543e+00,2.7422e+00,3.0347e+00,1.0912e-01
3.1083e+00,1.4008e+00,6.5710e-01,4.1990e+00
1.5035e+00,2.1672e+00,1.4931e+00,2.2749e+00
3.0693e+00,5.5067e+00,1.0956e+00,1.5985e+00
4.8183e-01,3.4614e+00,4.8895e+00,1.7570e+00
7.8444e-02,7.1386e+00,1.1884e+00,2.8731e+00
1.7390e-01,4.8002e+00,5.1615e+00,5.4704e-01
4.3634e+00,3.6422e+00,1.9845e+00,6.1799e-01
2.2554e+00,1.9409e+00,2.4920e+00,1.4111e+00
1.0428e+00,3.8976e+00,2.2202e+00,2.6282e+00
1.4197e+00,8.0849e+00,6.9870e-01,1.3782e+00
1.6822e+00,3.8623e-02,5.6597e+00,3.4000e+00
2.8213e+00,4.1012e+00,3.4259e-01,2.7582e+00
2.0791e+00,3.5753e+00,3.0037e+00,9.8442e-01
5.0160e+00,4.8863e+00,2.6189e-01,6.1357e-01
2.7976e+00,2.2940e+00,1.1203e+00,2.5127e+00
2.7100e-01,3.4936e+00,1.9127e+00,3.7615e+00
3.9145e+00,4.8039e-01,4.1955e+00,1.8425e+00
1.6457e+00,3.2501e+00,2.8585e+00,1.5057e+00
2.3638e-01,2.9073e+00,3.4113e+00,2.8486e+00
1.3583e+00,2.6583e+00,3.3750e+00,1.5106e+00
1.9566e+00,1.1872e+00,5.5468e+00,8.1002e-01
9.0807e-01,1.3242e+00,1.2991e+00,2.7158e+00
2.1409e-01,3.3427e+00,5.8066e+00,1.6290e+00
2.4552e+00,1.5008e-01,2.2329e+00,3.8321e+00
7.4123e+00,4.5389e-01,1.2625e+00,2.4167e+00
4.4866e+00,3.9459e-01,1.9569e+00,3.3973e+00
1.3318e+00,9.3342e-01,1.4286e+00,2.4160e+00
1.3065e+00,2.0277e+00,1.9169e+00,1.9838e+00
2.7929e+00,9.3515e-01,1.3715e+00,3.6374e+00
3.2018e+00,5.2319e-02,6.7623e+00,1.1666e+00
7.2682e+00,8.4451e-02,2.8052e+00,1.1607e+00
2.9237e+00,2.5887e+00,3.4221e+00,6.5253e-02
1.1783e+00,1.0194e+00,1.5139e+00,2.1221e+00
2.2563e+00,1.8727e+00,1.2746e+00,2.4008e+00
2.4743e+00,1.7423e+00,9.7726e-01,3.0063e+00
3.3625e+00,1.3309e+00,3.9729e+00,1.1628e+00
1.0842e+00,9.4722e-01,5.5498e+00,1.3772e+00
7.4138e+00,1.2938e+00,7.7087e-01,2.2122e+00
1.1984e+00,8.5296e-01,1.7867e+00,2.2717e+00
1.2903e+00,6.0337e+00,3.4664e+00,3.1160e-01
6.0753e-01,9.9398e-01,1.4504e+00,3.5075e+00
9.9718e-01,2.2196e+00,2.0041e+00,2.3840e+00
2.7241e+00,1.0070e+00,1.6210e+00,3.0381e+00
3.1199e+00,4.6696e+00,2.3097e+00,5.0861e-01
3.1001e+00,1.0697e+00,2.6054e+00,2.2100e+00
1.9411e+00,1.1965e+00,6.0644e+00,8.6667e-02
1.5051e+00,3.3093e+00,2.2954e+00,2.0360e+00
3.0195e+00,3.1272e+00,2.9554e+00,2.9641e-01
8.2728e-01,7.0084e+00,3.0829e+00,4.0582e-01
1.3174e+00,2.0242e+00,1.7101e+00,2.1171e+00
3.2748e-01,8.9666e-01,6.2370e+00,2.4295e+00
4.8817e+00,4.1997e+00,9.8132e-01,9.3676e-01
2.4239e+00,1.0524e+00,2.4129e+00,2.1736e+00
1.4168e+00,5.8071e+00,3.5769e+00,1.0563e-01
3.2277e+00,2.6232e+00,1.7295e+00,1.8101e+00
2.2665e+00,1.2960e+00,2.6827e+00,1.7663e+00
2.8889e+00,2.4619e+00,6.0611e-01,3.0005e+00
1.6197e+00,3.0041e+00,2.1236e+00,1.9866e+00
1.2223e+00,2.4566e+00,2.4900e+00,1.9543e+00
2.0265e+00,2.4750e+00,2.6889e+00,1.2633e+00
1.1919e+00,1.2542e+00,1.7206e+00,1.9124e+00
2.0432e+00,1.1357e+00,2.0738e+00,2.0778e+00
2.6951e+00,6.0426e+00,1.2907e-02,2.3341e+00
1.8120e+00,1.0140e+00,3.8248e-01,5.7861e+00
3.6804e-01,2.7903e+00,2.5843e+00,3.0822e+00
2.5128e+00,5.0339e+00,1.9827e+00,1.4724e+00
1.8080e+00,1.9986e+00,3.7201e+00,1.0233e+00
1.3596e+00,3.3933e+00,2.2254e+00,2.2432e+00
4.0786e+00,2.7524e+00,2.5006e+00,8.5375e-01
4.5191e+00,3.1523e+00,8.2143e-01,2.1132e+00
4.1354e+00,2.3189e+00,2.8258e+00,8.7462e-01
3.3052e+00,9.8263e-01,7.8269e-01,4.7449e+00
1.4163e+00,1.4657e+00,2.1009e+00,1.7292e+00
1.8132e+00,8.7745e-01,1.6915e+00,2.6231e+00
2.5203e+00,3.0280e+00,1.5322e+00,2.0281e+00
9.0427e-02,1.3330e+00,6.3773e+00,3.1556e+00
8.9909e-01,1.5157e+00,4.4550e+00,1.9990e+00
3.7337e+00,3.5928e+00,2.0895e+00,8.7841e-01
1.3483e+00,1.5536e+00,2.6530e+00,1.6816e+00
1.1421e+00,5.3428e+00,3.9601e+00,3.7079e-01
2.8187e+00,1.0935e+00,4.5265e+00,1.3943e+00
1.3373e+00,2.7051e+00,2.3681e+00,1.9711e+00
8.0826e-01,4.7534e+00,2.0961e-01,4.7468e+00
1.3256e+00,3.6794e+00,9.1564e-01,3.8208e+00
2.2705e+00,1.1404e+00,1.1524e+00,3.4559e+00
2.3534e+00,2.0546e+00,7.1077e-01,3.2173e+00
1.1288e+00,4.5497e+00,1.1477e+00,3.6062e+00
3.8778e+00,6.0258e+00,6.8342e-01,5.1110e-01
2.7843e+00,1.1733e+00,1.3265e+00,3.2759e+00
2.5738e+00,3.5585e+00,3.1435e+00,2.3697e-01
4.6850e+00,1.9416e+00,2.1340e-01,3.4911e+00
2.4806e+00,1.3346e+00,2.8404e+00,1.7123e+00
3.1416e+00,2.3676e-01,2.8928e+00,2.9651e+00
1.7760e+00,5.4915e+00,1.9668e-01,3.3626e+00
4.3384e+00,3.7554e-01,1.9917e+00,3.4072e+00
1.8831e-01,2.4223e+00,2.7732e+00,3.4038e+00
1.4874e-01,4.1741e+00,1.0074e+00,4.9918e+00
5.6161e+00,3.0370e+00,1.9546e-01,2.1544e+00
2.8198e+00,2.8933e+00,1.1861e-01,3.2415e+00
1.0411e-01,5.7266e+00,1.4124e+00,3.6176e+00
4.2107e+00,3.4451e+00,1.5887e+00,1.3493e+00
1.0758e+00,3.0580e+00,3.5778e+00,1.7560e+00
2.6556e+00,1.7293e+00,1.9559e+00,1.9248e+00
1.7614e+00,1.0876e+00,2.8469e+00,1.9133e+00
3.6324e-01,6.6885e+00,2.5881e+00,1.8442e+00
1.3532e+00,2.1932e+00,4.2162e+00,1.2708e+00
2.2756e+00,3.8191e+00,5.2318e-01,3.1150e+00
1.9378e+00,2.1833e+00,2.1647e+00,1.5905e+00
2.8291e+00,1.6786e+00,1.6015e+00,2.3417e+00
2.1329e+00,5.4890e+00,1.9211e+00,1.7608e+00
1.1308e+00,1.3408e+00,1.9860e+00,1.8873e+00
3.0702e+00,2.9496e-01,2.2837e+00,3.3588e+00
2.5962e-01,2.0598e+00,1.8569e+00,4.3350e+00
2.6503e+00,3.1760e+00,2.3195e+00,1.2492e+00
2.0233e+00,1.8896e+00,1.4896e+00,2.0950e+00
8.1266e+00,8.7161e-01,2.1471e+00,5.5938e-04
2.8675e+00,8.3188e-01,5.1114e+00,1.5220e+00
1.7252e+00,3.1803e+00,2.4758e+00,1.6896e+00
6.6658e-01,3.8973e+00,8.1693e-01,4.8874e+00
3.2601e+00,4.1125e+00,5.2046e-01,2.3599e+00
1.2840e+00,3.6235e+00,2.9965e+00,1.7980e+00
3.8985e+00,3.0099e+00,2.2219e+00,1.0326e+00
2.2904e+00,1.0703e+00,2.2834e+00,2.1638e+00
1.4735e+00,2.7393e+00,2.2583e+00,1.9251e+00
3.1863e+00,1.2366e+00,2.6896e+00,1.9998e+00
1.2561e+00,9.4956e-01,1.9033e+00,2.0832e+00
2.6691e+00,1.4924e-01,2.1571e+00,3.8078e+00
4.7830e+00,1.1520e+00,1.7324e+00,2.9548e+00
1.4770e+00,1.7948e+00,1.0661e+00,2.8348e+00
7.3912e-01,2.8789e+00,3.0703e+00,2.3734e+00
7.3484e+00,2.7686e+00,1.4695e-01,1.0787e+00
4.2154e+00,7.8960e-01,4.2730e+00,1.3089e+00
2.5153e+00,4.1483e-01,3.3680e+00,2.8323e+00
2.4512e+00,1.2372e+00,2.7393e+00,1.8451e+00
5.2710e+00,2.9315e+00,2.2122e+00,5.7792e-01
1.7304e+00,3.1477e+00,2.7469e+00,1.4918e+00
1.0849e+00,1.1278e+00,1.8583e+00,1.9646e+00
4.1661e+00,1.0498e+00,3.6885e+00,1.4853e+00
4.2858e+00,9.0664e-01,1.6185e+00,3.3627e+00
3.6881e-01,2.0634e+00,2.3813e+00,3.4889e+00
4.2300e-01,4.1821e+00,3.6132e+00,2.1140e+00
1.7297e+00,1.9856e+00,2.3039e+00,1.5652e+00
2.9010e+00,9.0238e-01,2.6502e+00,2.3485e+00
7.3411e-01,4.2382e+00,4.0467e+00,1.5281e+00
2.8210e+00,2.0146e+00,2.0641e+00,1.7322e+00
1.1469e+00,3.1892e+00,3.7332e+00,1.5785e+00
2.9759e+00,3.1937e+00,1.4421e+00,1.9612e+00
1.7052e+00,1.0657e+00,1.9473e+00,2.0605e+00
2.4086e+00,2.8771e+00,1.8530e+00,1.7632e+00
1.6663e+00,1.6507e+00,1.4258e+00,2.1189e+00
2.6022e+00,6.1180e+00,7.9598e-01,1.9675e+00
3.8880e+00,5.4387e-01,5.2114e+00,1.1230e+00
5.2168e+00,4.1557e+00,1.9463e-01,1.3111e+00
1.3038e+00,8.6848e-01,3.0847e+00,2.2504e+00
1.6252e+00,1.2375e+00,1.6994e+00,1.9780e+00
2.0265e+00,1.2716e+00,4.2515e+00,1.4094e+00
2.9754e+00,2.1617e+00,1.9260e+00,1.8056e+00
1.4060e+00,9.1607e-01,2.0986e+00,2.1463e+00
2.4739e+00,8.7635e-01,2.3053e+00,2.4794e+00
1.8707e+00,1.3675e+00,1.9020e+00,1.8812e+00
2.1875e+00,6.2119e-01,2.7011e+00,2.7372e+00
1.7037e+00,2.4556e+00,3.6271e+00,1.0247e+00
4.3960e-02,5.7548e+00,4.5344e-01,4.3814e+00
2.3574e-01,2.9407e+00,6.5175e+00,1.4834e+00
1.6973e+00,1.8699e+00,2.7250e+00,1.4414e+00
1.0441e+00,2.0682e+00,2.5915e+00,2.0415e+00
1.1787e+00,4.8501e+00,4.1470e+00,4.6849e-01
4.8395e+00,6.8289e-01,2.8352e+00,2.3114e+00
2.8391e+00,2.4584e+00,2.9911e+00,7.5621e-01
6.0847e+00,1.5320e+00,8.5129e-01,2.9140e+00
5.0556e+00,1.6506e-01,4.5992e-01,4.8720e+00
4.3458e+00,4.1235e+00,1.2478e+00,1.1457e+00
8.6141e-01,2.1391e+00,3.3128e+00,2.2188e+00
2.9106e+00,1.0129e+00,3.0614e+00,2.0403e+00
5.0667e+00,3.2066e+00,1.5573e+00,1.2319e+00
9.2415e-01,7.0046e+00,3.1826e+00,7.9309e-03
1.5216e+00,1.2521e+00,1.4716e+00,2.1053e+00
3.2789e+00,2.7480e+00,7.3837e-01,2.6633e+00
4.2442e+00,9.8857e-01,3.7786e-01,4.7489e+00
1.8573e+00,1.1610e+00,2.2966e+00,1.9079e+00
3.1712e+00,3.5799e+00,2.7681e+00,2.0476e-01
3.8306e-01,2.5536e+00,3.0067e+00,2.9520e+00
1.5994e+00,4.2916e+00,3.0026e+00,1.4451e+00
3.1564e+00,3.7229e-01,2.6717e+00,2.9527e+00
2.7902e-01,5.1524e+00,1.0072e+00,4.2154e+00
4.1932e+00,1.0630e+00,4.5356e-01,4.5961e+00
4.2349e-01,4.0453e+00,5.6685e+00,6.5831e-01
2.0838e+00,2.8742e+00,8.4501e-01,2.9707e+00
2.1786e-01,2.0447e+00,3.5656e+00,3.4565e+00
4.6385e-01,1.8983e+00,2.6697e+00,3.2066e+00
4.1634e+00,3.7726e-01,5.7587e+00,4.2871e-01
5.1136e+00,3.7297e+00,5.0917e-01,1.6069e+00
1.8527e+00,6.2318e+00,1.1479e-01,2.9602e+00
1.1740e+00,1.2531e+00,1.3362e+00,2.2209e+00
5.4653e+00,7.5948e-01,4.1624e+00,4.7826e-01
2.5663e+00,2.5534e+00,3.6817e+00,9.3045e-03
1.8694e+00,4.6444e+00,3.2631e+00,7.6042e-01
4.1536e+00,4.0700e+00,1.2296e+00,1.3266e+00
3.1919e+00,6.1124e+00,1.3453e+00,7.7162e-01
1.0730e+00,3.3621e+00,3.2530e+00,1.8768e+00
8.4668e-01,4.1143e+00,3.8231e+00,1.6227e+00
1.7490e+00,1.9782e+00,3.3702e+00,1.2021e+00
3.6442e+00,5.5130e-01,5.6632e+00,9.6846e-01
2.8396e+00,2.1981e-01,1.1366e+00,5.6224e+00
4.6264e+00,2.2555e+00,2.6712e+00,1.0450e+00
7.4370e-01,2.4491e+00,2.6444e+00,2.5283e+00
5.1717e+00,4.7963e-01,1.4398e-01,4.7706e+00
4.2750e+00,2.4867e+00,9.2270e-01,2.5752e+00
2.3033e+00,2.8521e+00,2.6693e+00,1.1248e+00
4.4849e-01,2.7290e+00,2.6154e+00,2.9662e+00
8.4754e-01,2.9021e+00,2.2208e+00,2.6838e+00
5.5546e+00,2.9476e-01,4.6027e+00,1.5378e-01
2.2454e+00,1.0251e+00,1.6004e+00,2.7587e+00
4.0697e+00,4.1246e+00,9.8045e-01,1.5643e+00
6.0873e+00,3.7104e+00,5.2304e-01,8.6723e-01
1.3093e+00,4.6359e+00,3.9321e+00,7.1617e-01
1.4406e+00,4.3688e+00,2.7100e+00,1.8542e+00
3.4053e+00,2.4638e+00,1.3430e+00,2.2461e+00
2.6006e+00,2.8021e+00,1.7951e+00,1.7661e+00
2.8226e+00,2.1103e+00,3.3700e-01,3.6209e+00
3.1507e+00,2.9708e-01,2.0742e+00,3.5770e+00
2.0770e+00,3.0473e+00,8.1916e-01,3.0185e+00
3.8260e+00,2.0117e+00,2.5820e+00,1.4439e+00
5.6628e+00,1.3556e+00,3.6413e+00,2.6573e-01
3.7453e+00,3.3013e+00,2.2198e+00,8.8430e-01
1.4807e+00,3.1901e+00,4.4369e+00,6.2389e-01
1.6212e+00,8.0574e-01,1.5014e+00,2.9423e+00
1.8142e+00,5.4822e+00,5.1178e-01,3.1602e+00
5.8261e+00,1.1998e+00,3.5014e+00,6.1795e-01
5.2605e+00,2.4136e+00,2.9435e+00,2.2935e-02
3.0274e-01,4.3178e+00,3.5805e+00,2.1711e+00
1.6678e+00,4.5508e+00,3.4123e+00,8.8141e-01
3.3597e+00,1.3418e+00,2.6967e+00,1.9157e+00
1.1051e+00,1.1401e+00,1.9611e+00,1.9422e+00
2.5806e+00,2.7353e+00,1.7481e-01,3.4127e+00
4.4942e+00,6.6594e-01,6.1227e-01,4.7291e+00
8.5141e-01,3.7857e+00,3.7136e+00,1.7949e+00
6.0236e+00,3.2188e-01,3.2372e+00,1.6324e+00
2.5993e+00,9.5214e-01,1.6624e+00,3.0112e+00
4.7780e+00,3.1628e+00,2.3074e-01,2.3760e+00
3.0400e+00,1.0863e+00,3.9603e+00,1.5891e+00
3.4774e+00,1.0947e+00,1.1266e+00,3.8711e+00
9.7404e-01,3.9834e+00,3.3482e+00,1.8493e+00
9.5571e-01,2.5812e+00,9.0713e-01,4.6926e+00
4.8038e+00,2.8118e+00,1.5013e+00,1.7433e+00
3.5421e+00,3.7836e+00,1.5208e-01,2.5221e+00
7.7430e-01,2.3504e+00,2.3391e+00,2.5942e+00
2.5040e+00,1.2835e+00,2.3826e+00,1.9530e+00
1.9538e+00,1.2704e+00,2.3867e+00,1.8039e+00
3.0198e+00,1.2876e+00,7.2189e-01,4.3205e+00
1.4732e+00,3.0247e+00,3.5107e+00,1.2980e+00
5.8514e+00,1.6309e+00,3.0800e+00,6.9127e-01
1.4535e-02,3.0390e+00,2.4535e+00,3.5082e+00
2.2061e+00,1.0451e+00,1.3067e+00,3.2390e+00
1.8950e+00,1.2814e+00,9.5813e-01,3.4808e+00
5.6885e+00,7.1036e-01,7.6559e-01,3.8074e+00
3.2160e-01,4.4072e+00,3.4169e+00,2.2364e+00
2.4707e-01,4.8854e+00,2.5499e-01,5.1377e+00
2.2702e+00,7.6594e+00,1.1870e+00,4.2035e-01
1.4944e+00,2.0010e+00,1.0433e+00,2.9625e+00
7.3646e-01,1.9032e+00,5.5836e+00,1.8407e+00
1.2796e+00,1.8293e+00,1.8800e+00,1.9358e+00
3.7118e+00,1.5286e+00,3.4136e+00,1.2351e+00
1.2863e+00,2.2049e+00,4.5268e+00,1.2382e+00
4.2107e+00,3.4578e+00,1.5162e+00,1.4148e+00
1.7035e-02,1.4839e+00,4.0234e+00,4.4317e+00
7.2234e-01,8.2677e-01,2.2344e+00,2.7195e+00
6.0509e-01,1.8546e+00,1.6226e+00,3.6180e+00
3.1851e+00,1.7924e+00,2.5546e+00,1.5800e+00
3.7236e+00,8.2129e-01,5.7435e+00,1.8130e-01
6.8872e+00,1.1417e+00,2.2794e+00,1.4638e+00
1.6315e+00,1.1746e+00,2.7078e+00,1.8148e+00
3.2475e+00,3.1723e-01,2.2510e+00,3.3401e+00
2.0425e+00,2.8818e+00,3.6646e+00,4.9105e-01
1.9509e+00,2.8331e+00,1.3949e+00,2.3827e+00
5.7239e+00,1.1928e+00,3.3978e+00,8.8042e-01
2.3524e+00,2.6126e+00,2.0593e+00,1.5936e+00
2.9556e+00,1.9360e+00,3.8967e-01,3.7414e+00
1.0344e+00,2.9040e+00,3.2084e+00,1.9595e+00
5.2644e-01,2.2526e-01,4.3696e+00,3.6405e+00
1.5022e+00,1.7845e+00,1.5349e+00,2.0502e+00
2.2778e+00,2.3746e+00,2.0024e+00,1.6512e+00
3.2219e+00,2.3890e+00,3.1638e+00,5.3361e-01
4.0823e+00,2.7557e+00,2.4569e+00,9.0651e-01
2.4425e+00,5.2362e-01,2.2064e+00,3.1495e+00
1.5170e+00,1.0093e+00,2.4061e+00,2.0103e+00
2.1349e+00,1.6091e+00,5.0162e+00,3.2356e-01
1.6345e+00,1.9751e+00,4.3526e+00,9.0366e-01
1.3165e+00,1.0538e+00,1.7946e+00,1.9844e+00
1.3866e+00,2.3380e+00,1.9038e+00,2.0742e+00
4.6242e+00,2.8799e+00,1.8102e+00,1.4264e+00
3.2599e+00,7.6351e-01,2.6329e+00,2.5452e+00
3.6737e+00,2.5209e+00,5.3351e-02,3.2509e+00
3.0746e+00,3.1017e+00,1.0254e+00,2.3280e+00
2.9737e+00,1.4296e+00,2.5077e+00,1.8769e+00
1.7758e+00,7.2228e-01,7.0766e+00,2.8517e-01
3.3184e-01,8.1558e-01,4.1110e+00,3.5478e+00
1.5606e+00,2.0347e+00,1.2790e+00,2.4575e+00
2.4338e-01,3.9385e-01,4.2265e+00,3.2409e+00
7.4067e-01,1.8486e+00,2.9103e+00,2.5017e+00
3.8871e+00,1.1865e+00,3.4991e+00,1.5417e+00
1.5718e+00,1.7708e+00,1.8923e+00,1.7750e+00
1.9687e+00,9.8083e-01,1.6446e+00,2.5768e+00
6.9699e-01,2.0948e-01,1.7205e+00,6.0510e+00
1.4134e+00,4.4828e+00,1.9838e+00,2.5225e+00
3.7031e+00,1.3447e+00,1.4791e+00,3.0606e+00
6.9191e-01,2.0618e+00,3.3014e+00,2.5328e+00
1.4660e+00,3.0327e+00,3.5581e+00,1.2809e+00
6.3825e-01,6.8740e+00,2.0997e+00,2.0420e+00
1.4403e+00,1.8060e-01,4.0901e+00,4.0280e+00
1.1815e+00,3.0977e+00,1.9739e+00,2.5525e+00
3.7858e+00,8.2849e-01,2.0386e+00,3.0022e+00
2.0160e-01,3.6405e+00,5.1850e+00,1.7453e+00
8.8903e-01,7.9632e-01,3.8621e+00,2.3395e+00
1.8680e-02,2.4862e+00,3.6044e+00,3.3090e+00
1.7034e+00,1.4252e+00,2.7270e+00,1.6048e+00
7.1725e-01,3.5384e+00,9.8208e-01,4.7433e+00
2.4563e+00,2.4779e+00,3.3509e+00,5.6477e-01
2.7950e+00,1.5085e+00,1.8511e+00,2.2227e+00
9.9630e-01,3.3218e+00,2.3309e+00,2.5105e+00
2.9692e+00,3.4675e+00,2.5592e-01,2.8668e+00
2.5575e+00,1.6458e+00,6.1436e-01,3.8800e+00
3.7211e+00,2.5196e+00,3.1237e+00,2.9015e-01
3.9553e+00,4.1959e-01,3.9004e+00,2.0390e+00
3.4681e+00,1.5982e+00,1.1299e+00,3.1690e+00
1.6367e+00,5.0399e-01,3.1942e+00,3.1333e+00
3.0186e+00,4.6749e+00,9.1158e-01,2.1028e+00
1.5014e+00,3.3034e+00,8.9440e-01,3.6117e+00
4.6864e+00,1.6097e-01,1.5962e+00,3.8957e+00
1.9226e-01,3.7194e+00,3.9063e+00,2.3214e+00
1.1306e+00,6.8870e+00,2.0673e+00,1.7107e+00
8.6360e-01,1.5488e+00,1.9439e+00,2.3250e+00
7.3646e+00,2.1008e+00,7.9344e-01,1.4880e+00
5.7070e-01,8.2524e-01,3.1282e+00,2.9513e+00
2.1799e+00,3.2161e+00,4.7124e-01,3.3174e+00
1.5193e+00,1.2129e+00,2.3464e+00,1.7978e+00
5.1267e+00,5.3846e-01,2.2293e+00,2.8725e+00
2.9208e+00,1.7885e+00,3.2188e+00,1.1185e+00
6.4605e-01,3.1241e+00,3.1098e+00,2.4378e+00
1.7745e-01,1.4896e+00,4.6226e+00,3.7548e+00
1.3057e-01,2.7883e+00,3.4907e+00,2.9990e+00
7.4043e-01,4.8747e+00,3.4291e+00,1.7469e+00
3.1608e+00,9.7898e-01,2.3352e+00,2.4957e+00
1.3277e+00,5.1977e+00,2.5015e+00,2.0106e+00
2.4135e+00,1.7916e+00,2.8024e+00,1.3359e+00
3.2518e-01,1.3411e+00,5.3444e+00,3.0940e+00
1.3183e+00,1.2207e+00,2.3984e+00,1.8180e+00
2.3854e+00,8.7606e-02,2.8552e+00,3.5452e+00
1.4164e+00,4.7260e-01,4.7908e+00,2.8894e+00
3.8892e+00,1.6651e+00,1.6442e+00,2.5943e+00
2.7140e+00,1.5237e+00,1.7889e+00,2.2314e+00
8.4844e-01,1.5716e+00,2.4707e+00,2.2882e+00
2.0270e+00,1.9083e+00,4.7614e+00,1.5876e-01
4.1048e+00,2.0718e+00,2.3784e-01,3.4883e+00
2.0398e+00,1.2528e+00,4.4968e+00,1.3413e+00
1.6985e+00,2.6323e+00,1.0768e+00,2.9275e+00
3.2024e+00,1.0588e+00,2.0045e+00,2.6937e+00
3.3473e+00,2.8906e+00,2.1419e-01,2.9717e+00
3.2960e+00,1.0048e+00,5.5447e+00,5.1770e-01
3.2853e+00,1.1189e+00,2.0299e+00,2.6250e+00
2.6881e+00,7.4547e+00,8.0495e-01,4.9962e-01
1.3915e+00,9.3403e-01,1.6369e+00,2.2470e+00
8.6748e-01,3.3745e+00,1.3438e+00,3.8696e+00
2.1985e+00,1.2050e+00,1.8782e+00,2.1939e+00
2.2713e+00,2.5092e+00,8.5565e-01,2.8498e+00
8.6548e-01,3.6229e+00,1.2151e+00,4.0587e+00
2.2827e+00,3.6421e+00,3.2982e+00,3.8369e-01
2.3863e+00,1.5158e+00,8.5710e-01,3.5348e+00
4.6645e+00,1.9738e+00,2.0466e-01,3.4690e+00
3.1412e+00,4.7030e+00,1.8336e-02,2.5130e+00
2.9824e+00,1.3347e+00,2.1305e+00,2.2230e+00
9.0654e-01,4.0033e+00,1.0706e+00,4.1154e+00
1.7730e+00,2.4931e+00,3.6811e-01,4.1671e+00
2.7998e+00,2.0530e+00,2.7932e+00,1.1805e+00
4.2735e+00,4.0920e+00,1.8508e-01,1.9771e+00
1.3658e+00,4.5984e+00,3.6091e+00,1.0363e+00
5.9138e-01,1.8027e+00,1.6103e+00,3.6759e+00
2.3861e+00,1.0325e+00,3.2268e+00,1.9642e+00
4.8154e+00,2.8363e+00,1.9136e+00,1.2993e+00
1.5013e+00,1.8755e+00,4.2693e+00,1.1428e+00
1.0964e+00,2.0578e+00,1.7817e+00,2.3172e+00
1.7703e-01,6.3725e-01,7.7465e+00,1.5036e+00
1.0197e+00,6.8809e-01,2.3787e+00,2.7106e+00
3.1065e+00,1.3800e+00,1.8816e+00,2.4350e+00
1.2220e+00,9.5834e-01,1.2102e+00,2.7242e+00
2.8646e+00,2.0360e+00,4.5601e-01,3.5420e+00
6.4605e-01,5.3480e+00,7.7594e-01,4.0434e+00
4.5011e+00,2.2168e+00,2.4464e+00,1.3650e+00
2.2394e+00,1.9237e-01,1.8778e+00,4.3565e+00
3.1016e+00,1.4706e+00,4.9469e+00,1.1921e-01
1.8574e+00,1.9293e+00,2.6481e+00,1.3986e+00
7.0522e-01,5.0167e-01,1.2510e+00,4.1528e+00
4.6182e+00,3.9891e+00,2.4131e-01,1.8260e+00
3.0887e+00,1.1866e+00,1.3692e+00,3.2870e+00
9.5498e-01,1.4074e+00,2.1630e+00,2.0793e+00
8.0889e-01,1.6724e+00,2.0833e+00,2.4516e+00
2.8667e+00,1.2593e+00,3.4778e+00,1.5845e+00
2.5879e+00,3.4303e+00,7.3566e-01,2.7343e+00
1.9946e+00,4.0618e+00,2.1180e+00,1.8949e+00
2.2733e+00,1.4608e+00,1.9598e+00,1.9493e+00
1.6922e+00,5.7076e-01,1.8623e+00,3.3755e+00
6.7479e-01,3.6424e+00,9.0837e-01,4.8887e+00
4.3621e-01,4.7556e+00,8.2645e-01,4.5375e+00
4.1670e+00,1.5475e+00,4.2274e+00,1.3843e-01
1.9848e+00,1.1618e+00,4.1098e+00,1.6219e+00
1.0850e-01,4.8590e+00,2.8298e+00,2.6674e+00
1.7090e+00,1.9617e+00,9.5996e-01,2.9680e+00
1.5695e+00,3.2190e+00,4.6826e+00,1.0789e-01
1.5472e+00,1.5413e+00,1.8021e+00,1.8085e+00
2.2199e+00,2.9219e+00,5.3682e-01,3.2448e+00
1.3755e+00,1.2649e+00,4.2871e+00,1.5901e+00
4.6284e-01,5.2966e+00,1.4389e+00,3.6059e+00
1.5692e+00,4.9643e-01,2.0542e+00,3.5581e+00
3.1457e+00,2.9937e+00,2.4998e+00,9.1652e-01
1.4564e+00,3.8182e+00,1.3730e+00,3.0741e+00
1.4188e+00,1.9277e+00,1.6975e+00,2.0065e+00
1.8658e+00,4.3331e-02,2.7808e+00,4.3131e+00
1.0600e+00,2.9478e+00,3.0935e+00,1.9728e+00
1.4526e+00,2.0970e+00,2.2208e+00,1.7539e+00
4.4045e+00,4.1626e+00,1.7047e+00,4.7595e-01
7.7847e-01,1.7034e+00,2.4695e+00,2.4542e+00
4.9508e+00,1.7413e+00,3.4199e+00,5.8600e-01
5.9458e-01,2.6830e+00,2.1122e+00,3.1151e+00
3.9707e+00,9.9597e-01,2.4506e-01,5.0817e+00
3.2262e+00,3.5339e+00,8.8970e-01,2.2784e+00
3.0371e+00,3.4040e+00,1.2531e+00,2.0762e+00
5.8123e-01,9.8126e-01,6.5228e+00,1.2220e+00
2.5149e+00,2.8631e+00,2.5441e+00,1.1311e+00
2.8843e+00,5.0962e+00,3.6652e-01,2.4249e+00
5.8272e+00,6.5737e-01,1.7203e+00,2.9981e+00
1.4448e+00,1.7326e+00,4.3340e+00,1.2374e+00
1.7411e+00,1.2513e+00,1.3600e+00,2.3873e+00
4.5812e-01,3.8289e+00,6.2437e+00,9.0024e-02
2.4995e+00,1.1094e+00,3.1190e+00,1.8900e+00
5.2795e-01,8.8577e-01,2.7802e+00,3.2744e+00
1.9868e+00,2.2082e+00,6.3125e-02,4.5116e+00
3.6205e+00,1.3065e+00,4.2207e+00,9.3284e-01
2.9428e+00,1.8409e+00,1.0067e+00,2.9736e+00
3.7610e+00,4.9026e+00,1.9179e+00,9.3919e-02
1.8986e+00,2.9549e+00,3.1231e+00,1.0746e+00
6.8856e+00,2.2534e+00,7.9230e-01,1.7856e+00
2.5843e+00,1.9356e+00,2.1314e+00,1.6702e+00
2.4175e+00,6.5718e-01,2.3060e+00,2.8262e+00
3.9492e+00,4.6934e+00,1.6846e+00,4.8296e-01
2.4399e+00,1.6846e+00,1.8999e+00,1.9185e+00
3.0971e-01,4.8843e+00,1.9529e+00,3.3512e+00
5.4391e-01,2.8503e+00,3.8028e+00,2.4139e+00
1.4922e+00,2.3690e+00,2.4401e+00,1.7030e+00
2.9306e+00,6.6616e+00,1.4504e+00,4.2381e-01
9.0010e-01,1.5721e+00,3.6692e+00,2.1533e+00
5.5051e-01,8.8429e-01,2.7920e+00,3.1626e+00
2.5232e+00,6.1147e+00,2.3744e+00,2.2386e-01
4.2227e+00,1.3754e-01,2.0784e+00,3.5098e+00
2.0940e+00,2.4935e+00,4.2216e-01,3.6314e+00
4.9463e+00,4.8137e-01,3.8096e+00,1.5846e+00
6.0128e-01,2.8498e+00,4.5227e-03,7.0230e+00
1.3950e+00,2.2732e+00,5.3557e+00,3.6880e-01
5.1978e+00,1.1477e+00,2.1711e+00,2.4675e+00
1.5320e+00,3.0959e+00,1.1985e+00,3.0786e+00
1.5589e+00,4.3411e+00,1.3606e+00,2.9916e+00
1.7649e+00,2.1615e+00,1.7194e+00,1.9357e+00
8.3346e+00,1.5289e+00,5.0292e-01,1.0049e+00
1.4232e-02,3.1529e+00,8.0635e-01,6.3801e+00
1.4692e+00,2.0404e+00,1.6245e+00,2.0941e+00
2.8908e+00,2.5646e+00,6.9091e-01,2.8581e+00
7.6205e+00,1.1409e+00,2.0333e+00,9.2105e-01
3.5834e+00,1.6504e+00,7.8181e-01,3.5539e+00
1.7928e+00,2.2651e+00,2.4633e+00,1.4876e+00
5.0384e+00,5.5076e-01,6.6570e-01,4.4070e+00
1.9584e+00,2.1441e+00,1.0881e+00,2.6252e+00
1.1122e+00,1.1067e+00,9.1284e-01,3.5854e+00
1.0535e+00,6.0246e+00,4.2052e-01,3.5806e+00
3.6946e+00,7.4400e-01,5.7723e+00,3.9363e-01
5.3422e+00,3.1813e+00,1.7344e+00,8.9905e-01
1.9617e+00,3.4325e+00,7.9878e-01,3.1691e+00
4.5040e+00,1.9165e+00,1.4923e+00,2.5383e+00
3.3993e+00,1.5174e+00,6.3636e-01,3.9681e+00
1.1478e+00,3.9571e-01,1.6789e+00,4.5797e+00
2.0158e+00,2.0733e+00,2.4376e+00,1.4287e+00
2.4431e+00,3.5495e+00,1.5264e+00,2.0933e+00
3.7663e+00,2.4275e+00,3.1529e+00,3.6082e-01
5.3209e+00,4.8743e-01,4.3479e+00,6.9391e-01
6.6954e-01,4.8422e-01,2.5279e+00,3.6006e+00
2.5736e+00,2.1412e+00,1.2360e+00,2.4168e+00
1.5482e+00,1.5569e+00,1.4654e+00,2.0594e+00
4.7774e+00,1.5845e+00,3.2597e+00,1.0918e+00
6.1379e+00,1.6733e+00,2.6727e+00,1.0327e+00
1.2439e+00,1.6013e+00,8.3069e-01,3.8632e+00
7.5368e-01,1.3536e+00,2.3716e+00,2.4933e+00
1.0604e+00,4.5124e+00,2.5745e+00,2.2954e+00
4.9871e-01,6.2497e-02,3.4405e+00,6.1633e+00
5.6158e-01,1.4777e+00,3.2282e+00,3.0074e+00
1.0895e+00,1.6338e+00,2.9482e+00,1.9040e+00
7.8888e+00,2.3644e-01,4.0027e-01,2.5837e+00
1.7712e+00,3.9154e-01,2.3831e+00,3.6393e+00
1.3130e+00,2.4670e+00,2.5881e+00,1.8243e+00
3.3452e+00,2.4967e+00,1.2480e+00,2.3166e+00
1.1269e+00,9.8530e-01,1.5007e+00,2.1661e+00
1.7113e+00,3.3693e+00,1.9269e+00,2.1840e+00
8.1086e-01,2.5839e-01,8.8459e-01,5.6026e+00
1.7642e+00,2.1021e+00,2.2943e+00,1.5655e+00
3.4661e+00,2.2772e-01,6.4719e+00,8.6922e-01
1.9878e+00,3.8938e+00,2.9721e+00,1.0953e+00
1.5392e+00,3.7740e+00,4.1908e+00,4.7542e-01
2.9081e+00,2.6767e+00,1.3365e+00,2.1716e+00
4.7105e+00,2.0258e+00,3.1227e+00,7.1046e-01
7.0639e-02,3.5813e+00,2.1976e+00,3.5716e+00
2.3482e+00,8.6544e-01,1.3354e+00,3.7109e+00
4.5358e+00,4.0620e-01,4.5982e+00,1.2225e+00
7.6818e-01,2.6878e+00,2.3173e+00,2.6788e+00
1.6640e+00,7.5866e-01,3.3415e+00,2.4550e+00
1.0551e+00,5.5335e+00,9.4805e-01,3.4914e+00
2.2269e+00,3.3889e+00,2.6869e+00,1.1542e+00
3.5414e+00,1.9833e+00,8.0664e-01,3.1406e+00
8.0276e-01,3.6157e+00,4.0844e+00,1.7054e+00
3.9512e+00,5.5126e+00,4.8256e-01,1.1163e+00
2.6603e-01,2.0650e+00,2.9460e+00,3.4920e+00
7.7730e-01,1.3255e+00,2.3123e+00,2.4287e+00
3.5968e+00,3.2267e-01,2.7957e+00,2.8446e+00
4.9347e+00,4.3257e-01,9.8500e-01,4.2580e+00
1.7030e+00,2.6270e+00,2.9484e+00,1.3420e+00
2.4686e-01,2.2033e+00,1.3660e+00,5.2421e+00
2.2371e+00,3.7837e+00,1.2660e+00,2.4819e+00
2.5331e+00,1.6246e+00,1.8675e+00,2.0142e+00
2.2513e+00,1.9537e+00,2.6685e+00,1.3166e+00
2.0730e+00,2.2397e+00,3.6595e-01,3.8900e+00
2.0910e+00,1.0243e+00,2.1394e+00,2.2111e+00
4.5764e-01,2.3090e+00,2.6696e+00,3.0347e+00
7.0958e-01,5.0492e+00,4.7283e+00,5.6648e-02
1.8372e+00,1.7855e+00,1.3092e+00,2.2884e+00
2.0277e+00,2.2175e+00,1.6837e+00,1.9264e+00
2.6972e+00,1.1919e+00,1.9220e+00,2.4289e+00
2.5904e+00,6.2027e-01,3.0283e+00,2.5861e+00
1.0642e+00,2.2945e+00,2.4251e+00,2.1165e+00
3.8795e+00,3.2191e+00,2.6393e+00,2.1589e-01
4.5209e+00,6.3183e-01,5.2270e+00,1.6631e-01
2.8666e+00,2.5009e+00,1.3043e+00,2.2510e+00
3.1489e+00,1.9060e+00,4.1059e+00,9.2475e-02
2.4169e+00,2.4205e+00,6.3775e-01,3.1130e+00
2.6333e+00,1.2791e+00,3.6368e+00,1.5168e+00
2.9548e+00,9.0815e-02,3.4596e+00,2.9470e+00
5.7073e-01,1.2034e-01,5.2397e+00,3.9441e+00
3.1814e+00,2.0789e+00,2.9949e+00,1.0046e+00
7.9680e+00,2.2188e-01,9.6981e-01,2.1728e+00
9.5110e-01,9.4868e-01,1.1809e+00,2.8100e+00
1.5610e+00,9.2810e-01,2.2117e+00,2.1522e+00
1.9645e+00,1.3963e+00,1.8007e+00,1.9622e+00
1.7338e+00,2.8228e+00,4.1623e+00,5.3433e-01
3.6863e+00,3.5089e+00,1.3408e+00,1.7400e+00
1.2037e+00,7.0793e-01,1.0044e+00,4.0734e+00
3.9336e-01,1.6897e+00,3.5714e+00,3.3548e+00
1.8798e+00,2.4041e+00,1.3554e+00,2.3381e+00
2.7871e+00,6.2501e+00,1.0458e+00,1.4955e+00
1.7627e+00,1.8742e-01,3.8807e+00,3.7360e+00
2.1917e+00,1.2047e+00,3.1259e+00,1.7551e+00
1.2796e+00,2.6549e+00,1.8602e+00,2.3672e+00
3.4779e+00,2.9039e+00,7.8914e-01,2.5130e+00
4.3361e-01,2.9780e+00,3.0980e+00,2.7130e+00
4.5981e+00,7.2164e-02,3.4747e+00,2.2740e+00
6.9779e-01,3.3046e-01,3.3591e+00,3.9262e+00
9.8712e-01,3.3882e+00,4.4718e+00,1.3533e+00
2.8882e+00,3.0193e+00,2.1633e+00,1.3350e+00
6.2013e+00,1.9826e+00,1.5518e+00,1.9264e+00
8.5106e+00,4.9050e-01,9.8232e-01,1.2719e+00
4.2036e+00,8.7422e-01,4.5136e+00,1.0056e+00
5.1952e-01,5.2447e+00,8.2267e-02,4.7151e+00
4.5075e+00,9.2864e-01,1.1061e+00,3.8714e+00
1.8848e+00,3.2061e+00,2.0575e+00,1.9020e+00
5.0125e+00,3.8438e+00,1.5463e+00,5.4374e-01
2.4453e-02,1.9165e+00,6.8809e+00,2.4895e+00
2.0586e+00,2.5091e+00,8.5568e-01,2.9603e+00
4.7689e+00,1.5458e+00,3.8276e+00,3.7533e-01
1.2736e+00,2.4025e+00,2.6860e+00,1.8147e+00
3.7165e+00,3.4370e+00,2.0841e+00,9.8577e-01
5.0053e+00,4.4063e+00,5.8392e-01,9.6371e-01
1.1081e+00,1.6442e+00,1.9172e+00,1.9956e+00
4.3685e+00,1.0536e-02,4.3199e+00,1.8506e+00
1.6073e+00,1.4019e+00,1.5677e+00,1.9888e+00
2.8497e+00,3.6733e+00,2.0814e+00,1.3346e+00
8.4565e-01,4.9236e+00,4.5881e+00,2.6022e-01
2.4117e+00,1.3754e+00,1.0035e+00,3.4328e+00
1.5884e+00,1.7103e+00,1.7214e+00,1.8642e+00
4.9890e+00,1.8053e-01,1.8058e+00,3.5408e+00
