7.0374e-01,7.1955e-01,7.2869e-01,5.1070e-01
7.1056e-01,6.7506e-01,6.6362e-01,6.3389e-01
6.8237e-01,7.1312e-01,7.4949e-01,5.0662e-01
7.9260e-01,7.4565e-01,6.1181e-01,4.9044e-01
8.0412e-01,7.5345e-01,5.4628e-01,4.7493e-01
7.1015e-01,7.6133e-01,4.8493e-01,6.4221e-01
6.2515e-01,6.4518e-01,5.8001e-01,4.8920e-01
3.1280e-01,5.9128e-01,2.9475e-01,5.1704e-01
7.6879e-01,8.3872e-01,1.3165e-01,1.4907e-01
6.1945e-01,5.5770e-01,5.8021e-01,6.1044e-01
7.6540e-01,9.3405e-01,9.3849e-01,2.0557e-01
9.8588e-01,9.3509e-01,7.0690e-01,1.0585e-01
8.2093e-01,7.2836e-01,6.3443e-01,3.9424e-01
9.7335e-01,2.9046e-01,6.6215e-01,6.7093e-02
7.3591e-01,7.9438e-01,5.6200e-01,5.0141e-01
6.7178e-01,5.2480e-01,6.9934e-01,6.0967e-01
7.6433e-01,7.0101e-01,4.7333e-01,6.1893e-01
8.2153e-01,6.5634e-01,6.7095e-01,5.8314e-01
7.6544e-01,6.5220e-01,5.7498e-01,5.3152e-01
7.3633e-01,6.3329e-01,6.7104e-01,7.1061e-01
8.1917e-01,9.0939e-01,2.3764e-01,2.5402e-01
7.2420e-01,7.6195e-01,6.1768e-01,6.6526e-01
8.8841e-01,8.9244e-01,9.4954e-01,7.7882e-01
7.6459e-01,7.1452e-01,5.0433e-01,5.0710e-01
8.7018e-01,8.5474e-01,7.9123e-01,8.7061e-01
7.9901e-01,5.7071e-01,5.7120e-01,4.0898e-01
7.7839e-01,7.8321e-01,6.1999e-01,5.8524e-01
7.4748e-01,5.4623e-01,5.5384e-01,5.8561e-01
6.4650e-01,6.9423e-01,7.0418e-01,6.1977e-01
1.2317e-01,8.5607e-01,4.9983e-01,4.9171e-01
2.7641e-01,9.8660e-01,4.4643e-01,6.9823e-01
8.7341e-01,7.6831e-01,3.3551e-02,2.2650e-01
7.9773e-01,6.1033e-01,6.1579e-01,6.4331e-01
6.8642e-01,6.9404e-01,6.1106e-01,7.2024e-01
9.0589e-01,8.3827e-01,8.9807e-01,9.9276e-01
7.2904e-01,6.2028e-01,5.7887e-01,3.6517e-01
8.8639e-01,8.6023e-01,9.1181e-01,9.7989e-01
6.8858e-01,5.0491e-01,5.4440e-01,4.6205e-01
6.8885e-01,6.5868e-01,6.4158e-01,5.8283e-01
7.0427e-01,7.1036e-01,5.9939e-01,6.7024e-01
7.0107e-01,5.8351e-01,4.6553e-01,5.6860e-01
6.7670e-01,6.9688e-01,6.0667e-01,6.2057e-01
3.0468e-01,5.8670e-01,8.2961e-01,8.6836e-02
9.7357e-01,9.9103e-01,1.8444e-01,1.5185e-01
7.7183e-01,6.8588e-01,5.0530e-01,4.0977e-01
6.8968e-01,6.1888e-01,6.1133e-01,4.7856e-01
6.6332e-01,6.1091e-01,7.2591e-01,4.5078e-01
7.9110e-01,8.8287e-01,1.0646e-01,1.4410e-01
7.4855e-01,6.4289e-01,5.5006e-01,2.9117e-01
9.2585e-01,2.3228e-01,8.9983e-01,5.0371e-01
2.6428e-01,7.7155e-01,8.4520e-02,4.2930e-01
8.6500e-01,2.9400e-01,7.7278e-01,7.6839e-01
6.5601e-01,8.0949e-01,6.4825e-01,5.7564e-01
9.9358e-01,3.1878e-01,6.3406e-01,6.3157e-01
6.6375e-01,6.1923e-01,6.0647e-01,6.7961e-01
6.9894e-01,7.0907e-01,6.4323e-01,6.4067e-01
3.0985e-01,4.6910e-01,6.9851e-01,4.6621e-01
7.2419e-01,6.3943e-01,5.1950e-01,6.8793e-01
7.2350e-01,7.2229e-01,4.3599e-01,4.4167e-01
6.8820e-01,7.2380e-01,4.9925e-01,3.8945e-01
7.0907e-01,6.8005e-01,4.3460e-01,3.7756e-01
6.4891e-01,7.6559e-01,7.1717e-01,4.4143e-01
7.5163e-01,7.7359e-01,6.0234e-01,4.8644e-01
8.2092e-01,2.0096e-01,2.7336e-01,1.6477e-01
6.3370e-01,8.1531e-01,6.1623e-01,5.0662e-01
6.4678e-01,7.0137e-01,6.9937e-01,5.3067e-01
8.8683e-01,2.2635e-01,9.6128e-01,6.1442e-01
7.6212e-01,6.2659e-01,7.3949e-01,4.3228e-01
9.4219e-01,9.2760e-01,8.4421e-01,7.8351e-01
6.3050e-01,7.3389e-01,5.8017e-01,6.5251e-01
7.8172e-01,6.2347e-01,6.8895e-01,5.9546e-01
6.4101e-01,7.6362e-01,5.9770e-01,4.0654e-01
8.9825e-01,7.4589e-01,9.1952e-01,1.3915e-01
9.5497e-01,2.9786e-01,8.0851e-01,3.5187e-01
7.7451e-01,7.1524e-01,5.6343e-01,6.0201e-01
6.4341e-01,7.3784e-01,5.4850e-01,5.0478e-01
6.6747e-01,8.1998e-01,5.8910e-01,6.0353e-01
8.7813e-01,2.4581e-01,8.7695e-01,3.6595e-01
6.3954e-01,7.8439e-01,5.5729e-01,5.1239e-01
6.0535e-01,6.4311e-01,4.7951e-01,3.8961e-01
8.0204e-01,6.2015e-01,6.0996e-01,6.6593e-01
9.1922e-01,9.0036e-01,8.9045e-01,8.8334e-01
7.1931e-01,5.3483e-01,5.4860e-01,5.8962e-01
7.3871e-01,7.0031e-01,6.2103e-01,6.8078e-01
9.6631e-01,9.8341e-01,8.4650e-02,3.4602e-02
6.4902e-01,6.3198e-01,6.1173e-01,6.0210e-01
7.0905e-01,5.9385e-01,6.3659e-01,3.5405e-01
6.8243e-01,6.6528e-01,5.3927e-01,3.0863e-01
5.9155e-01,7.1264e-01,6.8881e-01,5.6076e-01
7.3981e-01,6.2182e-01,6.6399e-01,3.5765e-01
7.3695e-01,7.1714e-01,6.2931e-01,4.7140e-01
7.9985e-01,6.8709e-01,5.1834e-01,5.5279e-01
6.3360e-01,6.7023e-01,5.7113e-01,5.5952e-01
6.3682e-01,6.6111e-01,4.6443e-01,6.3196e-01
7.8043e-01,7.0736e-01,4.8163e-01,6.3324e-01
6.3922e-01,6.5806e-01,5.4525e-01,5.6487e-01
8.0011e-01,7.3318e-01,5.8232e-01,3.5246e-01
6.8731e-01,6.7985e-01,6.2969e-01,4.3689e-01
6.8583e-01,6.4462e-01,7.6877e-01,5.5214e-01
8.7188e-01,2.1087e-01,9.2253e-01,3.6823e-02
6.3138e-01,7.0230e-01,6.9601e-01,4.6096e-01
8.3097e-01,6.8470e-01,5.7070e-01,4.9160e-01
7.1389e-01,7.6543e-01,6.5360e-01,3.5341e-01
2.5943e-01,9.6340e-01,8.3229e-01,6.8649e-02
7.3825e-01,5.7396e-01,6.2336e-01,3.5360e-01
9.6806e-01,9.6050e-01,1.3529e-01,8.1318e-01
6.3773e-01,6.4177e-01,7.2512e-01,5.5191e-01
7.8894e-01,6.8310e-01,5.5056e-01,6.2954e-01
8.8532e-01,2.9299e-01,2.2866e-01,1.4416e-02
6.9289e-01,6.7468e-01,5.6617e-01,5.3703e-01
7.9355e-01,6.4702e-01,5.2542e-01,6.1303e-01
6.6664e-01,7.0578e-01,6.0954e-01,4.4971e-01
9.7373e-01,2.8789e-01,8.4583e-01,4.2681e-02
6.3854e-01,5.5626e-01,5.7796e-01,5.0743e-01
7.5474e-01,6.6407e-01,6.8504e-01,5.9058e-01
6.2757e-01,6.6544e-01,7.7835e-01,5.0231e-01
6.4902e-01,7.6841e-01,5.4929e-01,6.0094e-01
9.5527e-01,6.8536e-01,9.6719e-01,2.5331e-02
6.5940e-01,5.9931e-01,6.8732e-01,3.2177e-01
8.2268e-01,8.6663e-01,9.2115e-01,1.6357e-01
2.9491e-01,8.8254e-01,4.7904e-01,7.5006e-01
7.1931e-01,5.9838e-01,7.1160e-01,3.7946e-01
6.0822e-01,7.2593e-01,5.9664e-01,5.7852e-01
7.9594e-01,6.6961e-01,5.5739e-01,6.2656e-01
6.9445e-01,6.5742e-01,6.1754e-01,3.5825e-01
7.3846e-01,6.5513e-01,5.2625e-01,6.2109e-01
8.3650e-01,7.0919e-01,5.9476e-01,5.4236e-01
7.1287e-01,6.6871e-01,5.9118e-01,7.5012e-01
7.9029e-01,9.6826e-01,9.0033e-01,2.1379e-01
6.0939e-01,7.1126e-01,6.5212e-01,4.6308e-01
7.8326e-01,5.8736e-01,6.5478e-01,6.4593e-01
7.9349e-01,7.2549e-01,4.9846e-01,5.5223e-01
7.9324e-01,8.5110e-01,9.4614e-01,1.8825e-01
2.7832e-01,8.4176e-01,6.9133e-01,1.5704e-01
6.4314e-01,7.2690e-01,5.4736e-01,3.7903e-01
6.4214e-01,6.9123e-01,7.0146e-01,4.7974e-01
7.1952e-01,6.8669e-01,5.2823e-01,6.0354e-01
7.9083e-01,6.9306e-01,6.7488e-01,6.4283e-01
6.3469e-01,7.5917e-01,5.1906e-01,3.5702e-01
7.6738e-01,6.8824e-01,5.4923e-01,3.3009e-01
8.6585e-01,9.8598e-01,8.6897e-01,8.8445e-01
7.9444e-01,9.0551e-01,8.7448e-01,8.0630e-01
9.9222e-01,2.1961e-01,6.5837e-01,5.3274e-01
7.8962e-01,8.7798e-01,1.2001e-01,9.4617e-01
9.5301e-01,7.6332e-01,1.7337e-01,4.4147e-01
6.6660e-01,6.9848e-01,5.8370e-01,6.8874e-01
2.8848e-01,9.9496e-01,6.8676e-01,3.9183e-02
6.7831e-01,7.2335e-01,7.4167e-01,5.3756e-01
7.6543e-01,5.4572e-01,5.8178e-01,4.3593e-01
6.3604e-01,6.3551e-01,4.8832e-01,5.1004e-01
7.4308e-01,5.7997e-01,6.4283e-01,7.0412e-01
6.8525e-01,6.6669e-01,5.9567e-01,5.4838e-01
6.9443e-01,6.0516e-01,4.6784e-01,6.3929e-01
6.3105e-01,7.0251e-01,7.3518e-01,5.7658e-01
8.3429e-01,8.8019e-01,9.3207e-01,1.7288e-02
8.4485e-01,6.3003e-01,6.6975e-01,4.8242e-01
9.6892e-01,8.6567e-01,5.1599e-02,3.8829e-01
7.1050e-01,6.1183e-01,5.2333e-01,2.9384e-01
8.1292e-01,6.7792e-01,7.1295e-01,5.1788e-01
8.1697e-01,7.0032e-01,5.9417e-01,5.6427e-01
6.2572e-01,7.3475e-01,6.6300e-01,6.5284e-01
7.8529e-01,7.5900e-01,5.3102e-01,5.1717e-01
6.3734e-01,6.0454e-01,6.7465e-01,4.1799e-01
5.9842e-01,6.5912e-01,6.3864e-01,4.7439e-01
9.9290e-01,1.0237e-01,6.6261e-01,4.1429e-01
6.5699e-01,7.1646e-01,7.1371e-01,4.4416e-01
7.0655e-01,5.8511e-01,4.9651e-01,4.4633e-01
7.1006e-01,6.9133e-01,5.2716e-01,4.4198e-01
9.1747e-01,7.1495e-01,9.1766e-01,9.1469e-01
7.8400e-01,9.8445e-01,8.4194e-01,8.4317e-01
6.9615e-01,6.7656e-01,6.8694e-01,4.7052e-01
7.6130e-01,7.3223e-01,5.5275e-01,3.8160e-01
7.2199e-01,6.3331e-01,5.0125e-01,6.4202e-01
7.4361e-01,7.9600e-01,6.5231e-01,5.3612e-01
2.8030e-01,5.9771e-01,8.0930e-01,5.0059e-02
6.2445e-01,6.3816e-01,4.7253e-01,3.9905e-01
7.2224e-01,6.5478e-01,4.6323e-01,4.2672e-01
6.7970e-01,6.1252e-01,8.0010e-01,5.1575e-01
8.0735e-01,6.8580e-01,5.6040e-01,5.1242e-01
7.5000e-01,7.9258e-01,6.5506e-01,4.0162e-01
6.2003e-01,6.2242e-01,4.9391e-01,4.3942e-01
7.8642e-01,1.5079e-01,9.7003e-01,2.6416e-01
2.7811e-01,9.5112e-01,7.9901e-01,1.1434e-01
6.0644e-01,5.6733e-01,7.2428e-01,4.7089e-01
7.5265e-01,7.5155e-01,6.8606e-01,6.0433e-01
7.6945e-01,7.4182e-01,6.5654e-01,6.3190e-01
6.8831e-01,7.5254e-01,5.5375e-01,4.9954e-01
9.3210e-01,9.6541e-01,9.3532e-01,3.0603e-01
7.4688e-01,5.7974e-01,7.5202e-01,3.8545e-01
2.7965e-01,9.6909e-01,9.2958e-01,7.2443e-01
6.7334e-01,6.1554e-01,6.7380e-01,3.6722e-01
6.6081e-01,7.5470e-01,6.7697e-01,4.3816e-01
7.0783e-01,6.1953e-01,6.2490e-01,2.8038e-01
9.1624e-01,1.4796e-01,9.3903e-01,3.1787e-01
6.2839e-01,7.6294e-01,7.1759e-01,4.3377e-01
7.4949e-01,6.3322e-01,5.5899e-01,6.3491e-01
6.8897e-01,6.3635e-01,6.0427e-01,6.4405e-01
3.0441e-01,1.3867e-01,6.9136e-01,4.8779e-01
5.6509e-01,6.5975e-01,6.8546e-01,5.7701e-01
9.7163e-01,7.9696e-01,9.1444e-01,8.7966e-01
8.0824e-01,7.0984e-01,5.8482e-01,6.5884e-01
7.3697e-01,7.3364e-01,6.7902e-01,4.1775e-01
7.1832e-01,6.8896e-01,6.7483e-01,6.2239e-01
8.6616e-01,7.3613e-01,8.1761e-02,2.9681e-01
7.0981e-01,8.0075e-01,6.2124e-01,5.6680e-01
7.6183e-01,6.6143e-01,6.4574e-01,3.5321e-01
6.7511e-01,7.5661e-01,6.0707e-01,5.6759e-01
6.2920e-01,7.6416e-01,7.0189e-01,3.7376e-01
7.5466e-01,6.0504e-01,7.5373e-01,6.1568e-01
6.3743e-01,6.3565e-01,7.4451e-01,4.3490e-01
6.1701e-01,6.3291e-01,5.4639e-01,6.1331e-01
6.9885e-01,6.2633e-01,6.4190e-01,5.7958e-01
6.6439e-01,7.7654e-01,6.8157e-01,4.4468e-01
7.9360e-01,7.4668e-01,5.1437e-01,5.9074e-01
7.8128e-01,6.8216e-01,7.2304e-01,4.2674e-01
6.7004e-01,7.7089e-01,5.8649e-01,4.6700e-01
9.9154e-01,9.7813e-01,9.1416e-01,9.9839e-01
9.6877e-01,2.2890e-01,8.9802e-01,7.7961e-01
7.3571e-01,8.2483e-01,6.1178e-01,4.9174e-01
2.7034e-01,8.0249e-01,9.3239e-01,5.9971e-01
7.3779e-01,6.2902e-01,5.8509e-01,4.7693e-01
6.9873e-01,5.9606e-01,5.3815e-01,4.8458e-01
8.9734e-01,9.8470e-01,2.6244e-01,8.3725e-03
8.1249e-01,7.2426e-01,6.0584e-01,4.7536e-01
7.9436e-01,6.1565e-01,5.0431e-01,6.3824e-01
6.4552e-01,5.7979e-01,5.5988e-01,6.1852e-01
9.3479e-01,2.0730e-01,7.9307e-01,1.6074e-01
6.9922e-01,5.6205e-01,7.5849e-01,4.7393e-01
6.6992e-01,7.2448e-01,4.6824e-01,5.0939e-01
8.3010e-01,8.7369e-01,2.0390e-01,8.6245e-01
6.6028e-01,7.7240e-01,5.8912e-01,5.1684e-01
9.9352e-01,9.9787e-01,9.6866e-01,5.8506e-02
9.8169e-01,7.1665e-01,6.2031e-02,2.1000e-02
7.5627e-01,6.9887e-01,6.0549e-01,4.6460e-01
7.1866e-01,7.0661e-01,6.0177e-01,3.9694e-01
6.6174e-01,7.2161e-01,6.1000e-01,5.7460e-01
7.0345e-01,6.1876e-01,7.1263e-01,5.5493e-01
7.7231e-01,6.3631e-01,4.8649e-01,4.2143e-01
3.0853e-01,9.5451e-01,8.8304e-01,6.6037e-01
7.0656e-01,6.4721e-01,7.6152e-01,3.6116e-01
9.9088e-01,8.9864e-01,2.9025e-01,7.0730e-01
3.0814e-01,5.3157e-01,7.4485e-01,7.7328e-01
6.7361e-01,7.1284e-01,6.4761e-01,4.7710e-01
7.0194e-01,6.0748e-01,6.8749e-01,5.4972e-01
7.7335e-01,6.4021e-01,5.7359e-01,5.9578e-01
5.9864e-01,7.9198e-01,6.2879e-01,5.4436e-01
6.7238e-01,7.8622e-01,6.6369e-01,6.3146e-01
7.0453e-01,5.9990e-01,5.1592e-01,4.3819e-01
8.5945e-01,2.0535e-01,8.5963e-01,7.4948e-01
9.8632e-01,3.0817e-01,5.8459e-01,5.8710e-01
8.3448e-01,6.7493e-01,6.5440e-01,4.9779e-01
8.3876e-01,2.1643e-01,8.4492e-01,9.9707e-01
7.7376e-01,7.7361e-01,9.5866e-01,9.6823e-01
9.0951e-01,8.4567e-01,8.1206e-01,8.2467e-01
7.1116e-01,6.1038e-01,6.6343e-01,5.0938e-01
7.0705e-01,8.3780e-01,6.5374e-01,5.1922e-01
8.8748e-01,2.7828e-01,5.1914e-01,2.7726e-01
7.6725e-01,2.0928e-01,8.5846e-01,3.6426e-01
7.2489e-01,7.7128e-01,7.0659e-01,6.2838e-01
7.3969e-01,6.9238e-01,5.5891e-01,4.4183e-01
9.5638e-01,2.9892e-01,4.3053e-01,7.3052e-01
6.3405e-01,7.4712e-01,5.7814e-01,3.5403e-01
7.3005e-01,1.3772e-01,5.9623e-01,5.9303e-01
6.1982e-01,6.4451e-01,6.6175e-01,5.8826e-01
6.5163e-01,6.5903e-01,6.5143e-01,6.7435e-01
6.6369e-01,6.8275e-01,5.7154e-01,5.1425e-01
7.4669e-01,6.3312e-01,5.4782e-01,5.9576e-01
6.6390e-01,7.0886e-01,5.7621e-01,5.8005e-01
6.5264e-01,6.2896e-01,5.6146e-01,7.2480e-01
3.1712e-01,7.0364e-01,6.8727e-01,2.9490e-01
5.7246e-01,6.9393e-01,6.4295e-01,6.0833e-01
7.8844e-01,6.3593e-01,4.9270e-01,3.5341e-01
7.9259e-01,6.8818e-01,6.8805e-01,3.8652e-01
7.4357e-01,6.9857e-01,7.2172e-01,5.6243e-01
6.1312e-01,6.1009e-01,5.3441e-01,5.4626e-01
7.9686e-01,7.7412e-01,6.5235e-01,4.2247e-01
7.0304e-01,6.1294e-01,6.6625e-01,5.2614e-01
6.8620e-01,8.0170e-01,5.5561e-01,5.3405e-01
9.2064e-01,8.6757e-01,4.0643e-02,2.1395e-01
6.5573e-01,6.3216e-01,5.7665e-01,3.3667e-01
7.6992e-01,6.6924e-01,7.7560e-01,4.7116e-01
6.6280e-01,6.9880e-01,6.7618e-01,5.4257e-01
7.3477e-01,6.7514e-01,6.6250e-01,3.8521e-01
6.1984e-01,7.1165e-01,6.1201e-01,3.1349e-01
6.9247e-01,7.6888e-01,6.8171e-01,3.7406e-01
9.2896e-01,3.1234e-01,3.9067e-01,1.9051e-01
6.5167e-01,7.1434e-01,5.6781e-01,5.5850e-01
7.0746e-01,7.2063e-01,6.2919e-01,2.7438e-01
7.7907e-01,6.4599e-01,5.9943e-01,4.6135e-01
9.7318e-01,9.1618e-01,8.6139e-01,7.3901e-01
6.9554e-01,7.6126e-01,5.7081e-01,6.0782e-01
7.3016e-01,6.6469e-01,6.4999e-01,6.0075e-01
6.9699e-01,8.0259e-01,5.7680e-01,4.9685e-01
7.5175e-01,7.4157e-01,6.0517e-01,4.1922e-01
6.5666e-01,7.7577e-01,6.9359e-01,5.4004e-01
7.5721e-01,9.4375e-01,1.4212e-01,1.2364e-01
6.6694e-01,6.0797e-01,7.6445e-01,4.8118e-01
6.8615e-01,6.6144e-01,4.3083e-01,5.2546e-01
7.3247e-01,7.0724e-01,6.8251e-01,3.9733e-01
7.4476e-01,6.2033e-01,7.7243e-01,5.3568e-01
7.2078e-01,5.8402e-01,5.4828e-01,6.3574e-01
7.2173e-01,7.1362e-01,6.7094e-01,6.9472e-01
7.8433e-01,6.0461e-01,5.6802e-01,3.0457e-01
8.3525e-01,7.3282e-01,6.7643e-01,5.2798e-01
6.5286e-01,7.1186e-01,7.4809e-01,5.0354e-01
9.9133e-01,7.9334e-01,8.3160e-01,5.1190e-02
6.9363e-01,5.7125e-01,5.3386e-01,6.3365e-01
8.1138e-01,9.6686e-01,2.2597e-01,8.5060e-01
7.1542e-01,6.0963e-01,6.6431e-01,5.9838e-01
6.4454e-01,5.8526e-01,6.1449e-01,7.1596e-01
7.7250e-01,7.2054e-01,5.8912e-01,5.0703e-01
7.2667e-01,7.7232e-01,4.8206e-01,4.6772e-01
7.6552e-01,8.0181e-01,5.5296e-01,4.0365e-01
8.2258e-01,1.9983e-01,5.6558e-01,3.8214e-01
6.4306e-01,5.7975e-01,6.3044e-01,4.7307e-01
9.2609e-01,8.5349e-01,8.7706e-01,7.6643e-01
8.7737e-01,2.4098e-01,5.9639e-01,9.4459e-01
7.2921e-01,6.4541e-01,7.4654e-01,4.9362e-01
7.1442e-01,1.2795e-01,3.9333e-01,5.1648e-03
5.9278e-01,6.0798e-01,5.7989e-01,3.9083e-01
6.9483e-01,6.1439e-01,5.5631e-01,4.0112e-01
9.8146e-01,8.6376e-01,7.6962e-01,1.5770e-01
8.1602e-01,7.3550e-01,9.9425e-01,9.8923e-01
8.1097e-01,9.9940e-01,8.8927e-01,9.3184e-01
9.1117e-01,9.7657e-01,9.8267e-01,8.6207e-01
6.4043e-01,7.8928e-01,7.1068e-01,4.9677e-01
6.3676e-01,6.0244e-01,7.4472e-01,5.7728e-01
2.8551e-01,8.7761e-01,5.7104e-01,5.8908e-01
7.6095e-01,5.6703e-01,6.1999e-01,3.8053e-01
6.6335e-01,6.2082e-01,6.9817e-01,5.0417e-01
7.2586e-01,6.8144e-01,4.8403e-01,3.9757e-01
9.6745e-01,9.5942e-01,2.4706e-01,8.5717e-01
6.3255e-01,6.4801e-01,7.1250e-01,4.5231e-01
7.6568e-01,9.3144e-01,8.4411e-01,8.9730e-01
7.5131e-01,6.8999e-01,4.6645e-01,5.7016e-01
8.6387e-01,8.7457e-01,9.8385e-01,8.9660e-01
1.8396e-01,9.2913e-01,8.6152e-01,9.4191e-01
6.4319e-01,7.1023e-01,5.4011e-01,3.2036e-01
6.5128e-01,6.3432e-01,4.7363e-01,4.2367e-01
6.2399e-01,7.3345e-01,5.7870e-01,4.3871e-01
7.9495e-01,2.1333e-01,4.7794e-01,5.9686e-01
8.8997e-01,9.0349e-01,9.0973e-01,8.0778e-01
8.6777e-01,9.5268e-01,8.5948e-01,2.2075e-01
6.2055e-01,6.9464e-01,5.3248e-01,6.9621e-01
7.4312e-01,8.0791e-01,5.4927e-01,4.5786e-01
7.3233e-01,5.4682e-01,5.4703e-01,4.1850e-01
8.1039e-01,8.8115e-01,9.4917e-02,8.5222e-01
8.3687e-01,7.2205e-01,6.6122e-01,4.9096e-01
9.2496e-01,9.5435e-01,9.5303e-01,3.2768e-02
7.1258e-01,5.9676e-01,6.9278e-01,7.0259e-01
7.9085e-01,6.3075e-01,5.9041e-01,6.0935e-01
9.4525e-01,3.1353e-01,9.5598e-01,8.5678e-01
9.9583e-01,8.6743e-01,1.4389e-01,8.9506e-01
7.7358e-01,6.3376e-01,6.5660e-01,4.9297e-01
6.9874e-01,6.2335e-01,5.0783e-01,5.3247e-01
7.2233e-01,5.8899e-01,7.8502e-01,4.9348e-01
2.2918e-01,6.3786e-01,2.2647e-01,3.2653e-01
7.0804e-01,6.3300e-01,5.6405e-01,5.3508e-01
6.2786e-01,6.4381e-01,6.0662e-01,4.8316e-01
7.3062e-01,7.9991e-01,5.3766e-01,4.3015e-01
6.9173e-01,6.2043e-01,5.2396e-01,4.0011e-01
9.2078e-01,8.0988e-01,8.9249e-01,7.8049e-01
9.7191e-01,8.1592e-01,7.8652e-01,9.8053e-01
8.0575e-01,6.2759e-01,6.8393e-01,5.2679e-01
2.7532e-01,9.6484e-01,5.4263e-01,7.4167e-01
7.9195e-01,9.8550e-01,8.3303e-01,9.8773e-01
6.5519e-01,6.9804e-01,7.0451e-01,6.2172e-01
6.8231e-01,6.8367e-01,7.5628e-01,4.4832e-01
7.1180e-01,7.8704e-01,5.5969e-01,4.8586e-01
6.6801e-01,7.5358e-01,4.5931e-01,5.9374e-01
7.3468e-01,7.5153e-01,6.4115e-01,4.4820e-01
5.8358e-01,6.8846e-01,7.3103e-01,4.4078e-01
6.2389e-01,7.3618e-01,7.2530e-01,3.7980e-01
8.6709e-01,1.9618e-01,8.3757e-01,4.5886e-02
7.2458e-01,7.8773e-01,5.6814e-01,4.7391e-01
8.0193e-01,7.7478e-01,6.1133e-01,4.0544e-01
7.4201e-01,7.4196e-01,7.6481e-01,4.8639e-01
6.3289e-01,6.9443e-01,5.7592e-01,3.8817e-01
6.6429e-01,7.1453e-01,6.6544e-01,5.2177e-01
7.4706e-01,7.9890e-01,5.0906e-01,4.5197e-01
7.2350e-01,5.8112e-01,5.9933e-01,5.0058e-01
7.3474e-01,6.0749e-01,6.0248e-01,6.9218e-01
7.7038e-01,9.0471e-01,9.4350e-01,8.1075e-01
6.2808e-01,7.4109e-01,6.7347e-01,5.1774e-01
7.0722e-01,6.3288e-01,8.0122e-01,5.7969e-01
7.3583e-01,6.5389e-01,5.2691e-01,2.7251e-01
6.6496e-01,7.5949e-01,6.4073e-01,5.5934e-01
2.9409e-01,3.0765e-01,5.8058e-01,2.4930e-01
7.9012e-01,8.8699e-01,8.9964e-01,5.5436e-02
6.1441e-01,6.3638e-01,7.6067e-01,5.3229e-01
7.4939e-01,7.7983e-01,7.2641e-01,4.4091e-01
6.8240e-01,6.2838e-01,6.5272e-01,3.4155e-01
6.9762e-01,6.3007e-01,5.9851e-01,2.5020e-01
9.9376e-01,2.5556e-01,3.3690e-01,3.1819e-01
9.3956e-01,9.4301e-01,2.2872e-01,7.5878e-01
6.9186e-01,6.8635e-01,7.8432e-01,4.7235e-01
7.7532e-01,7.1693e-01,6.5689e-01,6.5771e-01
8.0447e-01,6.2241e-01,6.9790e-01,5.4285e-01
2.8127e-01,9.9901e-01,6.6501e-01,3.6512e-01
7.0751e-01,6.0926e-01,6.2189e-01,6.5253e-01
6.9746e-01,7.2602e-01,5.7501e-01,5.9134e-01
9.9963e-01,8.3909e-01,8.2252e-02,9.8070e-01
7.7585e-01,6.8389e-01,7.6823e-01,4.3653e-01
7.1477e-01,7.8638e-01,6.1140e-01,6.6363e-01
6.1269e-01,6.9563e-01,5.7307e-01,3.7819e-01
7.1843e-01,7.0758e-01,7.6509e-01,4.0161e-01
6.1874e-01,7.4783e-01,5.7018e-01,6.3732e-01
8.2158e-01,8.5632e-01,1.7383e-01,1.0885e-01
7.3155e-01,6.1392e-01,6.2118e-01,4.7037e-01
9.6716e-01,7.6916e-01,9.3463e-01,9.7139e-01
8.3089e-01,6.4259e-01,6.4117e-01,5.7020e-01
5.9806e-01,6.9138e-01,6.9369e-01,5.2210e-01
3.0611e-01,6.0666e-01,5.0234e-01,4.0302e-01
6.8327e-01,6.1098e-01,5.5310e-01,4.8016e-01
8.4848e-01,7.7849e-01,8.9159e-01,6.8584e-02
5.9885e-01,7.3432e-01,5.5293e-01,4.8286e-01
9.6073e-01,9.9056e-01,8.1456e-01,9.3571e-01
5.9451e-01,5.9806e-01,4.8109e-01,5.6504e-01
7.6420e-01,6.0929e-01,7.0196e-01,4.7718e-01
6.5017e-01,6.8929e-01,5.5780e-01,6.4147e-01
9.4387e-01,9.8190e-01,2.4050e-01,6.9140e-01
6.6102e-01,7.9957e-01,5.0903e-01,5.5293e-01
8.0230e-01,9.1204e-01,8.0926e-01,9.2996e-01
8.2163e-01,9.7671e-01,1.4897e-01,1.5787e-02
8.2290e-01,7.8862e-01,1.5631e-01,9.8428e-01
2.2490e-01,7.4379e-01,3.4478e-01,5.5494e-01
7.6867e-01,6.1815e-01,5.6727e-01,5.1440e-01
7.0861e-01,6.3824e-01,5.8071e-01,3.2736e-01
7.9150e-01,8.9029e-01,1.9310e-01,6.6682e-01
8.8716e-01,2.8614e-01,9.2015e-01,7.8882e-01
7.5839e-01,7.5112e-01,6.6684e-01,5.3759e-01
2.9366e-01,3.8455e-01,7.0617e-01,6.2126e-01
6.3727e-01,7.1218e-01,6.0492e-01,5.3848e-01
6.7261e-01,5.4651e-01,5.5427e-01,4.2455e-01
6.7871e-01,7.3815e-01,5.3903e-01,5.6393e-01
6.9155e-01,6.9903e-01,6.2224e-01,4.7683e-01
2.5479e-01,6.9126e-01,6.2100e-01,7.8630e-01
2.0786e-01,5.4364e-01,7.2553e-01,5.7727e-01
6.2950e-01,6.9451e-01,7.0335e-01,5.5112e-01
2.1926e-01,4.1008e-01,4.4084e-01,8.7558e-01
7.0330e-01,6.0524e-01,4.9987e-01,7.1523e-01
6.5729e-01,7.0234e-01,6.6165e-01,5.6279e-01
9.2725e-01,2.5356e-01,6.4230e-01,1.3491e-01
8.7871e-01,7.9046e-01,1.9130e-01,8.5930e-01
7.2740e-01,4.9725e-02,4.9257e-01,9.5841e-01
6.7305e-01,7.9496e-01,6.3898e-01,4.7102e-01
7.5589e-01,9.1113e-01,8.3221e-01,9.3980e-01
6.7657e-01,7.8872e-01,6.5724e-01,5.0301e-01
2.8212e-01,8.5068e-01,8.1531e-01,4.5416e-01
6.0941e-01,5.7251e-01,4.8296e-01,5.4018e-01
6.4069e-01,6.2396e-01,6.5149e-01,5.2512e-01
7.5804e-01,6.8270e-01,7.1985e-01,4.8399e-01
6.5929e-01,7.0262e-01,5.0626e-01,4.9035e-01
7.1988e-01,5.3874e-01,7.1363e-01,6.1139e-01
2.3229e-01,1.6983e-01,7.3311e-01,3.7185e-01
8.1425e-01,6.8663e-01,5.3120e-01,4.9072e-01
9.9870e-01,9.9182e-01,2.2371e-01,2.0105e-01
7.5087e-01,7.4197e-01,6.3835e-01,4.2306e-01
7.5579e-01,6.9573e-01,6.3649e-01,5.2665e-01
7.0573e-01,6.8565e-01,4.6736e-01,6.6052e-01
6.0657e-01,5.8033e-01,6.0052e-01,3.7690e-01
6.2388e-01,6.2127e-01,7.4168e-01,5.5382e-01
7.3978e-01,5.5738e-01,6.8271e-01,3.9705e-01
6.5600e-01,6.7242e-01,6.4036e-01,5.6217e-01
6.8117e-01,6.8994e-01,7.7494e-01,4.9263e-01
7.0066e-01,6.5961e-01,5.1518e-01,3.6897e-01
6.8735e-01,6.3282e-01,6.3124e-01,4.3785e-01
9.1239e-01,9.5692e-01,9.7292e-01,8.4700e-01
7.0376e-01,8.0050e-01,6.3391e-01,4.6711e-01
2.9802e-01,7.1398e-01,5.9143e-01,3.1370e-01
6.2746e-01,7.0186e-01,6.7576e-01,3.3112e-01
7.1724e-01,6.1873e-01,6.6329e-01,5.8966e-01
7.7412e-01,7.1577e-01,6.5186e-01,5.8683e-01
8.1735e-01,6.9095e-01,7.2666e-01,4.6561e-01
7.1037e-01,8.2160e-01,6.4104e-01,5.6872e-01
3.2097e-01,4.1908e-01,7.3737e-01,2.6565e-01
7.4402e-01,9.1021e-01,9.4024e-01,3.9876e-02
7.6395e-01,6.0684e-01,6.2272e-01,3.9828e-01
7.1760e-01,6.7328e-01,6.2928e-01,4.7428e-01
6.0778e-01,7.2069e-01,5.0376e-01,6.3137e-01
9.6137e-01,9.7949e-01,7.6320e-01,4.2840e-04
6.9127e-01,7.3388e-01,6.5291e-01,5.3140e-01
7.9017e-01,6.5298e-01,6.9780e-01,5.3412e-01
8.4127e-01,7.4373e-01,9.6472e-01,8.8897e-02
6.9921e-01,6.1063e-01,7.0393e-01,6.8285e-01
7.5019e-01,8.7065e-01,1.2090e-01,1.2183e-01
6.8556e-01,5.8648e-01,4.9433e-01,3.6349e-01
8.2383e-01,6.1975e-01,6.9753e-01,4.0311e-01
7.7280e-01,6.7150e-01,6.9456e-01,3.9328e-01
7.3987e-01,6.6429e-01,4.2737e-01,3.9643e-01
6.8713e-01,6.7050e-01,6.0498e-01,7.1402e-01
7.8197e-01,6.0846e-01,6.6093e-01,6.7564e-01
6.5297e-01,6.7481e-01,7.2867e-01,5.3947e-01
7.0948e-01,8.1479e-01,6.6584e-01,4.6080e-01
8.1406e-01,6.5891e-01,6.2530e-01,3.5713e-01
7.5559e-01,7.8363e-01,6.0181e-01,4.9774e-01
7.1036e-01,6.3936e-01,5.5492e-01,3.3127e-01
7.7231e-01,6.5726e-01,5.6484e-01,3.8820e-01
7.9971e-01,8.3933e-01,8.8010e-01,3.7479e-02
8.2831e-01,9.8272e-01,3.6179e-02,9.6603e-01
7.4659e-01,6.5702e-01,5.0036e-01,2.8595e-01
7.4326e-01,6.1998e-01,5.2029e-01,3.1988e-01
3.1112e-01,6.9382e-01,5.4941e-01,1.4138e-01
7.1311e-01,6.5850e-01,6.1588e-01,5.5195e-01
8.1422e-01,7.3683e-01,6.1593e-01,5.4970e-01
8.4479e-01,6.0022e-01,6.1911e-01,4.4237e-01
8.5708e-01,8.7960e-01,3.8975e-02,7.6593e-01
6.4537e-01,7.5479e-01,7.3528e-01,5.1442e-01
7.4504e-01,6.6866e-01,5.9035e-01,5.5943e-01
8.2025e-01,7.0446e-01,6.4905e-01,4.6804e-01
6.2223e-01,5.4791e-01,6.5712e-01,5.9723e-01
7.5396e-01,9.5671e-01,2.0783e-01,3.0094e-01
5.9347e-01,7.4341e-01,6.1464e-01,4.9992e-01
6.7454e-01,6.0059e-01,4.8604e-01,6.3286e-01
6.7604e-01,7.0266e-01,5.4051e-01,6.0468e-01
7.7293e-01,6.4237e-01,6.8113e-01,6.8886e-01
6.7584e-01,5.8243e-01,5.7081e-01,6.5266e-01
7.6463e-01,9.9236e-01,7.8371e-01,9.9962e-01
6.3203e-01,5.7685e-01,6.0187e-01,3.0714e-01
7.8002e-01,7.9692e-01,5.9028e-01,5.3134e-01
7.1908e-01,7.3899e-01,7.4534e-01,4.5678e-01
7.9402e-01,8.3005e-01,1.6600e-01,3.1197e-01
9.6639e-01,2.9809e-01,4.7327e-01,7.7016e-01
7.9211e-01,5.5217e-01,6.1434e-01,3.9835e-01
7.8260e-01,9.3393e-01,1.3090e-01,8.6819e-01
8.3597e-01,2.3035e-01,3.6568e-01,7.2100e-01
6.4600e-01,6.5278e-01,6.7683e-01,5.7810e-01
6.9746e-01,6.8739e-01,6.6037e-01,6.7168e-01
6.5901e-01,6.2613e-01,6.6611e-01,4.2764e-01
6.2832e-01,7.0344e-01,5.1910e-01,3.7470e-01
6.4501e-01,6.7487e-01,5.3600e-01,4.1474e-01
7.8190e-01,7.2550e-01,5.1673e-01,5.9081e-01
3.0178e-01,9.6077e-01,2.6833e-01,4.9534e-04
6.9237e-01,6.9196e-01,4.3893e-01,3.8189e-01
7.0596e-01,8.1031e-01,6.0686e-01,4.8607e-01
6.9418e-01,6.6125e-01,6.9816e-01,5.0458e-01
6.8929e-01,6.9514e-01,6.3730e-01,4.7312e-01
8.0168e-01,7.5740e-01,3.8301e-02,2.8683e-01
7.6839e-01,5.7908e-01,7.6761e-01,5.0519e-01
7.1660e-01,7.6674e-01,5.7493e-01,4.4854e-01
9.4174e-01,9.6144e-01,8.3646e-01,1.5387e-01
6.4452e-01,7.0302e-01,6.9227e-01,5.2655e-01
7.0615e-01,6.4819e-01,6.2986e-01,3.7751e-01
8.7356e-01,8.1821e-01,8.0388e-01,3.1153e-03
6.5069e-01,5.7894e-01,6.5755e-01,5.7981e-01
6.6351e-01,7.6629e-01,6.5508e-01,5.8672e-01
7.5524e-01,6.7239e-01,5.2341e-01,4.0739e-01
8.8433e-01,2.6412e-01,8.3101e-01,3.5883e-01
9.4720e-01,8.4226e-01,7.7249e-01,9.9312e-01
6.8182e-01,6.2631e-01,5.6065e-01,5.3198e-01
6.7835e-01,6.0575e-01,5.6329e-01,3.4344e-01
7.9194e-01,5.9316e-01,7.3256e-01,5.9169e-01
6.4433e-01,5.5879e-01,7.3766e-01,4.0321e-01
9.9986e-01,9.7239e-01,1.8166e-01,6.5409e-01
7.9513e-01,6.4656e-01,7.0285e-01,4.5563e-01
9.9441e-01,2.8628e-01,8.5621e-01,8.8906e-01
8.5474e-01,9.3359e-01,7.9713e-01,1.9338e-01
8.1386e-01,6.3475e-01,6.3548e-01,6.6428e-01
6.6269e-01,6.7524e-01,6.1937e-01,3.1536e-01
7.9166e-01,7.0772e-01,6.3254e-01,4.7168e-01
8.0398e-01,9.5190e-01,2.4381e-01,7.9974e-01
7.0001e-01,7.7020e-01,7.4367e-01,5.7320e-01
6.8945e-01,5.7038e-01,5.9943e-01,3.0478e-01
6.6020e-01,6.4566e-01,5.8535e-01,4.9665e-01
6.8298e-01,7.2431e-01,6.1444e-01,5.8597e-01
7.9746e-01,7.6657e-01,5.9175e-01,6.2589e-01
2.6942e-01,3.6227e-01,3.3949e-01,4.5362e-01
5.5994e-01,6.9070e-01,6.6015e-01,4.5655e-01
9.2396e-01,7.8047e-01,2.1283e-01,6.9373e-01
7.2874e-01,5.9559e-01,4.9146e-01,4.2678e-01
6.2475e-01,5.5149e-01,5.0580e-01,4.0734e-01
6.4151e-01,7.6990e-01,6.2253e-01,5.1141e-01
7.3152e-01,6.4658e-01,6.6352e-01,4.8123e-01
1.5164e-01,9.7205e-01,3.9875e-01,1.6493e-01
9.3223e-01,1.1742e-01,6.6009e-01,9.4615e-01
6.9347e-01,6.6296e-01,7.1008e-01,5.6534e-01
7.9919e-01,6.6777e-01,6.1031e-01,5.4354e-01
6.6963e-01,7.0595e-01,6.7441e-01,5.4304e-01
9.6544e-01,9.7235e-01,8.3898e-01,7.4152e-01
8.9459e-01,8.6886e-01,8.3312e-01,9.5787e-01
5.9839e-01,5.3970e-01,5.6390e-01,5.2025e-01
6.4466e-01,6.1629e-01,7.1492e-01,4.0471e-01
6.7859e-01,5.3110e-01,5.0778e-01,4.5121e-01
7.6516e-01,7.3449e-01,5.2584e-01,6.6550e-01
8.4525e-01,2.4653e-01,4.6143e-01,6.8666e-01
9.8605e-01,7.4927e-01,9.4395e-01,1.1880e-01
7.7573e-01,5.8936e-01,6.3952e-01,3.6169e-01
6.8787e-01,6.0418e-01,7.3447e-01,4.5565e-01
6.7402e-01,7.9693e-01,6.4690e-01,5.1484e-01
6.8773e-01,6.9023e-01,5.2561e-01,7.1711e-01
7.3712e-01,5.6487e-01,5.9587e-01,3.5924e-01
6.9534e-01,6.1280e-01,7.2588e-01,3.5108e-01
6.7949e-01,6.3406e-01,5.3940e-01,3.8924e-01
8.2109e-01,6.7424e-01,6.5987e-01,5.8386e-01
6.9166e-01,6.1247e-01,7.8922e-01,4.5096e-01
6.3079e-01,6.9304e-01,7.3134e-01,4.6665e-01
6.3156e-01,6.1999e-01,6.6601e-01,3.8217e-01
6.9116e-01,5.6836e-01,6.9512e-01,3.9581e-01
7.0160e-01,6.9509e-01,4.6899e-01,6.5494e-01
9.6895e-01,9.0926e-01,9.8644e-01,1.2645e-02
6.4938e-01,7.0077e-01,7.6122e-01,5.2629e-01
7.0647e-01,7.0070e-01,5.3560e-01,3.2601e-01
8.7080e-01,9.2970e-01,8.4866e-01,8.4568e-01
6.5571e-01,6.1272e-01,5.8591e-01,5.4246e-01
7.1804e-01,5.4728e-01,4.7100e-01,4.1805e-01
8.1333e-01,6.4232e-01,7.0491e-01,5.6881e-01
6.4556e-01,6.6130e-01,5.7497e-01,3.0922e-01
7.9674e-01,8.2845e-01,1.5546e-01,7.5872e-01
7.8285e-01,6.8315e-01,5.5641e-01,5.1828e-01
2.8038e-01,8.1086e-01,6.0712e-01,3.9400e-01
8.4184e-01,7.0414e-01,6.1804e-01,5.2417e-01
7.3130e-01,5.5814e-01,7.1980e-01,3.9866e-01
7.8233e-01,6.2180e-01,7.3646e-01,4.1584e-01
9.3494e-01,7.5346e-01,1.7356e-01,1.8460e-01
6.3630e-01,6.5131e-01,5.3125e-01,6.6004e-01
6.7250e-01,6.4154e-01,8.0600e-01,5.0414e-01
8.9880e-01,9.3079e-01,9.5867e-01,1.8199e-01
8.7760e-01,8.2218e-01,8.1006e-01,8.6634e-01
6.7002e-01,7.5649e-01,5.4817e-01,5.5761e-01
8.7624e-01,8.5770e-01,2.2037e-01,7.9702e-01
6.6478e-01,6.1571e-01,6.1401e-01,6.4426e-01
9.6567e-01,2.9106e-01,7.4696e-01,5.6692e-01
6.4712e-01,7.6301e-01,5.8321e-01,4.6573e-01
9.2172e-01,8.4364e-01,1.9995e-01,1.0388e-01
8.4575e-01,8.7343e-01,8.8774e-01,8.8617e-01
6.1218e-01,6.8728e-01,5.0302e-01,3.9520e-01
7.0278e-01,5.8537e-01,7.1259e-01,3.3006e-01
7.8532e-01,6.5589e-01,7.4873e-01,3.9996e-01
7.1716e-01,7.3945e-01,5.7591e-01,6.3705e-01
6.7401e-01,6.1789e-01,6.1118e-01,6.7787e-01
9.9191e-01,8.2527e-01,2.3207e-01,8.4272e-01
7.3798e-01,5.8415e-01,5.3339e-01,3.0586e-01
6.5555e-01,7.6777e-01,5.6627e-01,4.8792e-01
8.4581e-01,8.2460e-01,2.2117e-01,3.4326e-01
7.3085e-01,6.9982e-01,5.7989e-01,7.0477e-01
7.3455e-01,7.3217e-01,7.5165e-01,5.4274e-01
7.7654e-01,2.3383e-01,6.5418e-01,5.5646e-01
7.2714e-01,6.6024e-01,6.3027e-01,6.0449e-01
8.0687e-01,6.7494e-01,7.0634e-01,5.4945e-01
8.4619e-01,8.7662e-01,8.0675e-01,9.0088e-01
8.0231e-01,6.4988e-01,5.2923e-01,5.9788e-01
6.6304e-01,5.8749e-01,6.2407e-01,4.4594e-01
8.7006e-01,7.5698e-01,9.6102e-01,9.5215e-01
6.9662e-01,6.5966e-01,4.2642e-01,4.8222e-01
7.0580e-01,5.2282e-01,6.9938e-01,5.7344e-01
1.9948e-01,5.0085e-01,4.3401e-01,5.2475e-01
7.2612e-01,7.5961e-01,6.8226e-01,4.4943e-01
8.4060e-01,6.3920e-01,5.3453e-01,4.7005e-01
5.6884e-01,7.3121e-01,6.4248e-01,4.9825e-01
8.8696e-01,2.6447e-01,3.4135e-01,6.5335e-01
7.9837e-01,9.7750e-01,7.5709e-02,2.8922e-01
6.5913e-01,6.5388e-01,5.1121e-01,3.3213e-01
8.4125e-01,7.3205e-01,6.3016e-01,5.1993e-01
3.0752e-01,6.7512e-01,5.0066e-01,8.1496e-01
7.5252e-01,6.9139e-01,5.2926e-01,4.1091e-01
7.2735e-01,6.5470e-01,4.9324e-01,3.9098e-01
7.4930e-01,5.9291e-01,6.4056e-01,5.3466e-01
6.4607e-01,5.7783e-01,6.0527e-01,4.1958e-01
7.7587e-01,7.4500e-01,5.6040e-01,4.4004e-01
9.4764e-01,9.5567e-01,9.3111e-01,1.5110e-01
7.3858e-01,7.6666e-01,6.8881e-01,5.3025e-01
6.8281e-01,6.3433e-01,7.3800e-01,4.1007e-01
2.9002e-01,4.4633e-01,4.1188e-01,2.1280e-01
7.9923e-01,7.3452e-01,6.3972e-01,5.8554e-01
5.6033e-01,6.2430e-01,6.7279e-01,5.1284e-01
7.2129e-01,6.5553e-01,4.7284e-01,6.6839e-01
8.7566e-01,8.0850e-01,1.5227e-01,3.1866e-02
8.5401e-01,2.3209e-01,8.5069e-01,3.8057e-01
7.2527e-01,6.8301e-01,6.3927e-01,2.8730e-01
8.4764e-01,8.2067e-01,8.9944e-01,9.3895e-01
7.0537e-01,5.7390e-01,6.4757e-01,3.2581e-01
7.2592e-01,5.1644e-01,5.8211e-01,4.0764e-01
6.6503e-01,7.5351e-01,4.6637e-01,4.8301e-01
9.9323e-01,9.7765e-01,2.9724e-01,7.4437e-01
6.8466e-01,7.1821e-01,5.4677e-01,6.3864e-01
7.1876e-01,8.5347e-01,9.9880e-01,4.8055e-02
6.5115e-01,5.7156e-01,5.5338e-01,3.5420e-01
8.5264e-01,9.0265e-01,8.2778e-01,8.3925e-01
7.3146e-01,7.5160e-01,7.1482e-01,3.6628e-01
6.7183e-01,6.5710e-01,6.5740e-01,5.1259e-01
7.4650e-01,6.3333e-01,4.2636e-01,4.2846e-01
7.8377e-01,6.0144e-01,5.4915e-01,5.3317e-01
7.2296e-01,7.2114e-01,5.4422e-01,4.3459e-01
8.0474e-01,6.3148e-01,5.7598e-01,4.6012e-01
2.3929e-01,3.5740e-01,5.2436e-01,4.2617e-01
7.6602e-01,6.4938e-01,6.3314e-01,4.6332e-01
7.4170e-01,6.3970e-01,5.0590e-01,6.4568e-01
2.7042e-01,9.4462e-01,4.8725e-01,1.1589e-01
6.7961e-01,8.1879e-01,5.9928e-01,4.1382e-01
6.9333e-01,5.0101e-01,5.9082e-01,4.3163e-01
8.2818e-01,7.3922e-01,9.3698e-01,8.4520e-03
6.0137e-01,5.9454e-01,7.3547e-01,4.4558e-01
3.2023e-01,5.8282e-01,9.8383e-01,5.6341e-01
5.9263e-01,6.4937e-01,6.0133e-01,6.2165e-01
6.5973e-01,5.7942e-01,6.3731e-01,6.1520e-01
6.7546e-01,6.3264e-01,6.0224e-01,5.7572e-01
6.3335e-01,5.6946e-01,6.9861e-01,5.5832e-01
7.4989e-01,5.6459e-01,6.7069e-01,4.3243e-01
6.4177e-01,5.7885e-01,7.0799e-01,3.8712e-01
8.7097e-01,9.5460e-01,7.8020e-01,1.6314e-01
6.6190e-01,6.3835e-01,5.5692e-01,6.3911e-01
7.2253e-01,5.4368e-01,6.2824e-01,6.7842e-01
7.1660e-01,6.7952e-01,5.6037e-01,2.8409e-01
8.1837e-01,6.5513e-01,5.0541e-01,5.1446e-01
8.3097e-01,6.3957e-01,7.0352e-01,4.3534e-01
7.6307e-01,8.0885e-01,6.8818e-01,5.0686e-01
9.5502e-01,8.7108e-01,9.5329e-01,7.5227e-01
7.0902e-01,6.5522e-01,5.8997e-01,4.4538e-01
6.9155e-01,8.1302e-01,6.8010e-01,4.3588e-01
6.0387e-01,7.0807e-01,5.6250e-01,3.7743e-01
2.4492e-01,9.9323e-01,3.7638e-01,9.9718e-01
6.8869e-01,6.1572e-01,5.1101e-01,5.3658e-01
7.9931e-01,7.9703e-01,9.5157e-01,9.9683e-01
9.8237e-01,2.2687e-01,4.2436e-01,7.6834e-01
1.4021e-01,3.5731e-01,5.1045e-01,3.1924e-01
9.3565e-01,9.0800e-01,1.8233e-01,7.2661e-01
8.2226e-01,6.1167e-01,7.1010e-01,5.6828e-01
6.6046e-01,7.4022e-01,4.9403e-01,5.8639e-01
3.1708e-01,7.0077e-01,3.6781e-01,6.5884e-01
8.1668e-01,6.3244e-01,6.8588e-01,3.7812e-01
7.9994e-01,6.1826e-01,6.7698e-01,5.9690e-01
6.2494e-01,7.8679e-01,6.4857e-01,5.3364e-01
7.1166e-01,6.3600e-01,4.3443e-01,3.6955e-01
8.7378e-01,2.2281e-01,4.6424e-01,6.3294e-01
6.5052e-01,8.0843e-01,5.9023e-01,5.0899e-01
6.7562e-01,6.6108e-01,5.6199e-01,6.6924e-01
7.1857e-01,6.8603e-01,6.3188e-01,5.5758e-01
7.5827e-01,6.8296e-01,5.2683e-01,5.3666e-01
7.6437e-01,7.6687e-01,7.3506e-01,4.5283e-01
5.7375e-01,7.0734e-01,5.2370e-01,4.5465e-01
7.6294e-01,6.4063e-01,6.9423e-01,4.5608e-01
8.5567e-01,8.1147e-01,9.4408e-01,1.4581e-01
6.9281e-01,5.5836e-01,4.8969e-01,6.2721e-01
6.7973e-01,6.1704e-01,6.0874e-01,3.2284e-01
7.6402e-01,6.7896e-01,5.9736e-01,5.5528e-01
6.7292e-01,7.1315e-01,5.7125e-01,5.5776e-01
9.7617e-01,2.7637e-01,4.6029e-01,2.4610e-01
8.0531e-01,7.7337e-01,6.6340e-01,4.5333e-01
6.3815e-01,7.6070e-01,7.5995e-01,5.0449e-01
7.2781e-01,5.8287e-01,4.6761e-01,6.4816e-01
9.5757e-01,9.4321e-01,9.7500e-01,2.1562e-01
7.2135e-01,7.2658e-01,6.7699e-01,6.9990e-01
2.5382e-01,5.9425e-01,4.6313e-01,8.7372e-01
7.2623e-01,6.5904e-01,6.4650e-01,5.4542e-01
7.6777e-01,7.6309e-01,5.7057e-01,3.4843e-01
6.6351e-01,5.9678e-01,7.8422e-01,5.0196e-01
8.4725e-01,8.7231e-01,8.8464e-01,7.7601e-01
9.6320e-01,9.0571e-01,9.8318e-01,9.8641e-01
6.7443e-01,6.2035e-01,5.4040e-01,2.6901e-01
7.2121e-01,6.5092e-01,5.2887e-01,6.2257e-01
7.9231e-01,6.5457e-01,4.5045e-01,5.2544e-01
6.7418e-01,6.1357e-01,5.6085e-01,5.2747e-01
6.6993e-01,7.0110e-01,7.5468e-01,5.1483e-01
6.6124e-01,6.0536e-01,4.9931e-01,5.2004e-01
6.6246e-01,7.2860e-01,5.8320e-01,6.3835e-01
6.4552e-01,5.9407e-01,4.7188e-01,4.9118e-01
7.9010e-01,6.9820e-01,6.1689e-01,6.7813e-01
6.1093e-01,7.0328e-01,6.3959e-01,4.7664e-01
7.4559e-01,7.0025e-01,6.1867e-01,4.9007e-01
7.7749e-01,9.9008e-01,9.8380e-01,1.6311e-01
2.3380e-01,3.9848e-01,8.9008e-01,5.5551e-01
7.6317e-01,7.6689e-01,6.6455e-01,4.2659e-01
2.6694e-01,3.0100e-01,6.7117e-01,5.0867e-01
7.0708e-01,7.2020e-01,5.3270e-01,3.4857e-01
6.9896e-01,7.9443e-01,6.6581e-01,5.7546e-01
6.5383e-01,7.0762e-01,5.9764e-01,3.9324e-01
6.7829e-01,6.5187e-01,4.8741e-01,6.0954e-01
6.9883e-01,6.7767e-01,5.2497e-01,5.9183e-01
7.0453e-01,7.3427e-01,6.5078e-01,3.1714e-01
7.4368e-01,8.7911e-01,9.4689e-01,1.2320e-01
3.0475e-01,9.8598e-01,2.1346e-01,2.0416e-01
6.7036e-01,7.7464e-01,5.4703e-01,5.9198e-01
1.7629e-01,8.0239e-01,5.3829e-01,1.5120e-01
6.7247e-01,6.2117e-01,5.9561e-01,5.8703e-01
7.6423e-01,5.8768e-01,7.1486e-01,5.6754e-01
7.5946e-01,6.3779e-01,6.6512e-01,3.7026e-01
7.1194e-01,1.3911e-01,5.8342e-01,4.3623e-01
7.6969e-01,6.2320e-01,4.9678e-01,3.2117e-01
8.7744e-01,8.8079e-01,1.0160e-01,5.4394e-01
6.4688e-01,6.4648e-01,5.4154e-01,6.9276e-01
9.1973e-01,9.7584e-01,2.7193e-01,4.1765e-01
6.8741e-01,6.0858e-01,4.4107e-01,4.8620e-01
7.5809e-01,9.9349e-02,9.9841e-01,3.8072e-01
7.7914e-01,8.1314e-01,6.2200e-01,5.0649e-01
6.6261e-01,5.6866e-01,6.0712e-01,3.2818e-01
6.4306e-01,6.3516e-01,6.8265e-01,4.9614e-01
6.7733e-01,6.8367e-01,6.8476e-01,5.6696e-01
7.7683e-01,6.6558e-01,6.7882e-01,6.0215e-01
8.3070e-01,9.6883e-01,8.1110e-01,9.0892e-01
7.3863e-01,7.3657e-01,6.8744e-01,4.5749e-01
6.6622e-01,6.1109e-01,5.7002e-01,4.3845e-01
7.1685e-01,6.1491e-01,4.4778e-01,4.5733e-01
8.1516e-01,6.7740e-01,5.8234e-01,4.5031e-01
9.0725e-01,7.5953e-01,7.5578e-02,4.0541e-01
8.3188e-01,6.3110e-01,6.7235e-01,4.0750e-01
7.0028e-01,5.8676e-01,6.2646e-01,4.7016e-01
9.7408e-01,2.7831e-01,8.1278e-01,6.2019e-01
8.7710e-01,8.6762e-01,7.9339e-01,1.5805e-01
8.0233e-01,7.0120e-01,5.6410e-01,5.0120e-01
7.1547e-01,7.5324e-01,5.6660e-01,5.1355e-01
6.3267e-01,5.9097e-01,5.1087e-01,6.3494e-01
7.0930e-01,5.8347e-01,6.5988e-01,2.9719e-01
7.1342e-01,6.6242e-01,7.0648e-01,3.5651e-01
9.9950e-01,8.5144e-01,9.2782e-01,9.6143e-01
6.4955e-01,6.9457e-01,5.8876e-01,3.8578e-01
7.7530e-01,5.5001e-01,6.0299e-01,4.8553e-01
8.2491e-01,6.3889e-01,6.4015e-01,6.2658e-01
9.7115e-01,9.4442e-01,2.7634e-01,5.1392e-02
6.4713e-01,7.5292e-01,5.2570e-01,4.6078e-01
8.4118e-01,8.8346e-01,8.3597e-01,1.1214e-01
7.4436e-01,7.3194e-01,6.1853e-01,5.8221e-01
7.6618e-01,9.1137e-01,1.5164e-01,2.1075e-01
6.6964e-01,6.4169e-01,7.4232e-01,5.6596e-01
6.0127e-01,5.8362e-01,6.2721e-01,5.7135e-01
7.8596e-01,7.5272e-01,5.6092e-01,3.9151e-01
6.6188e-01,5.3176e-01,5.3201e-01,4.1543e-01
7.5995e-01,6.2264e-01,6.4761e-01,4.7405e-01
3.0728e-01,8.2610e-01,5.0241e-01,6.1264e-01
7.3279e-01,6.2171e-01,6.8797e-01,5.6585e-01
7.3633e-01,6.6652e-01,7.2843e-01,4.8740e-01
9.0764e-01,8.2034e-01,2.1032e-01,2.4253e-01
7.0192e-01,7.0462e-01,5.6220e-01,5.1468e-01
7.2512e-01,9.4291e-01,8.7706e-01,3.5295e-02
6.7780e-01,7.4027e-01,6.0153e-01,3.8777e-01
7.0069e-01,5.7767e-01,7.6646e-01,4.5255e-01
7.7652e-01,9.5123e-01,8.9671e-01,9.0971e-02
8.3502e-01,8.5415e-01,1.0941e-01,5.9003e-01
6.7924e-01,7.5625e-01,4.8769e-01,5.7209e-01
6.7014e-01,6.2268e-01,5.9147e-01,6.6964e-01
9.4363e-01,9.6070e-01,2.7117e-01,7.0831e-01
8.4044e-01,6.0918e-01,6.7538e-01,5.5047e-01
7.2530e-01,6.6968e-01,5.8635e-01,4.2594e-01
8.1990e-01,6.8993e-01,6.6368e-01,5.1745e-01
6.7358e-01,7.2592e-01,5.0693e-01,3.8507e-01
8.0201e-01,7.8566e-01,9.5597e-01,9.6325e-01
7.0301e-01,5.8059e-01,6.0610e-01,3.1620e-01
6.8246e-01,7.2096e-01,5.7352e-01,3.4650e-01
8.7460e-01,2.7075e-01,1.7839e-01,2.9717e-01
8.1115e-01,6.6622e-01,5.7691e-01,4.2017e-01
7.0526e-01,7.7841e-01,6.9727e-01,5.1395e-01
7.2662e-01,6.2701e-01,5.2574e-01,6.0300e-01
6.9934e-01,7.2868e-01,6.0760e-01,5.4764e-01
6.7746e-01,7.6175e-01,5.8089e-01,4.8013e-01
2.8260e-01,9.8166e-01,4.8367e-01,8.8435e-02
6.8201e-01,6.7247e-01,7.8411e-01,5.9753e-01
6.3441e-01,7.0078e-01,5.6819e-01,5.6776e-01
7.4997e-01,7.0770e-01,7.1465e-01,3.9133e-01
7.2997e-01,7.7211e-01,7.3744e-01,4.8054e-01
8.5319e-01,7.7315e-01,9.9301e-01,1.2274e-01
6.5975e-01,6.9079e-01,5.1844e-01,6.1582e-01
6.9273e-01,7.5966e-01,5.1797e-01,5.0093e-01
9.8975e-01,9.3761e-01,9.6280e-01,7.5504e-01
6.5555e-01,5.8055e-01,4.9080e-01,5.0285e-01
7.8523e-01,6.4711e-01,6.7791e-01,5.1659e-01
6.6321e-01,7.3104e-01,5.6614e-01,6.1915e-01
6.5707e-01,7.9228e-01,5.5128e-01,4.3040e-01
7.2460e-01,7.5836e-01,7.3026e-01,4.5841e-01
7.6280e-01,6.8414e-01,4.8174e-01,3.3028e-01
6.3308e-01,6.4970e-01,7.7993e-01,4.3283e-01
8.8027e-01,1.7937e-01,9.8396e-01,9.3227e-01
9.4927e-01,8.2861e-01,7.8793e-01,7.8748e-02
8.4849e-01,8.5571e-01,9.6336e-01,1.9042e-01
6.5870e-01,7.6778e-01,5.8857e-01,4.4297e-01
7.3465e-01,5.9688e-01,6.9478e-01,3.1180e-01
7.0296e-01,6.9961e-01,5.4137e-01,6.7206e-01
8.5879e-01,9.7263e-01,7.2783e-01,9.6742e-01
7.8699e-01,6.1647e-01,4.6152e-01,5.6958e-01
6.9899e-01,5.7829e-01,7.0063e-01,4.8956e-01
7.7787e-01,6.9385e-01,4.6934e-01,5.1546e-01
7.2764e-01,6.7966e-01,6.0024e-01,2.7978e-01
7.9392e-01,6.2475e-01,7.4856e-01,5.5349e-01
6.6619e-01,6.5397e-01,6.5488e-01,5.7521e-01
7.0361e-01,7.0574e-01,7.7417e-01,3.9677e-01
8.0267e-01,7.6885e-01,6.8624e-01,5.0920e-01
7.6049e-01,5.8400e-01,5.0992e-01,4.8764e-01
2.7421e-01,5.7885e-01,7.3408e-01,5.0767e-01
7.7495e-01,7.5140e-01,5.7450e-01,4.2641e-01
6.0254e-01,6.2293e-01,5.7857e-01,5.4995e-01
7.7534e-01,6.6944e-01,6.6649e-01,3.0680e-01
6.5886e-01,5.4994e-01,7.0827e-01,4.4755e-01
8.2362e-01,7.1726e-01,6.9190e-01,4.5547e-01
7.0119e-01,5.8040e-01,7.1644e-01,5.6167e-01
6.9712e-01,6.4164e-01,5.8248e-01,5.2472e-01
9.1226e-01,2.1627e-01,4.2380e-01,3.3731e-01
7.5264e-01,7.6992e-01,6.2180e-01,4.6598e-01
9.3856e-01,9.7200e-01,7.9977e-01,8.5982e-01
7.1500e-01,5.9458e-01,5.5462e-01,4.7603e-01
6.5862e-01,6.9382e-01,5.7589e-01,3.7835e-01
6.8399e-01,6.5927e-01,5.5438e-01,4.8664e-01
7.6357e-01,6.8727e-01,6.0104e-01,3.8741e-01
6.5314e-01,6.8305e-01,6.7709e-01,4.9699e-01
2.9897e-01,7.5423e-01,2.8396e-01,9.6286e-01
7.8271e-01,7.0033e-01,5.7900e-01,4.5902e-01
8.2401e-01,9.2635e-01,1.6533e-02,7.0344e-01
9.8537e-01,9.6366e-01,2.8888e-01,5.7409e-01
9.5737e-01,2.1576e-01,9.5205e-01,8.6673e-01
6.9517e-01,5.6373e-01,7.3456e-01,5.6959e-01
8.1078e-01,7.0144e-01,6.9303e-01,5.0058e-01
7.6605e-01,7.1228e-01,6.2079e-01,4.5373e-01
6.8421e-01,6.2046e-01,6.5220e-01,4.7876e-01
7.6114e-01,5.9780e-01,5.2152e-01,6.4491e-01
9.1548e-01,9.3218e-01,1.8756e-01,1.7736e-01
9.1152e-02,6.1514e-01,2.1102e-01,6.1527e-01
7.1376e-01,6.7909e-01,5.6359e-01,3.2081e-01
6.6108e-01,6.3910e-01,6.6556e-01,4.1184e-01
9.0922e-01,9.6782e-01,9.8265e-01,2.1863e-01
7.0606e-01,5.5450e-01,7.4904e-01,5.0879e-01
7.6647e-01,6.0906e-01,6.5467e-01,4.4230e-01
7.7454e-01,8.4176e-01,1.5762e-01,4.8501e-01
1.8139e-01,9.5172e-01,5.3343e-01,7.1964e-01
9.3748e-01,2.8236e-01,6.1688e-01,4.8888e-01
8.2694e-01,6.3693e-01,6.2535e-01,6.4527e-01
9.2742e-01,2.9747e-01,2.0080e-01,4.1691e-01
9.7738e-01,7.4685e-01,9.1213e-01,1.0526e-01
6.3697e-01,7.7688e-01,6.5591e-01,4.1878e-01
7.8236e-01,6.1967e-01,6.0762e-01,5.4435e-01
2.8753e-01,6.3630e-01,7.9007e-02,6.9723e-01
7.0327e-01,5.5686e-01,5.0479e-01,4.7775e-01
7.9098e-01,2.0286e-01,6.5631e-01,5.6847e-01
3.1383e-01,8.6060e-01,9.4081e-01,3.5450e-01
9.5961e-01,8.2764e-01,9.5695e-01,2.1790e-01
7.0821e-01,6.4147e-01,7.1803e-01,5.5907e-01
6.6895e-01,7.9340e-01,6.1021e-01,3.7189e-01
7.2425e-01,5.7123e-01,4.5752e-01,6.1626e-01
8.0518e-01,6.2914e-01,7.3712e-01,4.8242e-01
6.3995e-01,6.5012e-01,5.7080e-01,3.6073e-01
9.7514e-01,8.0079e-01,1.9618e-01,1.6509e-01
7.1914e-01,7.1656e-01,6.5249e-01,4.6402e-01
1.7676e-01,6.4189e-01,2.9704e-01,5.9589e-02
5.9842e-01,6.3437e-01,7.0815e-01,6.0299e-01
9.7366e-01,8.8305e-02,1.1021e-01,4.5010e-01
7.5938e-01,6.8126e-01,6.4177e-01,5.0224e-01
9.5051e-01,8.4339e-01,9.2039e-01,9.0023e-01
6.6982e-01,7.0448e-01,4.6704e-01,5.5159e-01
7.2879e-01,6.6066e-01,5.9608e-01,3.4112e-01
2.8249e-01,9.6878e-01,8.4454e-01,9.7517e-01
7.1043e-01,1.3422e-01,4.5800e-01,6.7022e-01
6.7739e-01,7.2759e-01,6.2123e-01,6.0343e-01
9.6305e-01,2.1547e-01,3.3418e-01,5.7353e-01
6.2334e-01,7.4915e-01,6.2368e-01,6.6856e-01
8.1062e-01,6.1463e-01,5.5757e-01,5.8490e-01
6.8980e-01,7.8772e-01,6.2056e-01,5.3832e-01
7.0644e-01,6.5280e-01,7.6513e-01,5.3419e-01
7.7488e-01,7.9549e-01,5.9158e-01,4.7702e-01
7.6146e-01,7.0277e-01,5.1645e-01,5.0016e-01
7.3547e-01,6.3385e-01,6.7009e-01,5.7829e-01
7.0830e-01,5.9501e-01,7.1949e-01,5.2400e-01
7.6211e-01,6.1963e-01,4.8379e-01,3.9727e-01
8.4390e-01,2.2779e-01,2.6761e-01,7.0798e-01
8.8993e-01,9.3618e-01,7.3170e-01,1.2551e-01
6.4800e-01,8.1232e-01,6.2256e-01,4.2248e-01
7.4311e-01,9.9531e-01,9.2610e-01,1.4958e-01
8.1804e-01,6.8708e-01,7.2654e-01,4.9440e-01
8.1315e-01,6.4900e-01,5.8855e-01,5.4216e-01
7.1177e-01,7.0720e-01,7.1375e-01,5.4289e-01
5.9734e-01,5.6234e-01,5.6838e-01,4.3312e-01
9.4275e-01,9.6794e-01,3.1781e-02,5.8980e-01
6.1983e-01,7.4935e-01,6.0156e-01,5.7914e-01
8.5008e-01,9.5608e-01,1.7270e-01,6.1875e-01
9.9115e-01,7.1296e-01,1.2564e-01,4.6214e-01
6.4452e-01,6.8621e-01,6.9024e-01,6.0899e-01
6.6315e-01,8.3313e-01,6.2654e-01,4.7709e-01
9.1212e-01,7.9386e-01,9.2500e-01,8.9937e-01
6.1481e-01,5.3024e-01,5.2206e-01,5.0272e-01
9.0953e-01,8.0234e-01,8.5506e-01,1.4101e-01
6.2919e-01,5.7823e-01,5.1446e-01,3.4306e-01
7.7973e-01,6.6795e-01,5.8019e-01,6.0588e-01
6.6566e-01,6.6880e-01,4.1425e-01,5.6484e-01
6.6812e-01,5.6894e-01,6.8198e-01,3.6714e-01
6.5646e-01,6.6532e-01,5.3310e-01,4.1566e-01
7.1489e-01,6.8423e-01,5.8730e-01,5.7679e-01
9.1561e-01,1.8789e-01,3.1627e-01,4.5694e-02
6.5712e-01,7.6101e-01,5.4494e-01,3.9508e-01
6.0684e-01,7.3605e-01,5.5318e-01,4.1602e-01
6.6651e-01,7.5579e-01,6.0276e-01,4.4637e-01
6.0568e-01,7.0953e-01,6.1239e-01,6.4282e-01
8.2059e-01,7.2743e-01,6.5758e-01,5.4564e-01
7.3602e-01,5.6741e-01,4.6264e-01,4.1286e-01
7.8845e-01,6.6370e-01,5.5211e-01,5.7816e-01
7.0849e-01,7.0072e-01,5.4041e-01,7.3200e-01
9.8150e-01,6.9280e-02,9.2346e-01,4.6385e-01
6.9860e-01,7.3707e-01,6.5565e-01,3.8318e-01
7.9930e-01,7.2778e-01,5.7960e-01,5.0403e-01
6.6424e-01,5.4512e-01,5.0883e-01,4.1175e-01
9.1022e-01,9.1099e-01,8.0579e-01,2.1795e-01
7.1394e-01,8.0802e-01,6.4974e-01,5.8562e-01
8.5050e-01,8.4274e-01,1.7678e-01,5.1573e-01
8.9759e-01,8.7397e-01,8.7255e-01,4.3374e-02
9.2992e-01,2.3544e-01,5.1700e-01,7.9152e-01
7.7775e-01,7.4549e-01,6.1477e-01,4.9835e-01
9.3178e-01,8.4366e-01,9.4954e-01,9.9422e-01
7.8849e-01,6.5050e-01,5.5703e-01,5.2283e-01
7.2844e-01,6.2037e-01,5.2654e-01,4.4132e-01
9.8361e-01,9.7805e-01,3.1063e-01,5.9119e-01
6.8695e-01,6.7583e-01,7.3954e-01,3.7758e-01
7.8722e-01,9.5039e-01,8.9284e-01,9.8070e-01
6.1178e-01,6.7599e-01,7.0369e-01,4.4162e-01
7.0455e-01,6.3005e-01,4.7932e-01,6.8303e-01
7.9901e-01,5.4904e-01,6.3603e-01,4.4824e-01
8.3639e-01,5.9135e-01,5.9718e-01,5.4886e-01
7.0470e-01,6.3655e-01,5.2462e-01,6.8096e-01
6.8181e-01,7.7765e-01,5.9399e-01,5.8358e-01
6.5735e-01,6.2788e-01,4.8274e-01,3.3935e-01
6.0179e-01,6.9743e-01,6.5283e-01,5.6504e-01
6.9493e-01,6.2086e-01,5.0733e-01,3.9546e-01
6.9495e-01,6.4926e-01,6.9371e-01,4.8792e-01
6.4805e-01,6.4577e-01,5.4945e-01,6.0519e-01
6.1155e-01,7.6449e-01,5.0325e-01,5.2382e-01
7.1312e-01,7.2135e-01,5.0506e-01,3.1440e-01
8.1939e-01,6.7647e-01,5.9058e-01,5.2398e-01
7.3091e-01,6.9591e-01,6.6595e-01,5.2445e-01
9.1592e-01,6.8671e-02,6.5346e-01,3.6324e-01
7.8752e-01,5.9322e-01,5.6775e-01,4.8877e-01
7.3907e-01,7.4658e-01,6.1139e-01,3.2974e-01
2.6799e-01,4.9762e-01,5.8743e-01,3.4926e-01
6.7761e-01,5.6254e-01,6.3688e-01,4.3130e-01
9.3447e-01,7.5138e-01,8.9170e-01,1.3839e-01
6.8580e-01,7.4390e-01,6.2420e-01,4.7995e-01
6.5824e-01,6.3183e-01,6.6926e-01,3.7551e-01
7.5862e-01,5.5797e-01,5.2351e-01,5.2191e-01
7.3588e-01,5.8522e-01,6.2841e-01,7.2042e-01
6.2334e-01,6.6705e-01,6.8678e-01,5.6706e-01
8.9357e-01,7.9933e-01,9.7814e-01,7.8574e-01
6.7498e-01,6.0249e-01,5.3753e-01,5.5491e-01
7.7631e-01,8.2111e-01,8.7856e-02,1.9726e-01
9.2059e-01,8.8990e-01,2.1703e-01,4.7900e-02
8.3850e-01,6.4992e-01,7.0726e-01,5.0094e-01
6.4860e-01,6.4167e-01,6.6749e-01,3.3783e-01
8.6753e-01,8.1253e-01,2.2106e-01,5.4530e-01
6.7286e-01,7.3359e-01,6.4909e-01,4.4904e-01
8.3959e-01,2.1788e-01,5.6944e-01,6.2243e-01
9.3491e-01,7.9741e-01,1.8985e-01,3.0396e-01
6.0446e-01,6.3153e-01,6.1705e-01,5.6377e-01
9.2257e-01,9.0559e-01,7.7831e-01,8.8459e-01
7.2883e-01,6.9013e-01,6.2857e-01,3.4736e-01
8.0221e-01,7.3978e-01,6.1765e-01,6.3543e-01
7.7106e-01,6.6536e-01,6.2497e-01,6.0995e-01
8.6986e-01,1.9089e-01,7.3655e-01,9.2986e-01
6.9764e-01,7.6399e-01,5.7431e-01,3.1182e-01
6.6471e-01,7.0368e-01,5.9118e-01,5.1014e-01
8.1381e-01,6.0687e-01,6.6051e-01,5.8475e-01
7.2959e-01,7.1296e-01,4.8244e-01,5.1672e-01
6.5211e-01,6.0310e-01,6.4025e-01,6.2560e-01
8.5589e-01,9.8021e-01,1.7328e-01,2.6808e-01
6.6920e-01,7.4327e-01,7.4320e-01,4.0715e-01
7.3289e-01,6.8370e-01,6.0789e-01,4.4965e-01
2.2320e-01,7.7074e-01,9.3884e-01,9.7618e-01
7.7266e-01,6.0874e-01,4.9923e-01,4.8231e-01
6.5199e-01,7.0468e-01,6.4191e-01,5.7520e-01
6.8301e-01,7.3641e-01,5.5516e-01,6.0120e-01
7.8290e-01,6.9179e-01,5.1040e-01,3.2214e-01
6.5046e-01,6.6873e-01,5.0266e-01,5.4009e-01
2.4553e-01,8.2962e-01,7.6234e-01,6.8727e-01
6.9941e-01,6.9488e-01,6.4509e-01,4.2022e-01
2.6236e-01,5.6365e-01,1.7258e-01,3.4249e-01
7.6752e-01,5.8594e-01,6.0111e-01,6.4780e-01
9.0639e-01,9.0556e-01,9.4199e-01,1.3311e-01
7.3156e-01,6.5629e-01,4.7768e-01,3.7691e-01
7.3523e-01,6.9180e-01,7.1563e-01,5.5829e-01
6.5305e-01,6.5257e-01,7.0252e-01,6.2420e-01
8.1999e-01,9.3384e-01,9.0253e-01,8.7217e-01
3.1636e-01,8.2099e-01,8.0728e-01,8.2617e-01
7.0722e-01,6.6416e-01,6.7876e-01,5.1956e-01
6.3170e-01,6.7994e-01,4.4730e-01,4.0444e-01
6.1573e-01,7.3203e-01,4.5900e-01,4.9699e-01
6.8335e-01,5.6876e-01,4.8114e-01,4.0484e-01
8.8252e-01,8.6736e-01,8.9172e-01,9.7242e-01
8.2132e-01,9.7494e-01,7.9288e-01,1.7587e-01
6.5386e-01,6.3343e-01,6.9960e-01,3.9176e-01
7.6152e-01,6.6706e-01,6.5303e-01,6.1548e-01
6.7565e-01,6.3261e-01,5.2803e-01,7.0449e-01
6.3287e-01,5.3826e-01,5.0043e-01,4.7256e-01
6.5138e-01,6.0187e-01,6.9333e-01,5.7906e-01
7.4639e-01,5.7354e-01,5.5056e-01,6.1511e-01
7.2477e-01,7.1268e-01,6.5849e-01,3.6912e-01
6.6997e-01,8.1468e-01,6.5139e-01,5.1395e-01
6.3119e-01,6.6929e-01,7.8248e-01,4.2346e-01
6.4805e-01,5.3010e-01,6.7669e-01,3.8405e-01
9.1701e-01,2.4515e-01,2.9448e-01,9.8685e-01
7.7935e-01,6.6257e-01,6.1797e-01,3.5807e-01
8.5452e-01,7.5008e-01,8.6836e-01,3.8528e-02
9.5507e-01,8.2824e-01,2.6592e-01,1.8502e-01
9.7158e-01,7.0559e-01,9.8081e-01,9.2456e-01
7.6298e-01,6.5877e-01,7.4605e-01,4.9956e-01
6.9068e-01,6.0094e-01,5.2604e-01,5.0688e-01
6.2101e-01,5.6217e-01,5.7306e-01,3.3426e-01
7.7476e-01,9.5470e-01,1.8242e-01,9.7781e-01
8.3778e-01,6.3808e-01,5.3506e-01,5.2669e-01
6.9072e-01,5.6383e-01,7.3084e-01,3.6530e-01
7.2158e-01,7.3329e-01,5.9283e-01,6.5851e-01
9.9518e-01,2.7154e-01,8.8076e-01,6.4409e-01
6.7599e-01,5.6846e-01,4.8112e-01,6.3145e-01
7.0977e-01,5.9682e-01,7.8728e-01,4.3293e-01
6.1310e-01,6.0109e-01,4.6890e-01,4.8771e-01
8.0259e-01,5.8978e-01,5.8772e-01,4.5764e-01
7.0771e-01,6.4975e-01,6.0394e-01,5.2424e-01
7.3110e-01,6.5965e-01,5.3867e-01,6.8139e-01
6.6719e-01,6.0951e-01,6.8333e-01,6.9021e-01
7.1205e-01,7.5838e-01,7.7053e-01,5.2026e-01
7.7405e-01,7.5949e-01,6.2658e-01,3.8048e-01
7.5042e-01,1.8446e-01,5.8142e-01,2.8472e-01
7.8799e-01,7.0348e-01,5.6963e-01,3.9914e-01
6.0753e-01,7.4024e-01,6.2851e-01,3.2965e-01
7.6363e-01,9.3186e-01,7.6865e-02,3.9308e-01
7.8265e-01,6.0065e-01,7.2198e-01,4.5265e-01
8.5039e-01,9.1579e-01,8.8696e-01,9.3637e-01
6.6191e-01,6.8945e-01,7.7412e-01,5.8601e-01
7.9924e-01,5.7320e-01,6.3891e-01,3.9378e-01
6.7718e-01,6.2373e-01,5.1905e-01,4.5607e-01
7.9515e-01,5.7581e-01,6.3948e-01,6.0437e-01
7.7705e-01,6.0929e-01,7.3118e-01,4.7735e-01
7.4137e-01,5.8369e-01,5.3575e-01,5.0865e-01
6.3383e-01,7.8700e-01,5.2153e-01,4.7804e-01
6.8699e-01,7.1815e-01,7.7555e-01,5.5900e-01
8.5194e-01,6.8532e-01,6.5719e-01,5.1858e-01
6.7849e-01,7.7958e-01,7.0808e-01,4.0575e-01
2.6658e-01,5.2231e-01,5.8143e-01,6.3578e-02
8.3717e-01,6.4702e-01,6.9826e-01,4.8738e-01
7.0439e-01,6.1821e-01,6.9341e-01,6.9153e-01
8.9827e-01,9.0691e-01,9.6442e-01,2.4532e-01
6.4577e-01,8.0620e-01,5.2212e-01,4.6690e-01
7.0703e-01,6.7613e-01,5.1940e-01,3.3339e-01
7.2159e-01,6.1081e-01,7.3968e-01,4.4790e-01
7.2968e-01,6.2099e-01,5.2362e-01,3.2487e-01
5.9554e-01,6.7934e-01,6.9054e-01,5.5357e-01
7.0851e-01,6.4857e-01,5.6349e-01,5.3440e-01
5.9480e-01,6.5863e-01,6.3141e-01,3.8296e-01
8.8580e-01,2.8760e-01,7.4954e-01,9.5023e-01
6.8899e-01,6.1827e-01,4.3488e-01,5.3055e-01
7.8351e-01,5.7229e-01,5.5479e-01,3.4150e-01
6.8750e-01,7.2400e-01,5.9962e-01,3.0043e-01
8.0069e-01,6.3458e-01,6.6934e-01,3.7018e-01
6.7470e-01,6.7519e-01,5.5193e-01,4.5168e-01
5.7123e-01,6.8413e-01,5.3257e-01,5.9304e-01
7.5610e-01,6.1172e-01,5.9975e-01,5.6391e-01
7.1811e-01,6.1291e-01,5.0520e-01,6.1845e-01
9.3096e-01,9.9731e-01,7.9189e-01,2.0944e-03
9.6812e-01,8.0306e-01,8.5982e-01,9.0870e-01
6.9321e-01,6.4433e-01,6.8905e-01,3.4755e-01
6.9574e-01,6.1951e-01,7.5448e-01,5.3401e-01
8.6877e-01,1.7266e-01,4.9182e-01,5.4603e-01
7.2818e-01,6.3874e-01,6.1593e-01,5.8615e-01
9.4926e-01,9.6706e-01,9.0551e-01,9.8633e-01
8.3425e-01,8.5309e-01,1.0847e-01,7.1835e-01
8.3541e-01,9.1105e-01,8.0392e-01,1.3279e-01
8.9193e-01,8.9206e-01,8.7518e-01,7.6817e-01
7.4106e-01,7.3545e-01,7.1108e-01,6.3269e-01
5.9850e-01,7.5597e-01,6.0667e-01,6.1558e-01
3.1160e-01,8.2190e-01,7.6175e-01,3.2558e-01
7.6503e-01,7.7840e-01,5.8110e-01,5.6807e-01
6.6307e-01,7.3810e-01,5.9640e-01,4.0187e-01
6.9942e-01,7.4531e-01,5.9283e-01,4.4693e-01
6.4895e-01,6.9308e-01,7.1891e-01,5.4999e-01
8.4990e-01,6.6952e-01,6.0611e-01,4.2015e-01
7.8230e-01,6.1959e-01,6.0149e-01,2.9654e-01
9.2905e-01,9.3880e-01,2.9695e-01,6.3933e-01
7.9329e-01,6.3135e-01,7.4545e-01,5.3118e-01
7.1087e-01,8.2859e-01,6.3146e-01,4.9965e-01
6.5040e-01,7.3712e-01,4.9212e-01,5.7451e-01
6.5026e-01,7.6367e-01,6.5626e-01,5.8681e-01
7.2264e-01,5.8564e-01,6.5898e-01,5.7919e-01
7.3601e-01,7.7463e-01,5.7385e-01,5.5621e-01
8.2421e-01,6.8260e-01,5.7086e-01,5.2882e-01
6.0911e-01,7.9325e-01,6.1328e-01,4.2389e-01
8.2731e-01,7.0183e-01,5.6428e-01,3.9555e-01
6.7002e-01,6.8258e-01,4.6719e-01,3.7581e-01
9.2684e-01,9.7011e-01,9.4797e-01,9.9843e-01
9.6615e-01,8.4265e-01,9.3491e-01,8.2747e-01
6.0329e-01,7.8981e-01,6.2194e-01,4.7851e-01
6.3931e-01,5.5429e-01,5.5642e-01,5.8842e-01
7.9682e-01,6.8641e-01,6.8626e-01,5.0188e-01
6.2186e-01,6.4439e-01,5.8878e-01,3.3437e-01
7.1325e-01,5.9947e-01,6.6044e-01,6.7844e-01
6.6735e-01,5.1929e-01,6.6069e-01,3.9766e-01
9.3014e-01,2.1956e-01,4.3542e-01,6.1882e-01
6.9051e-01,8.0626e-01,7.0055e-01,4.2055e-01
6.9682e-01,6.6476e-01,5.4257e-01,6.9222e-01
7.8858e-01,5.7468e-01,6.1253e-01,5.5647e-01
3.0864e-01,9.0873e-01,5.9708e-01,9.1456e-01
6.0139e-01,5.5143e-01,6.7464e-01,5.3045e-01
9.6769e-01,9.0791e-01,1.4926e-01,5.8756e-01
8.4856e-01,8.8232e-01,8.4776e-01,8.0763e-02
8.7066e-01,1.9687e-01,7.0468e-01,3.6117e-01
6.5171e-01,5.6085e-01,7.1605e-01,5.2860e-01
9.9476e-01,7.4064e-01,8.4910e-01,9.0714e-01
6.5520e-01,6.3989e-01,5.2949e-01,2.6548e-01
7.5334e-01,6.3996e-01,5.8655e-01,5.9375e-01
6.4101e-01,8.0319e-01,5.7449e-01,5.3828e-01
7.9296e-01,2.4618e-01,6.1814e-01,2.6114e-01
2.3739e-01,7.5926e-01,4.1370e-01,4.1680e-01
8.1668e-01,6.2558e-01,6.1398e-01,5.2983e-01
7.4802e-01,7.7241e-01,5.5206e-01,4.3857e-01
6.6810e-01,7.1948e-01,6.7834e-01,3.1291e-01
8.9029e-01,9.3553e-01,9.8879e-01,7.2433e-01
7.3431e-01,6.9041e-01,7.8753e-01,4.3248e-01
7.5157e-01,8.4521e-01,5.2369e-02,8.8623e-01
7.0299e-01,7.1793e-01,5.5204e-01,6.3526e-01
6.5128e-01,6.3674e-01,7.8648e-01,5.3281e-01
8.0654e-01,9.9078e-01,1.4377e-01,2.7590e-01
6.6189e-01,6.1744e-01,6.7055e-01,4.2707e-01
8.1999e-01,7.3412e-01,6.0465e-01,4.8571e-01
7.8247e-01,6.6227e-01,5.2609e-01,5.4545e-01
6.7002e-01,5.7937e-01,5.6762e-01,2.9095e-01
6.9534e-01,5.8707e-01,4.1952e-01,5.3071e-01
8.9587e-01,7.6333e-01,9.3486e-01,1.6675e-01
8.4462e-01,7.9630e-01,9.2802e-01,1.6981e-01
7.8907e-01,6.9014e-01,7.1835e-01,5.0511e-01
6.4169e-01,5.1736e-01,5.4419e-01,5.0803e-01
7.1059e-01,6.3740e-01,5.1246e-01,4.3663e-01
8.4452e-01,9.8595e-01,9.7704e-02,7.8071e-01
7.5331e-01,7.7014e-01,6.2577e-01,4.6913e-01
8.7185e-01,2.8990e-01,6.4868e-01,4.6280e-02
9.9886e-01,8.8868e-01,7.6060e-01,8.8246e-01
7.5712e-01,7.5439e-01,5.9397e-01,4.8039e-01
7.9436e-01,7.5557e-01,5.6521e-01,5.4272e-01
8.8047e-01,2.4727e-01,3.6030e-01,2.3494e-01
9.4177e-01,8.6547e-02,7.5566e-01,5.7337e-01
7.9195e-01,2.1508e-01,7.5885e-01,8.9351e-01
8.8277e-01,9.9892e-01,9.7053e-01,7.5668e-01
7.1016e-01,7.5151e-01,5.5187e-01,6.1189e-01
8.4701e-01,8.0678e-01,9.6623e-01,8.2912e-01
7.0854e-01,6.8920e-01,6.1589e-01,5.5002e-01
9.9707e-01,8.9949e-01,7.8645e-01,7.7996e-01
2.6717e-01,3.3669e-01,5.7649e-01,1.2509e-01
7.3083e-01,7.9461e-01,4.9805e-01,4.9629e-01
7.3939e-01,7.5040e-01,5.6467e-01,4.5636e-01
6.1390e-01,7.3921e-01,4.7622e-01,4.6523e-01
8.4430e-01,8.1749e-01,9.6060e-01,7.9313e-01
6.6969e-01,7.2319e-01,4.8063e-01,3.1705e-01
7.9012e-01,8.8823e-01,7.9271e-01,9.6891e-01
8.2207e-01,6.4555e-01,5.1210e-01,5.4470e-01
7.4042e-01,5.0718e-01,6.2223e-01,5.7677e-01
5.8947e-01,6.6640e-01,6.5451e-01,4.5186e-01
7.6231e-01,7.6068e-01,7.5434e-01,5.1027e-01
6.7070e-01,8.0708e-01,5.2595e-01,4.9988e-01
7.3391e-01,5.9558e-01,6.1573e-01,2.9265e-01
9.8842e-01,9.6911e-01,1.8441e-01,4.5509e-01
7.0370e-01,7.7766e-01,6.0632e-01,5.9333e-01
8.4137e-01,6.8278e-01,6.2131e-01,4.3319e-01
8.1672e-01,8.4630e-01,9.3962e-01,1.4487e-01
6.0432e-01,6.6693e-01,6.1932e-01,3.3588e-01
8.9972e-01,9.3077e-01,8.9740e-01,9.4065e-01
9.1307e-01,9.5425e-01,9.5447e-01,1.8107e-01
8.5471e-01,6.5700e-01,6.1753e-01,4.8254e-01
6.9339e-01,6.1659e-01,7.2661e-01,5.7200e-01
7.0381e-01,6.8310e-01,4.3970e-01,5.8179e-01
6.5667e-01,7.2561e-01,7.7538e-01,4.1937e-01
6.2387e-01,6.5505e-01,7.7313e-01,4.2320e-01
9.4020e-01,8.6325e-01,1.9107e-01,7.6407e-02
7.7902e-01,6.6693e-01,4.9798e-01,6.5163e-01
7.4806e-01,7.6828e-01,6.4837e-01,4.7825e-01
3.0492e-01,8.7825e-01,6.3787e-01,2.0427e-01
6.5204e-01,6.7448e-01,5.8934e-01,6.4223e-01
7.7825e-01,9.9523e-01,9.7006e-01,4.2892e-02
3.0416e-01,8.7175e-01,1.3694e-01,4.5747e-01
9.0658e-01,9.6664e-01,2.1448e-01,9.9267e-01
7.7175e-01,7.3676e-01,6.3604e-01,5.0335e-01
8.7623e-01,2.2066e-01,5.6448e-01,9.9548e-01
7.4564e-01,7.4620e-01,7.4534e-01,4.5896e-01
6.5744e-01,6.5775e-01,6.1259e-01,3.8261e-01
8.8617e-01,9.1853e-01,2.2577e-01,2.4653e-01
7.0085e-01,7.3016e-01,6.5493e-01,6.2582e-01
6.5197e-01,7.2499e-01,6.7905e-01,4.1959e-01
6.3617e-01,6.6535e-01,6.9131e-01,6.9773e-01
7.5983e-01,7.9119e-01,6.1979e-01,5.0134e-01
6.8104e-01,7.3777e-01,7.5306e-01,4.6828e-01
6.1520e-01,6.7536e-01,6.0095e-01,3.7849e-01
7.6239e-01,6.6068e-01,5.4985e-01,4.6561e-01
8.8408e-01,9.3017e-01,1.8526e-01,1.3667e-01
7.9812e-01,5.9998e-01,5.0412e-01,5.2322e-01
9.6088e-01,7.4514e-01,9.4588e-01,1.2970e-02
6.8800e-01,6.9187e-01,6.3753e-01,3.0661e-01
7.1547e-01,7.7610e-01,5.5648e-01,4.5019e-01
8.0792e-01,6.6306e-01,6.5965e-01,4.3303e-01
8.2471e-01,9.7883e-01,2.4673e-01,8.9120e-01
6.9593e-01,5.4918e-01,5.8027e-01,3.6995e-01
7.1590e-01,6.0472e-01,5.8119e-01,6.3430e-01
6.5431e-01,5.6147e-01,5.9859e-01,3.3486e-01
7.6618e-01,9.3398e-01,9.0770e-01,9.9348e-01
9.3632e-01,3.0773e-01,7.0548e-01,3.7718e-01
7.7301e-01,7.2750e-01,5.8373e-01,6.1041e-01
7.7142e-01,6.5867e-01,6.6301e-01,4.8313e-01
7.2079e-01,6.0762e-01,6.1743e-01,4.2924e-01
6.8884e-01,7.7778e-01,5.6640e-01,4.4778e-01
6.2589e-01,6.9363e-01,6.0435e-01,5.2417e-01
3.1729e-01,9.3147e-01,9.8040e-01,2.6903e-01
7.0858e-01,7.7383e-01,7.1340e-01,4.3364e-01
7.8714e-01,6.5272e-01,5.5228e-01,3.8903e-01
7.3368e-01,6.7958e-01,5.9248e-01,3.6710e-01
7.5985e-01,7.8695e-01,5.6368e-01,3.8879e-01
6.4333e-01,6.2354e-01,4.5708e-01,5.6775e-01
7.4155e-01,6.3250e-01,6.9383e-01,5.3359e-01
7.7874e-01,8.2389e-01,9.3150e-01,1.2108e-02
7.6325e-01,9.6590e-01,9.6455e-01,8.1930e-02
6.3462e-01,7.1544e-01,5.8124e-01,7.0766e-01
6.6054e-01,7.7552e-01,6.1831e-01,5.2598e-01
9.4784e-01,8.1656e-01,8.8313e-01,2.1919e-01
6.4506e-01,6.9692e-01,6.8922e-01,3.3768e-01
6.4733e-01,5.4470e-01,6.1010e-01,3.3214e-01
8.3631e-01,8.2848e-01,1.6201e-01,7.2934e-02
6.3740e-01,5.6291e-01,7.2326e-01,4.8124e-01
7.9591e-01,6.1114e-01,5.1225e-01,6.0072e-01
7.3843e-01,7.1522e-01,5.7475e-01,5.4508e-01
8.0839e-01,7.3005e-01,6.4141e-01,4.8153e-01
6.6897e-01,6.2071e-01,6.1543e-01,6.9662e-01
9.0494e-01,8.8331e-01,8.9772e-01,7.4178e-01
7.8843e-01,6.0550e-01,6.5485e-01,6.6980e-01
7.6626e-01,6.5945e-01,5.6321e-01,5.5598e-01
8.7840e-01,9.0317e-01,2.5048e-01,2.6143e-01
9.0626e-01,9.6959e-01,8.4546e-01,7.5498e-01
7.0351e-01,6.8783e-01,6.0228e-01,3.2532e-01
6.4189e-01,7.1223e-01,7.6009e-01,5.1973e-01
7.9006e-01,5.8800e-01,5.5806e-01,5.8875e-01
7.6467e-01,9.4746e-01,6.5490e-02,6.8024e-01
6.5076e-01,8.3123e-01,6.1451e-01,4.9755e-01
8.9766e-01,8.2571e-01,9.3696e-01,1.6335e-01
8.4387e-01,8.4743e-01,9.0006e-01,8.1048e-01
6.7946e-01,7.1340e-01,7.3378e-01,5.8518e-01
7.2872e-01,7.3353e-01,7.0431e-01,4.5388e-01
7.0802e-01,6.9074e-01,8.0971e-01,5.0816e-01
7.8514e-01,6.0103e-01,6.7300e-01,5.0448e-01
7.1150e-01,7.8282e-01,7.1891e-01,4.0046e-01
6.8128e-01,6.2023e-01,5.2143e-01,5.7301e-01
6.6660e-01,6.3601e-01,7.1377e-01,4.2375e-01
7.3389e-01,8.1240e-01,6.4548e-01,4.6488e-01
7.9569e-01,6.7066e-01,5.9498e-01,3.8777e-01
6.0202e-01,6.1698e-01,6.6512e-01,4.0201e-01
7.4550e-01,6.1025e-01,7.6451e-01,5.3848e-01
8.0123e-01,6.1257e-01,6.6173e-01,5.7847e-01
6.3918e-01,6.7920e-01,5.9950e-01,6.8886e-01
7.2170e-01,6.7053e-01,4.6245e-01,4.0390e-01
9.1877e-01,9.7319e-01,8.5355e-01,7.5388e-01
9.6139e-01,8.1164e-01,7.7986e-01,7.5940e-02
6.2837e-01,6.9388e-01,6.1100e-01,4.7345e-01
6.4556e-01,6.2529e-01,6.6080e-01,5.6203e-01
8.9654e-01,8.4842e-01,9.9701e-01,9.8205e-01
8.3946e-01,7.1773e-01,5.6913e-01,5.4222e-01
8.2097e-01,6.3851e-01,5.6504e-01,3.8713e-01
6.2290e-01,5.7874e-01,4.6890e-01,3.9990e-01
7.4094e-01,7.3276e-01,5.6953e-01,3.0381e-01
8.2483e-01,9.0719e-01,1.0623e-01,3.6272e-01
7.3061e-01,6.2251e-01,4.2981e-01,5.0533e-01
8.9396e-01,9.5974e-01,8.9677e-01,7.7030e-02
6.3377e-01,6.3652e-01,5.2607e-01,3.3216e-01
7.1334e-01,6.1672e-01,6.2676e-01,3.0805e-01
5.9919e-01,6.0151e-01,6.4637e-01,6.2146e-01
3.1366e-01,8.1297e-01,5.8920e-01,3.6929e-01
7.4088e-01,6.2815e-01,6.1276e-01,3.4774e-01
8.1606e-01,6.0446e-01,4.8755e-01,4.6279e-01
9.7632e-01,2.3213e-01,9.2348e-01,4.8020e-03
7.4560e-01,7.2045e-01,5.8468e-01,5.3697e-01
7.2891e-01,6.6088e-01,5.9158e-01,4.6339e-01
6.5137e-01,7.7758e-01,6.2062e-01,6.7375e-01
7.1810e-01,6.3785e-01,7.1001e-01,6.0733e-01
7.9515e-01,6.5172e-01,5.9018e-01,5.6979e-01
7.7382e-01,6.1149e-01,7.2731e-01,6.3037e-01
7.7555e-01,6.6830e-01,6.7883e-01,5.9833e-01
7.2454e-01,6.4008e-01,6.5194e-01,5.8044e-01
7.7718e-01,5.7200e-01,4.9925e-01,4.4999e-01
7.3424e-01,8.1002e-01,6.7190e-01,5.5629e-01
7.2713e-01,5.6416e-01,6.9980e-01,3.6775e-01
6.5586e-01,8.0293e-01,5.8611e-01,5.9521e-01
8.2120e-01,9.2231e-01,9.9777e-01,1.9579e-01
8.8867e-01,7.7164e-01,1.5650e-01,9.6712e-01
7.2892e-01,7.6071e-01,5.6067e-01,6.2916e-01
9.5988e-01,8.9102e-01,7.5786e-01,8.9555e-01
7.0720e-01,7.0304e-01,7.1299e-01,4.5220e-01
7.9381e-01,6.4641e-01,7.2965e-01,5.3431e-01
9.8702e-01,9.0384e-01,1.5948e-01,7.4673e-02
7.4590e-01,8.1057e-01,6.9266e-01,5.5306e-01
7.4713e-01,1.3132e-01,9.5806e-02,9.7248e-01
8.2061e-01,6.7327e-01,6.7294e-01,4.9569e-01
6.3309e-01,6.0396e-01,6.6629e-01,5.0081e-01
6.5320e-01,6.4238e-01,6.5657e-01,4.5992e-01
7.0197e-01,6.2462e-01,7.5773e-01,5.5591e-01
6.7223e-01,8.0391e-01,6.1789e-01,5.2996e-01
7.5168e-01,6.8861e-01,4.9361e-01,5.5898e-01
6.0251e-01,7.1749e-01,6.3551e-01,4.3335e-01
8.4377e-01,1.1320e-01,2.6827e-01,7.9923e-01
6.2674e-01,6.7394e-01,5.3683e-01,4.3814e-01
9.8566e-01,8.1544e-01,9.5963e-01,9.0511e-01
2.9193e-01,6.2073e-01,9.2380e-01,1.1728e-01
6.7792e-01,7.9188e-01,5.5722e-01,5.5790e-01
6.8621e-01,7.3155e-01,7.8022e-01,4.4984e-01
7.1682e-01,6.3172e-01,6.3124e-01,4.9823e-01
6.8430e-01,6.6496e-01,6.8303e-01,3.6289e-01
6.4756e-01,6.4501e-01,5.8411e-01,4.7926e-01
6.9327e-01,7.0030e-01,7.7110e-01,4.6239e-01
6.7992e-01,5.8494e-01,5.4158e-01,2.8001e-01
7.6452e-01,6.5539e-01,6.9888e-01,5.0318e-01
2.8251e-01,6.4734e-01,7.1047e-01,2.1755e-01
3.1882e-01,7.3429e-01,3.7257e-01,1.7993e-01
7.3314e-01,6.4574e-01,4.9867e-01,7.0436e-01
6.3720e-01,7.6898e-01,5.2611e-01,5.9182e-01
9.3595e-01,8.4837e-01,8.9133e-02,6.8630e-01
7.4420e-01,6.1486e-01,5.1971e-01,3.5266e-01
8.2093e-01,6.4920e-01,7.2721e-01,4.2823e-01
7.1542e-01,7.1735e-01,6.8773e-01,4.2957e-01
7.9596e-01,8.0207e-01,9.0435e-01,9.5896e-01
6.8086e-01,6.4056e-01,5.2047e-01,7.3345e-01
9.1190e-01,2.1242e-01,8.6416e-01,1.2575e-01
7.1114e-01,6.3106e-01,6.1812e-01,7.1221e-01
7.5561e-01,5.3737e-01,5.6279e-01,6.4530e-01
5.7697e-01,6.8500e-01,5.4883e-01,4.6724e-01
6.5765e-01,5.9972e-01,6.1114e-01,7.0375e-01
8.2330e-01,8.2895e-01,9.2223e-01,9.9531e-01
7.4985e-01,6.7833e-01,6.7115e-01,5.0263e-01
7.5818e-01,6.1489e-01,6.0223e-01,3.2222e-01
6.7797e-01,6.1408e-01,7.0699e-01,3.2401e-01
6.7378e-01,6.7614e-01,7.5478e-01,5.2940e-01
7.0511e-01,1.2392e-01,9.4536e-01,3.5003e-02
6.9736e-01,7.6609e-01,7.3258e-01,4.3626e-01
8.8242e-01,9.8946e-01,7.9081e-02,5.2152e-01
7.3858e-01,6.9031e-01,6.0891e-01,5.4031e-01
5.9908e-01,6.7065e-01,7.5276e-01,4.3104e-01
6.8467e-01,7.5186e-01,5.8644e-01,6.7310e-01
7.0654e-01,5.3830e-01,5.8049e-01,6.7427e-01
6.1279e-01,6.9735e-01,5.1144e-01,4.3438e-01
7.4122e-01,6.1320e-01,5.6829e-01,5.4758e-01
6.8500e-01,8.2668e-01,5.7109e-01,4.6366e-01
8.0384e-01,7.1302e-01,6.8762e-01,5.4422e-01
6.1914e-01,7.5914e-01,5.5341e-01,5.3897e-01
7.2743e-01,7.4068e-01,5.6856e-01,5.9147e-01
6.5942e-01,5.9294e-01,4.7708e-01,5.5809e-01
6.3901e-01,6.6177e-01,5.6716e-01,5.4693e-01
2.8539e-01,2.2990e-01,8.1180e-01,4.5935e-01
7.1377e-01,6.5850e-01,6.2147e-01,4.1272e-01
8.2136e-01,9.3595e-01,7.8312e-01,9.3608e-01
8.3964e-01,9.0436e-01,2.2086e-02,9.9506e-01
7.9365e-01,8.4345e-01,6.0180e-02,5.6919e-01
9.2115e-01,7.9216e-01,9.5400e-01,2.2974e-02
7.5242e-01,6.3547e-01,6.0702e-01,5.0372e-01
7.1166e-01,6.2819e-01,7.3262e-01,6.3573e-01
8.2707e-01,5.9398e-01,5.4597e-01,5.7690e-01
6.3420e-01,5.7893e-01,4.8312e-01,4.4205e-01
7.2325e-01,8.0940e-01,6.6185e-01,6.1374e-01
7.7626e-01,9.6999e-01,9.9916e-01,1.4889e-01
7.0857e-01,6.0899e-01,6.7859e-01,5.6657e-01
8.0728e-01,1.6915e-01,5.5203e-01,3.3016e-02
7.0375e-01,5.7011e-01,4.8340e-01,4.8511e-01
3.0344e-01,6.1908e-01,6.1356e-01,7.8575e-02
7.7803e-01,9.5078e-01,9.7870e-02,4.4665e-01
9.1745e-01,3.0626e-01,9.8757e-01,3.2037e-01
7.0142e-01,6.3484e-01,5.3830e-01,3.7344e-01
9.6761e-01,7.6659e-01,2.2207e-01,2.1793e-01
7.6389e-01,8.4667e-01,6.8452e-02,5.3602e-02
7.0857e-01,7.1211e-01,5.9748e-01,5.1450e-01
7.4989e-01,5.6036e-01,6.9500e-01,5.8673e-01
7.7367e-01,7.3622e-01,6.1244e-01,3.7858e-01
6.7741e-01,6.0886e-01,6.1497e-01,4.7934e-01
6.8458e-01,6.6124e-01,5.2674e-01,7.1956e-01
7.0770e-01,8.2688e-01,6.5371e-01,4.2135e-01
8.4088e-01,7.0479e-01,6.4968e-01,5.2810e-01
6.4653e-01,6.1408e-01,5.2913e-01,4.5704e-01
7.2857e-01,7.2327e-01,6.7323e-01,5.6218e-01
1.9883e-01,8.1719e-01,9.3510e-01,2.3510e-01
9.6743e-01,1.8837e-01,9.3542e-01,3.6283e-01
7.7706e-01,6.0514e-01,5.6583e-01,3.4390e-01
2.8864e-01,7.2182e-01,5.8703e-01,7.8136e-01
8.9365e-01,8.8404e-01,2.1060e-01,1.2102e-01
8.7266e-01,2.5665e-01,9.1186e-01,8.1721e-01
7.6080e-01,5.7043e-01,5.9113e-01,4.9794e-01
6.7037e-01,5.9985e-01,5.3946e-01,2.7584e-01
6.3734e-01,6.0956e-01,7.3314e-01,4.8428e-01
7.5432e-01,8.0154e-01,6.2910e-01,4.9274e-01
9.9486e-01,2.7837e-01,6.4571e-01,8.1655e-01
2.6047e-01,8.8771e-01,7.1370e-01,1.9054e-01
7.1371e-01,5.8885e-01,4.6159e-01,3.3655e-01
6.7141e-01,7.0502e-01,7.3429e-01,5.2107e-01
7.1921e-01,6.5326e-01,7.7982e-01,4.1876e-01
9.4660e-01,9.2992e-01,7.9667e-01,9.2316e-01
6.5174e-01,6.5980e-01,5.5236e-01,6.6193e-01
6.6944e-01,7.5965e-01,6.7319e-01,5.0188e-01
7.5166e-01,6.6384e-01,7.6764e-01,6.1482e-01
6.5400e-01,8.3345e-01,6.4008e-01,5.3180e-01
7.0281e-01,6.0726e-01,7.0472e-01,4.5797e-01
6.6199e-01,6.5883e-01,5.4013e-01,2.7031e-01
8.1248e-01,6.0813e-01,5.7218e-01,4.0112e-01
7.3727e-01,7.6848e-01,6.9971e-01,4.7942e-01
6.2882e-01,7.6453e-01,5.4262e-01,3.9693e-01
8.4107e-01,6.9983e-01,5.5632e-01,4.8426e-01
6.3069e-01,5.9271e-01,5.5955e-01,6.8683e-01
2.7792e-01,8.2128e-01,7.5382e-01,4.3002e-01
5.6569e-01,7.4715e-01,6.4045e-01,5.4903e-01
6.9756e-01,6.1704e-01,5.8768e-01,6.7135e-01
7.5272e-01,7.2957e-01,6.4168e-01,4.8784e-01
7.3700e-01,7.9690e-01,5.8677e-01,4.1300e-01
6.8252e-01,5.6289e-01,6.0114e-01,5.8961e-01
6.5616e-01,5.7901e-01,7.0592e-01,4.8976e-01
7.1175e-01,5.3315e-01,6.5120e-01,3.7427e-01
6.6530e-01,8.1229e-01,5.9855e-01,4.6853e-01
6.2836e-01,7.6145e-01,6.4480e-01,6.0759e-01
9.3053e-01,8.1202e-01,8.5362e-01,9.7052e-01
6.8705e-01,6.2193e-01,5.9298e-01,4.0935e-01
7.7427e-01,8.9748e-01,1.1022e-01,4.1121e-01
7.2529e-01,7.0859e-01,6.0383e-01,4.2075e-01
6.8092e-01,6.4415e-01,6.7372e-01,5.1842e-01
7.8939e-01,6.2786e-01,6.0190e-01,3.7258e-01
7.5916e-01,6.3827e-01,4.6823e-01,5.7102e-01
7.2866e-01,5.5334e-01,6.3115e-01,6.4506e-01
7.3680e-01,7.3587e-01,6.2382e-01,5.5434e-01
6.9032e-01,7.5180e-01,4.9271e-01,3.9718e-01
7.7268e-01,6.0986e-01,6.6616e-01,4.8660e-01
8.9791e-01,8.2079e-01,9.1636e-01,1.5479e-02
9.8228e-01,2.5753e-01,4.2835e-01,5.5062e-01
7.7176e-01,8.0200e-01,5.8389e-01,3.9432e-01
8.1863e-01,6.3787e-01,5.3278e-01,3.8294e-01
6.6623e-01,7.3650e-01,5.2747e-01,6.2384e-01
6.9270e-01,7.6273e-01,5.3916e-01,4.0014e-01
6.2741e-01,8.1679e-01,6.4739e-01,5.4204e-01
7.6853e-01,9.9168e-01,9.3592e-01,8.6068e-01
9.7375e-01,2.2894e-01,6.8407e-01,5.4072e-01
8.8124e-01,2.5287e-01,3.5077e-01,7.0652e-01
2.9385e-01,7.4693e-01,5.8068e-01,5.6133e-01
9.9968e-01,9.9453e-01,1.2082e-01,2.4658e-01
7.9603e-01,6.3889e-02,5.3568e-01,9.7389e-01
9.1895e-01,2.3874e-01,3.1873e-01,9.1004e-01
6.4853e-01,6.9514e-01,4.5584e-01,5.2209e-01
8.2623e-01,7.0075e-01,5.6262e-01,6.0901e-01
7.0946e-01,1.3945e-01,5.0262e-01,9.1171e-01
5.8211e-01,7.6125e-01,5.7486e-01,4.4412e-01
6.4169e-01,6.4464e-01,7.3783e-01,4.7549e-01
6.1853e-01,6.2303e-01,6.1064e-01,6.7026e-01
6.6939e-01,5.2855e-01,6.2601e-01,5.8878e-01
7.9267e-01,5.8506e-01,6.4559e-01,5.4712e-01
6.7809e-01,6.1078e-01,7.9090e-01,4.4634e-01
7.6005e-01,6.2913e-01,6.1945e-01,7.0311e-01
6.4046e-01,7.5409e-01,6.5675e-01,6.2415e-01
8.3511e-01,6.5425e-01,6.0705e-01,5.8374e-01
7.1766e-01,5.8654e-01,5.6427e-01,5.4727e-01
6.6163e-01,5.1406e-01,5.9203e-01,5.6447e-01
7.0626e-01,5.9503e-01,4.9153e-01,3.8629e-01
8.7224e-01,8.9726e-01,8.4745e-01,8.8449e-01
7.1918e-01,7.9770e-01,6.0585e-01,5.6353e-01
6.5921e-01,6.1945e-01,7.1691e-01,3.4352e-01
8.0985e-01,8.4380e-01,9.4963e-01,9.3024e-01
6.6111e-01,7.2483e-01,6.9461e-01,5.3728e-01
9.1540e-01,9.3106e-01,8.2836e-01,1.7050e-01
3.1827e-01,8.4049e-01,8.3091e-01,9.7349e-01
9.9983e-01,8.0699e-01,2.1599e-01,9.2961e-03
8.8863e-01,7.9191e-01,9.9331e-01,9.3896e-01
5.7672e-01,6.8800e-01,5.0278e-01,4.8111e-01
6.4897e-01,7.2044e-01,7.5110e-01,5.0678e-01
6.1795e-01,6.2883e-01,7.3726e-01,5.4077e-01
7.0091e-01,7.9845e-01,5.7086e-01,5.7962e-01
6.9895e-01,7.7337e-01,7.6050e-01,4.8189e-01
7.6245e-01,6.1786e-01,7.3261e-01,6.0094e-01
6.8772e-01,8.0345e-01,7.2876e-01,4.9747e-01
6.4730e-01,6.6048e-01,6.5286e-01,6.7099e-01
9.8878e-01,8.1870e-01,2.6314e-01,6.0529e-01
7.6011e-01,7.2368e-01,6.4453e-01,5.8891e-01
7.3513e-01,6.3737e-01,5.4393e-01,6.0659e-01
6.6504e-01,6.8248e-01,5.5438e-01,4.2808e-01
9.0579e-01,2.4918e-01,3.1919e-01,4.0802e-01
6.6172e-01,6.4853e-01,5.7989e-01,3.8955e-01
6.3846e-01,5.2377e-01,7.0837e-01,4.5522e-01
7.8837e-01,6.2158e-01,6.4953e-01,3.9268e-01
9.2622e-01,9.7319e-01,6.9767e-01,7.1150e-02
7.4831e-01,7.5994e-01,5.4438e-01,3.9421e-01
2.9930e-01,8.4901e-01,9.3029e-01,7.9851e-01
6.5414e-01,5.5914e-01,5.9630e-01,4.5169e-01
6.6739e-01,5.5385e-01,5.6711e-01,5.8910e-01
7.2099e-01,7.4177e-01,7.0542e-01,5.8917e-01
7.8046e-01,7.4843e-01,6.0076e-01,5.8963e-01
8.4378e-01,1.6019e-01,5.6847e-01,6.4462e-01
1.6723e-01,9.7373e-01,9.3969e-01,8.0819e-01
7.0082e-01,5.3693e-01,6.3052e-01,4.4922e-01
6.2612e-01,6.1257e-01,5.0661e-01,6.1096e-01
6.6686e-01,6.0703e-01,5.5808e-01,6.6658e-01
6.6094e-01,7.2713e-01,7.5178e-01,4.7589e-01
7.8803e-01,6.2097e-01,6.4573e-01,3.2791e-01
7.8177e-01,5.5010e-01,5.0564e-01,4.3372e-01
6.4042e-01,5.2756e-01,6.1459e-01,3.7284e-01
6.5956e-01,6.9977e-01,5.9517e-01,7.1366e-01
9.5337e-01,8.9009e-01,7.2528e-01,1.1563e-01
6.6357e-01,6.6448e-01,7.1584e-01,4.4315e-01
7.0211e-01,6.5635e-01,6.0624e-01,3.1886e-01
6.4843e-01,6.4168e-01,5.0251e-01,3.8124e-01
6.5149e-01,7.6419e-01,5.6099e-01,4.5486e-01
7.5806e-01,6.1903e-01,5.9426e-01,2.8165e-01
9.7847e-01,9.1769e-01,2.7227e-01,4.3891e-01
6.4371e-01,6.3776e-01,5.4000e-01,4.0542e-01
9.2926e-01,8.1491e-01,2.0875e-01,5.3349e-01
7.3305e-01,6.0832e-01,6.0591e-01,4.1694e-01
9.1268e-01,7.1355e-01,8.2025e-02,3.9446e-01
6.7518e-01,6.1402e-01,7.1383e-01,5.1524e-01
6.6442e-01,7.3785e-01,5.1453e-01,6.8418e-01
6.4684e-01,6.6188e-01,5.1220e-01,6.3543e-01
7.6442e-01,6.5767e-01,4.5497e-01,6.1493e-01
6.5319e-01,6.6379e-01,6.8779e-01,4.0174e-01
6.1424e-01,6.7982e-01,5.0891e-01,5.6509e-01
7.5445e-01,7.0147e-01,5.1656e-01,4.6713e-01
7.9528e-01,6.0280e-01,7.5071e-01,4.5263e-01
7.0029e-01,6.7111e-01,5.8999e-01,5.5964e-01
7.2841e-01,7.3903e-01,5.4471e-01,3.2292e-01
8.6992e-01,2.5744e-01,3.9098e-01,9.2672e-01
6.7586e-01,6.9659e-01,6.3985e-01,5.9641e-01
8.8651e-01,9.8587e-01,2.1889e-01,5.1836e-01
7.9099e-01,6.4990e-01,6.3840e-01,4.9210e-01
6.1264e-01,7.5382e-01,5.5870e-01,6.3930e-01
8.3096e-01,8.2247e-01,9.8646e-01,9.6135e-01
7.8242e-01,9.9154e-01,9.0544e-01,6.4985e-02
9.1674e-01,2.4541e-01,9.5362e-01,2.3711e-01
6.5476e-01,5.7623e-01,7.5220e-01,3.9326e-01
6.7345e-01,6.9855e-01,6.0175e-01,4.7747e-01
8.3572e-01,6.3351e-01,6.0640e-01,4.2952e-01
6.7258e-01,7.7431e-01,7.3569e-01,5.0147e-01
2.2257e-01,7.2189e-01,4.3586e-01,3.2703e-01
8.3886e-01,6.5358e-01,6.0554e-01,3.7904e-01
7.3201e-01,5.2290e-01,6.4626e-01,6.2890e-01
7.7199e-01,6.3376e-01,4.4134e-01,4.4195e-01
7.4909e-01,7.2281e-01,6.7595e-01,3.9662e-01
8.1902e-01,8.1341e-01,1.6364e-01,7.5433e-01
9.6129e-01,8.2445e-01,8.3011e-01,2.0991e-01
6.5541e-01,7.3097e-01,6.2903e-01,4.9174e-01
7.2561e-01,5.7306e-01,5.9827e-01,6.2429e-01
5.8569e-01,7.4969e-01,5.2984e-01,5.7186e-01
6.2797e-01,5.9064e-01,5.8314e-01,3.2295e-01
6.7866e-01,6.6779e-01,6.9412e-01,3.9273e-01
8.3328e-01,7.3194e-01,6.2442e-01,5.0044e-01
2.7284e-01,5.4031e-01,6.5257e-01,5.2898e-02
7.3599e-01,6.9107e-01,5.4753e-01,7.0794e-01
7.1570e-01,6.1150e-01,5.7892e-01,7.0444e-01
9.6118e-01,9.0037e-01,1.9827e-01,3.7560e-01
6.8302e-01,6.3914e-01,5.4838e-01,5.3129e-01
7.2256e-01,6.0227e-01,7.8504e-01,4.4036e-01
7.4325e-01,5.5757e-01,4.8803e-01,4.8236e-01
6.7471e-01,6.7663e-01,6.4236e-01,6.9648e-01
7.6387e-01,6.9593e-01,6.8852e-01,4.4784e-01
6.5801e-01,6.7912e-01,5.4451e-01,4.7664e-01
7.3368e-01,6.9704e-01,6.3115e-01,4.4530e-01
7.3829e-01,6.4183e-01,5.9906e-01,7.3207e-01
8.1142e-01,1.5168e-01,9.0985e-01,2.8326e-01
6.7905e-01,7.8108e-01,5.4352e-01,3.3077e-01
9.1214e-01,2.9774e-01,8.3907e-01,6.4276e-01
8.1649e-01,7.5610e-01,6.6437e-01,4.7943e-01
7.0307e-01,7.9454e-01,6.9387e-01,4.5920e-01
6.4299e-01,6.8453e-01,5.1089e-01,4.4008e-01
6.8737e-01,6.9509e-01,7.0362e-01,5.3702e-01
6.8987e-01,5.3199e-01,5.3783e-01,5.1368e-01
6.9798e-01,5.7464e-01,4.6274e-01,4.6230e-01
8.2817e-01,6.6909e-01,6.4549e-01,4.4147e-01
7.9858e-01,7.0370e-01,5.0752e-01,4.2274e-01
7.7993e-01,7.1474e-01,7.2693e-01,5.1339e-01
6.8134e-01,6.7121e-01,6.0402e-01,4.0191e-01
7.9001e-01,6.3493e-01,5.9822e-01,6.3175e-01
6.7830e-01,8.1955e-01,6.4829e-01,5.0027e-01
6.9232e-01,7.2755e-01,6.3037e-01,7.2102e-01
9.7815e-01,8.2736e-01,8.2825e-01,8.7088e-02
7.4067e-01,7.5871e-01,6.3939e-01,3.8020e-01
7.3072e-01,6.4230e-01,6.2173e-01,5.2163e-01
8.4888e-01,8.1039e-01,1.6456e-01,5.7553e-02
9.1316e-01,8.0999e-01,8.8528e-01,9.5543e-01
6.5294e-01,7.6381e-01,6.8252e-01,5.6599e-01
2.9969e-01,7.8942e-01,9.6322e-01,3.5902e-01
9.0527e-01,7.7627e-01,1.6908e-01,8.5998e-01
7.5888e-01,7.9572e-01,5.4646e-01,5.0961e-01
8.2770e-01,7.6275e-01,1.2845e-01,9.0103e-01
9.2356e-01,8.3904e-01,2.3313e-01,9.8392e-01
8.7569e-01,8.1948e-01,8.8422e-01,9.1271e-01
8.0484e-01,6.6878e-01,6.0941e-01,4.4515e-01
7.7171e-01,6.1983e-01,6.6234e-01,2.9752e-01
6.3774e-01,6.5183e-01,5.9761e-01,5.1920e-01
7.6723e-01,8.1284e-01,5.6671e-01,4.8634e-01
7.1664e-01,7.1878e-01,5.4858e-01,6.0073e-01
7.6600e-01,8.7198e-01,9.7439e-01,1.3927e-01
7.2683e-01,6.5366e-01,6.7515e-01,6.3423e-01
7.7745e-01,7.2165e-01,5.6471e-01,5.6383e-01
6.7779e-01,6.4933e-01,6.3321e-01,6.1829e-01
7.0364e-01,7.0709e-01,5.8824e-01,4.4440e-01
7.1911e-01,6.5767e-01,5.1429e-01,6.5661e-01
7.2847e-01,6.2112e-01,6.6718e-01,5.9268e-01
8.1292e-01,9.8512e-01,8.9729e-01,7.6656e-01
7.9354e-01,7.6869e-01,6.8903e-01,5.2007e-01
7.9163e-01,8.0312e-01,5.8117e-01,4.9101e-01
6.4140e-01,5.3795e-01,6.7016e-01,4.7308e-01
7.4321e-01,6.9341e-01,7.9182e-01,5.2814e-01
9.7705e-01,2.2901e-01,8.5802e-01,7.2751e-01
6.4453e-01,6.7533e-01,5.0556e-01,3.5351e-01
8.0121e-01,7.0318e-01,5.3899e-01,6.6691e-01
6.5828e-01,5.6328e-01,4.8269e-01,3.9839e-01
6.9388e-01,7.8806e-01,4.9923e-01,4.7763e-01
6.9571e-01,7.2732e-01,5.6629e-01,4.0293e-01
9.2677e-01,3.1153e-01,5.5121e-01,9.3354e-02
7.3565e-01,6.4456e-01,5.3621e-01,5.2536e-01
7.6693e-01,5.3785e-01,5.3100e-01,3.8809e-01
8.0618e-01,7.2274e-01,6.9501e-01,6.2243e-01
6.7287e-01,8.1592e-01,5.2905e-01,4.9108e-01
6.9625e-01,6.1755e-01,4.5328e-01,4.2425e-01
7.8658e-01,8.4108e-01,1.7049e-01,5.6156e-01
3.1198e-01,9.1055e-01,3.5138e-01,7.5630e-01
7.9932e-01,6.6777e-01,5.7099e-01,5.5692e-01
7.6225e-01,7.3790e-01,4.8801e-01,4.5547e-01
7.3241e-01,6.1201e-01,5.3036e-01,3.3614e-01
6.3434e-01,8.0350e-01,5.4964e-01,5.2881e-01
9.5406e-01,9.3083e-01,1.6487e-01,8.4865e-01
7.0939e-01,7.3104e-01,6.4682e-01,5.8974e-01
6.6939e-01,6.7240e-01,4.9248e-01,3.4602e-01
6.3060e-01,7.2113e-01,5.8992e-01,6.9379e-01
6.6038e-01,6.3408e-01,5.6138e-01,5.8739e-01
6.2585e-01,6.7907e-01,6.5672e-01,3.4028e-01
5.9189e-01,6.2641e-01,5.7942e-01,6.2146e-01
9.4152e-01,8.9955e-01,7.9550e-01,7.8299e-01
6.0970e-01,7.2675e-01,7.0801e-01,6.3590e-01
9.6304e-01,8.2846e-01,9.5283e-01,1.2057e-01
8.0730e-01,5.8898e-01,5.8193e-01,4.7590e-01
8.7712e-01,7.7874e-01,9.7407e-01,1.3545e-01
8.3720e-01,6.6901e-01,5.6925e-01,4.0217e-01
7.6615e-01,5.7867e-01,5.8239e-01,3.6191e-01
7.1628e-01,6.7640e-01,7.3146e-01,5.8905e-01
6.9886e-01,6.6809e-01,6.2666e-01,3.7904e-01
6.3236e-01,7.5725e-01,5.8538e-01,4.2600e-01
7.2649e-01,6.4589e-01,5.8602e-01,4.7631e-01
6.7767e-01,7.5309e-01,7.4203e-01,5.7974e-01
8.0005e-01,7.1500e-01,6.8488e-01,3.9343e-01
8.9913e-01,9.4162e-01,2.0488e-01,1.0621e-01
7.3819e-01,7.4858e-01,5.0508e-01,3.9728e-01
7.8301e-01,7.4122e-01,5.5332e-01,3.5624e-01
7.1173e-01,6.9588e-01,7.4280e-01,4.6973e-01
8.0973e-01,6.4013e-01,6.2535e-01,5.4679e-01
3.2159e-01,4.1008e-01,9.4818e-01,7.2694e-01
7.9201e-01,7.2241e-01,5.9716e-01,4.2152e-01
8.4157e-01,2.5398e-01,4.2781e-01,8.5729e-01
8.8217e-01,8.9556e-01,9.0601e-01,7.5516e-01
7.4043e-01,8.5249e-01,9.5682e-02,5.8012e-01
7.3050e-01,8.3719e-01,6.3698e-01,4.7172e-01
7.5981e-01,8.0079e-01,6.4663e-01,4.5174e-01
9.4013e-01,2.6989e-01,9.1222e-01,9.8035e-01
9.2978e-01,8.9344e-01,7.4516e-01,9.0423e-01
9.4922e-01,2.7321e-01,5.1704e-01,5.5858e-01
7.7143e-01,6.2306e-01,7.2066e-01,5.2083e-01
8.2139e-01,7.0287e-01,5.5443e-01,5.1703e-01
9.4529e-01,2.8145e-01,4.1331e-01,1.2569e-01
8.3795e-01,1.7532e-01,3.8119e-01,6.3714e-01
6.4889e-01,7.1195e-01,7.1461e-01,3.7255e-01
6.6990e-01,5.7746e-01,7.5792e-01,5.4913e-01
7.6640e-01,6.3774e-01,4.9050e-01,4.1594e-01
7.6046e-01,8.6299e-01,3.0725e-02,3.0556e-01
7.1197e-01,5.8541e-01,5.7284e-01,4.7605e-01
7.9303e-01,7.2201e-01,5.7859e-01,4.6289e-01
6.5159e-01,5.8398e-01,5.6792e-01,2.7802e-01
9.3340e-01,2.6570e-01,2.7291e-01,7.9154e-01
3.1311e-01,8.1770e-01,5.8782e-01,6.1569e-01
8.1755e-01,7.1968e-01,5.7055e-01,5.4652e-01
6.6491e-01,6.0308e-01,7.2734e-01,3.7843e-01
8.3081e-01,6.6605e-01,5.3987e-01,4.0306e-01
7.4048e-01,6.7145e-01,5.7732e-01,2.6800e-01
9.5285e-01,9.2634e-01,2.7016e-01,2.5242e-02
8.7699e-01,9.7182e-01,8.9333e-01,1.2329e-01
5.9241e-01,7.3049e-01,7.0987e-01,5.1103e-01
8.2312e-01,6.8405e-01,6.0281e-01,5.0858e-01
6.1354e-01,6.6537e-01,7.5796e-01,5.5587e-01
9.3393e-01,9.2854e-01,3.0477e-01,2.9401e-01
7.3594e-01,6.0376e-01,5.1375e-01,4.9691e-01
6.0611e-01,5.9980e-01,4.9353e-01,5.5176e-01
8.9246e-01,8.0120e-01,8.5756e-01,1.8297e-01
8.3114e-01,1.3289e-01,3.2308e-01,2.6946e-01
7.0874e-01,7.0054e-01,5.5679e-01,3.5535e-01
7.4711e-01,7.3581e-01,5.0447e-01,3.7171e-01
6.7646e-01,7.3128e-01,7.8299e-01,4.5737e-01
6.9232e-01,6.2606e-01,5.3828e-01,5.4241e-01
7.3171e-01,6.4236e-01,5.8790e-01,7.1796e-01
7.2682e-01,6.4142e-01,5.8621e-01,5.2844e-01
7.3234e-01,6.1658e-01,5.4382e-01,2.9312e-01
6.4195e-01,5.8802e-01,5.8550e-01,5.8350e-01
6.8313e-01,6.3143e-01,4.9392e-01,6.9861e-01
9.9522e-01,7.2099e-01,8.9174e-01,8.9876e-01
9.7122e-01,9.1354e-01,9.1371e-01,2.4965e-02
7.5530e-01,5.6953e-01,5.9309e-01,3.6548e-01
7.0199e-01,6.2451e-01,6.7226e-01,5.1261e-01
6.7762e-01,7.4647e-01,6.0753e-01,5.3575e-01
8.8296e-01,2.5450e-01,4.6752e-01,6.8962e-01
9.9347e-01,9.6012e-01,3.1436e-01,2.1572e-01
7.9188e-01,6.5605e-01,5.9050e-01,6.7671e-01
9.1903e-01,8.6956e-01,9.6193e-01,8.8134e-01
6.5654e-01,7.2993e-01,6.6621e-01,6.4572e-01
7.4665e-01,6.6923e-01,7.0458e-01,5.1322e-01
6.2748e-01,6.3912e-01,5.2761e-01,6.8989e-01
6.7945e-01,6.5727e-01,5.1792e-01,7.2354e-01
7.1701e-01,6.8506e-01,6.4531e-01,5.2496e-01
7.2025e-01,7.2233e-01,7.3254e-01,6.5103e-01
7.1789e-01,5.8950e-01,5.5827e-01,4.7227e-01
7.1871e-01,6.8981e-01,6.9480e-01,6.2702e-01
8.2707e-01,8.5367e-01,8.7915e-01,9.0002e-01
6.1519e-01,7.2533e-01,6.4628e-01,5.5017e-01
7.2021e-01,6.9271e-01,7.9361e-01,5.0920e-01
8.1113e-01,6.1155e-01,4.9091e-01,4.6724e-01
7.5556e-01,6.1790e-01,5.0736e-01,6.7352e-01
9.3636e-01,6.9541e-01,9.9491e-01,8.2305e-02
8.0083e-01,5.8279e-01,6.9495e-01,4.5732e-01
7.9010e-01,6.8271e-01,5.7443e-01,4.2311e-01
7.1652e-01,5.5573e-01,5.6373e-01,3.3735e-01
7.6918e-01,5.7602e-01,5.6838e-01,5.7832e-01
6.8587e-01,7.6051e-01,6.4348e-01,6.0204e-01
7.4783e-01,6.1747e-01,5.0361e-01,5.4530e-01
1.9378e-01,8.8442e-01,8.3002e-01,1.5347e-01
8.7258e-01,2.4885e-01,2.8491e-01,2.3872e-01
6.5391e-01,7.5516e-01,5.3601e-01,4.3782e-01
8.4465e-01,6.8082e-01,5.8542e-01,5.9352e-01
7.1985e-01,5.7344e-01,6.2886e-01,4.1881e-01
7.4770e-01,7.4815e-01,6.9727e-01,5.9590e-01
2.8855e-01,8.6733e-01,6.0878e-01,5.2353e-01
7.0976e-01,5.6186e-01,7.0056e-01,4.2780e-01
6.1541e-01,5.8163e-01,5.6661e-01,4.9039e-01
7.6213e-01,6.8676e-01,5.7495e-01,5.0762e-01
9.0225e-01,9.3925e-01,9.7314e-01,7.7096e-02
6.8254e-01,7.8264e-01,6.0785e-01,4.0708e-01
8.1085e-01,6.7942e-01,6.2086e-01,4.0818e-01
6.6103e-01,6.2070e-01,7.0374e-01,5.3038e-01
6.1917e-01,7.1524e-01,6.3144e-01,5.9889e-01
7.2886e-01,6.9674e-01,5.7724e-01,5.1399e-01
6.7666e-01,5.7053e-01,7.5476e-01,5.2403e-01
7.2011e-01,6.4668e-01,4.8351e-01,6.4105e-01
6.4584e-01,6.3006e-01,4.5332e-01,5.0482e-01
6.2839e-01,7.5304e-01,6.7727e-01,4.6335e-01
5.9935e-01,6.6988e-01,5.1733e-01,6.5620e-01
6.9357e-01,7.8696e-01,5.1515e-01,4.1797e-01
6.3914e-01,7.4606e-01,5.5459e-01,5.4034e-01
8.1416e-01,7.1128e-01,6.2191e-01,5.1403e-01
7.5277e-01,6.7275e-01,6.9630e-01,5.0473e-01
6.6081e-01,7.1229e-01,6.4465e-01,6.3430e-01
7.7400e-01,7.5109e-01,6.5205e-01,4.4410e-01
9.0352e-01,7.5875e-01,8.9027e-01,9.1422e-02
7.6222e-01,7.2343e-01,7.6758e-01,5.0380e-01
6.6830e-01,7.1020e-01,5.0875e-01,7.0626e-01
7.5700e-01,5.7040e-01,7.1266e-01,5.3408e-01
6.6553e-01,8.3154e-01,6.0106e-01,5.2686e-01
6.9243e-01,6.1959e-01,7.4396e-01,4.0418e-01
7.1113e-01,6.4360e-01,4.3386e-01,4.2327e-01
6.9592e-01,6.7648e-01,6.0893e-01,5.6099e-01
7.7803e-01,7.2854e-01,5.6368e-01,5.5307e-01
9.7585e-01,8.1305e-01,7.5999e-01,9.8998e-01
7.0518e-01,5.9133e-01,4.7234e-01,4.4867e-01
9.2292e-01,2.0736e-01,5.5184e-01,3.2517e-01
7.5129e-01,7.3326e-01,6.0093e-01,4.0428e-01
9.0027e-01,9.4751e-01,9.4262e-01,1.1520e-01
2.5961e-01,5.9599e-01,9.5495e-01,5.2971e-01
6.6287e-01,6.1648e-01,7.4724e-01,5.9582e-01
7.3839e-01,7.4230e-01,7.0166e-01,4.0548e-01
6.5522e-01,5.9250e-01,7.6159e-01,5.9681e-01
7.0344e-01,7.9610e-01,5.2336e-01,5.2736e-01
8.7416e-01,7.5028e-01,1.2651e-01,3.6626e-01
7.2749e-01,7.8708e-01,7.3324e-01,4.7336e-01
6.6767e-01,6.9113e-01,7.1377e-01,5.6786e-01
6.3718e-01,6.7165e-01,4.7672e-01,5.2063e-01
8.7541e-01,9.9601e-01,9.6926e-01,2.6921e-01
7.1584e-01,5.7670e-01,7.0858e-01,4.4235e-01
3.0257e-01,6.7532e-01,5.0357e-01,8.2971e-01
9.8793e-01,2.1521e-01,6.8967e-01,9.0394e-01
7.9726e-01,6.4741e-01,6.4651e-01,3.7371e-01
7.2720e-01,6.2885e-01,4.4415e-01,5.8636e-01
7.0446e-01,6.5384e-01,7.9672e-01,5.1521e-01
7.6560e-01,6.2862e-01,7.2006e-01,5.1729e-01
8.9082e-01,9.6783e-01,7.5321e-01,4.1974e-02
6.2804e-01,6.7990e-01,7.0408e-01,5.2341e-01
7.3850e-01,6.9720e-01,5.7497e-01,5.0686e-01
9.6898e-01,7.9926e-01,9.4702e-01,7.9090e-01
7.4499e-01,5.3762e-01,5.5864e-01,6.4442e-01
7.3673e-01,7.1010e-01,6.0356e-01,3.2853e-01
8.0203e-01,6.2077e-01,5.3109e-01,3.7407e-01
9.4484e-01,7.5005e-01,8.8041e-01,1.3105e-01
7.5128e-01,5.0248e-01,5.7649e-01,4.8830e-01
7.7634e-01,6.4309e-01,5.8452e-01,5.8309e-01
6.1922e-01,6.9670e-01,7.4435e-01,4.9300e-01
6.5797e-01,5.5736e-01,6.2643e-01,6.8735e-01
6.6969e-01,5.4685e-01,6.9043e-01,4.1505e-01
7.1870e-01,6.1131e-01,6.1061e-01,6.3497e-01
6.9306e-01,7.9038e-01,5.6405e-01,5.2185e-01
8.5167e-01,7.1080e-01,5.9693e-01,4.8761e-01
2.5716e-01,4.2647e-01,6.1103e-01,3.7466e-01
7.9407e-01,7.1524e-01,7.5838e-01,5.2888e-01
7.1502e-01,6.8568e-01,6.1408e-01,4.0753e-01
5.7373e-01,7.0135e-01,6.8726e-01,4.8462e-01
7.1340e-01,5.0057e-01,5.5027e-01,5.0160e-01
7.2636e-01,7.9668e-01,5.9367e-01,5.7594e-01
7.9947e-01,7.9639e-01,6.0642e-01,4.4456e-01
7.2583e-01,6.8586e-01,6.0927e-01,7.0882e-01
6.6145e-01,6.1506e-01,6.7317e-01,3.9922e-01
7.5127e-01,7.6456e-01,4.9592e-01,4.6247e-01
8.2098e-01,9.5072e-01,8.4391e-01,8.8663e-01
7.3765e-01,7.3914e-01,6.6718e-01,5.2526e-01
7.6821e-01,7.6779e-01,6.3877e-01,5.0107e-01
7.3130e-01,7.0418e-01,6.8009e-01,4.8238e-01
7.5750e-01,6.9811e-01,7.1149e-01,4.4820e-01
8.9197e-01,7.8601e-01,2.0608e-01,5.1811e-01
6.4269e-01,8.2037e-01,6.1093e-01,4.2046e-01
5.9167e-01,6.9686e-01,6.1630e-01,5.0798e-01
7.0248e-01,8.3143e-01,5.4910e-01,4.8760e-01
9.7101e-01,9.4955e-01,1.6016e-01,5.6478e-01
9.3022e-01,9.6116e-01,7.6693e-01,8.6569e-01
7.1487e-01,6.1332e-01,5.8603e-01,3.7768e-01
6.5886e-01,6.8997e-01,4.9048e-01,4.1813e-01
2.6684e-01,4.7592e-01,7.5235e-01,1.6054e-01
7.3677e-01,6.8075e-01,6.3328e-01,5.2201e-01
9.3586e-01,9.4056e-01,1.8867e-01,7.9310e-01
7.0143e-01,6.0476e-01,5.5057e-01,4.1776e-01
7.4484e-01,8.5705e-01,9.2887e-01,8.8537e-01
8.7122e-01,8.2277e-01,8.5342e-01,1.5269e-01
9.0455e-01,1.8801e-01,7.1430e-01,4.0012e-01
8.9966e-01,9.7974e-01,7.9311e-01,2.1136e-01
8.3345e-01,8.8522e-01,9.6198e-01,9.7379e-01
7.2739e-01,6.1301e-01,4.2885e-01,4.4994e-01
6.8577e-01,6.1966e-01,6.9315e-01,6.8682e-01
7.4536e-01,7.7959e-01,6.2966e-01,5.3828e-01
8.6978e-01,7.4277e-01,9.6292e-01,1.0801e-01
6.4861e-01,7.0886e-01,6.1674e-01,5.5334e-01
7.6277e-01,8.8199e-01,1.6591e-01,1.4496e-01
8.3516e-01,9.1874e-01,8.7610e-01,2.1947e-01
7.1667e-01,6.3284e-01,7.1754e-01,5.3469e-01
7.2351e-01,7.3535e-01,6.0885e-01,5.8970e-01
6.0859e-01,6.1023e-01,6.4018e-01,6.8958e-01
6.5027e-01,6.3458e-01,5.8970e-01,6.6424e-01
7.1756e-01,6.6251e-01,6.2253e-01,5.1320e-01
6.8685e-01,6.8680e-01,4.7227e-01,3.8504e-01
7.7550e-01,6.9116e-01,7.1597e-01,3.9786e-01
6.9596e-01,6.2453e-01,6.1189e-01,6.7085e-01
6.2400e-01,5.7043e-01,6.1178e-01,4.8338e-01
7.6550e-01,6.5216e-01,5.8194e-01,4.0252e-01
7.6148e-01,9.1624e-01,9.0491e-01,7.0146e-02
8.0510e-01,6.1222e-01,5.2249e-01,4.4635e-01
7.7018e-01,7.3946e-01,4.8704e-01,5.4302e-01
8.7016e-01,9.6250e-01,2.3870e-01,7.4421e-01
7.2282e-01,8.1267e-01,5.7436e-01,5.1037e-01
6.7877e-01,7.6619e-01,6.2787e-01,6.9044e-01
8.4146e-01,7.0287e-01,6.4221e-01,5.2945e-01
6.3137e-01,7.4459e-01,6.8232e-01,5.9263e-01
6.0371e-01,6.9263e-01,6.4809e-01,6.5461e-01
9.0302e-01,9.8560e-01,9.8003e-01,7.7522e-01
7.5834e-01,6.0888e-01,5.9997e-01,5.0163e-01
7.9018e-01,7.5264e-01,5.5695e-01,5.0668e-01
8.4763e-01,9.0053e-01,6.7457e-02,8.3449e-01
5.7838e-01,7.0371e-01,6.5096e-01,4.8417e-01
6.4440e-01,7.5112e-01,7.0781e-01,5.4899e-01
7.4284e-01,9.5718e-01,8.8385e-01,8.6093e-01
6.7042e-01,7.1876e-01,7.3272e-01,6.2098e-01
7.2153e-01,7.1950e-01,6.8893e-01,3.6841e-01
8.4194e-01,8.5723e-01,8.0166e-01,8.9858e-01
9.6505e-01,2.1815e-01,2.8479e-01,9.7320e-01
7.3769e-01,7.6042e-01,6.7924e-01,3.3220e-01
6.7804e-01,8.0070e-01,5.3091e-01,5.9389e-01
7.5789e-01,7.2068e-01,6.2350e-01,5.6350e-01
9.5699e-01,3.1181e-01,8.1762e-01,7.2577e-01
7.9401e-01,7.1888e-01,6.1591e-01,5.1319e-01
5.7979e-01,6.1711e-01,6.3463e-01,5.2426e-01
7.2378e-01,8.8649e-01,1.0253e-01,8.2841e-01
3.1195e-01,7.8658e-01,1.0730e-01,1.6404e-01
7.6943e-01,6.3605e-01,5.4177e-01,3.6829e-01
7.0641e-01,6.8522e-01,6.1845e-01,5.8516e-01
7.6481e-01,6.5288e-01,7.3313e-01,3.8475e-01
7.1476e-01,5.7518e-01,5.6121e-01,5.7296e-01
2.5452e-01,3.3856e-01,8.3930e-01,7.0576e-01
2.8862e-01,6.6317e-01,8.1829e-01,1.7730e-01
7.5979e-01,7.0261e-01,6.1263e-01,5.1627e-01
8.9796e-01,7.3194e-01,9.6757e-01,1.3669e-01
8.7216e-01,2.8599e-01,9.3346e-01,8.1971e-01
7.4632e-01,8.9258e-01,8.7617e-01,1.1446e-01
9.6156e-01,9.9596e-01,6.9535e-01,9.3531e-01
8.8058e-01,9.8490e-02,7.5958e-01,5.0783e-01
7.3749e-01,5.7815e-01,6.5188e-01,4.2468e-01
8.1201e-01,6.0921e-01,6.5349e-01,5.8965e-01
8.0620e-01,6.2344e-01,6.0791e-01,6.1092e-01
7.3162e-01,6.5415e-01,5.6364e-01,4.0647e-01
8.3531e-01,9.5533e-01,8.3004e-01,4.6148e-02
6.8613e-01,6.4150e-01,5.7937e-01,4.6929e-01
6.9702e-01,6.3784e-01,5.0428e-01,6.7405e-01
6.9645e-01,7.6219e-01,5.4212e-01,5.5158e-01
6.0512e-01,5.3115e-01,5.9874e-01,5.6835e-01
7.8192e-01,7.6190e-01,5.3941e-01,6.1631e-01
8.7248e-01,2.4797e-01,6.9136e-01,6.9717e-01
8.3766e-01,6.6619e-01,6.2983e-01,4.1389e-01
8.8083e-01,9.9891e-01,1.8438e-01,4.2186e-01
6.4872e-01,7.5120e-01,5.9226e-01,3.0079e-01
6.2631e-01,5.8501e-01,4.7998e-01,4.8784e-01
6.3207e-01,6.7657e-01,4.8708e-01,5.1223e-01
7.9772e-01,5.7246e-01,6.2179e-01,3.5985e-01
6.3414e-01,6.3678e-01,5.9794e-01,5.6886e-01
8.3548e-01,9.6720e-01,8.5968e-02,3.5784e-01
8.7052e-01,8.9681e-01,1.5343e-01,9.8622e-01
6.8243e-01,6.8452e-01,6.3865e-01,4.6249e-01
7.2557e-01,7.4300e-01,6.5838e-01,6.7642e-01
6.6787e-01,6.5079e-01,7.4534e-01,5.4399e-01
6.1890e-01,6.9009e-01,6.3952e-01,5.1609e-01
8.6883e-01,8.4728e-01,7.8782e-01,9.3572e-01
7.4954e-01,7.1481e-01,5.8523e-01,4.4375e-01
8.3269e-01,6.9590e-01,7.1197e-01,4.8623e-01
6.5697e-01,6.4305e-01,6.9847e-01,5.9238e-01
6.6798e-01,6.7042e-01,5.9702e-01,5.0438e-01
6.1813e-01,6.0869e-01,4.9148e-01,4.6951e-01
7.8555e-01,6.6225e-01,7.0131e-01,4.8470e-01
2.7459e-01,7.4846e-01,8.6068e-01,6.6136e-01
7.4653e-01,7.1857e-01,5.6553e-01,4.1472e-01
7.1048e-01,6.4737e-01,7.6795e-01,6.2723e-01
6.0770e-01,5.8013e-01,5.7386e-01,5.0672e-01
7.4080e-01,5.2839e-01,6.3152e-01,3.8814e-01
9.7535e-01,9.2737e-01,1.5656e-01,6.9763e-01
7.0574e-01,7.5622e-01,6.1751e-01,6.0212e-01
7.4994e-01,7.0040e-01,5.6819e-01,5.0387e-01
9.4146e-01,9.0069e-01,2.2932e-01,4.4345e-01
6.8992e-01,6.2224e-01,5.4118e-01,7.4095e-01
9.8627e-01,7.3956e-01,1.3308e-01,2.0662e-01
5.9869e-01,7.4366e-01,5.4306e-01,3.7135e-01
6.3976e-01,6.3812e-01,7.5509e-01,5.0235e-01
9.2942e-01,9.9148e-01,9.6562e-01,9.1996e-01
6.1926e-01,8.0967e-01,6.5466e-01,4.8944e-01
7.2896e-01,7.0316e-01,6.2214e-01,7.1961e-01
7.3078e-01,7.7877e-01,6.5284e-01,4.4134e-01
6.9312e-01,7.8564e-01,5.0856e-01,3.6960e-01
7.7463e-01,9.2702e-01,9.3519e-01,9.9942e-01
6.3853e-01,5.6408e-01,4.8898e-01,6.1615e-01
9.2988e-01,7.3280e-01,9.7146e-01,8.4938e-01
6.6397e-01,7.0649e-01,6.1046e-01,4.0002e-01
6.0277e-01,7.3288e-01,4.8692e-01,5.5495e-01
7.1856e-01,9.4240e-01,9.2753e-01,9.7645e-01
7.8822e-01,6.0677e-01,5.5151e-01,3.2035e-01
6.9566e-01,5.4733e-01,4.7786e-01,5.4067e-01
6.3165e-01,5.8644e-01,7.1361e-01,3.8675e-01
7.0937e-01,7.2844e-01,5.8909e-01,5.6498e-01
7.3386e-01,7.7711e-01,6.7257e-01,5.3096e-01
7.7011e-01,7.7578e-01,5.5817e-01,5.0701e-01
6.7602e-01,6.6792e-01,5.4460e-01,2.9965e-01
7.0832e-01,7.9657e-01,7.3152e-01,4.7526e-01
7.6571e-01,6.4690e-01,6.7872e-01,5.1198e-01
8.5383e-01,7.2379e-01,9.5423e-01,7.0516e-02
7.9434e-01,6.7548e-01,5.4172e-01,4.7820e-01
8.2430e-01,8.3035e-01,1.2743e-01,3.0505e-01
8.7538e-01,9.7345e-01,8.9979e-01,9.0692e-01
6.7679e-01,6.3591e-01,7.7522e-01,3.7865e-01
7.1655e-01,6.0392e-01,7.1892e-01,4.3265e-01
7.4786e-01,7.1022e-01,7.1766e-01,4.9248e-01
5.8891e-01,7.0727e-01,5.6858e-01,6.1616e-01
6.2280e-01,7.8526e-01,5.3264e-01,6.0709e-01
8.0932e-01,6.8553e-01,6.3981e-01,5.3141e-01
9.7121e-01,8.6342e-01,9.1963e-01,7.6914e-01
8.3968e-01,9.0136e-01,1.2418e-02,5.2490e-01
9.9749e-01,8.2805e-01,8.4730e-01,9.9993e-01
7.8039e-01,9.0536e-01,1.8140e-01,1.2344e-01
6.1814e-01,6.3300e-01,5.4560e-01,4.8591e-01
7.7535e-01,6.9914e-01,7.2676e-01,5.4361e-01
6.8089e-01,6.9143e-01,5.1986e-01,3.9689e-01
6.4277e-01,8.0219e-01,5.6468e-01,5.5349e-01
5.8417e-01,7.7628e-01,6.3294e-01,4.5364e-01
6.8308e-01,8.3276e-01,5.7175e-01,5.2970e-01
8.2736e-01,2.2061e-01,4.9156e-01,3.8429e-01
9.7379e-01,3.1930e-01,7.1167e-01,4.3512e-02
8.7401e-01,9.2711e-01,9.3963e-01,1.5133e-01
8.6824e-01,9.8608e-01,7.9050e-01,8.0506e-01
2.7984e-01,8.1842e-01,4.2947e-01,7.3221e-01
7.6513e-01,5.6639e-01,7.1279e-01,5.3093e-01
6.3275e-01,6.2978e-01,7.0994e-01,4.2885e-01
6.8194e-01,5.7619e-01,6.3269e-01,7.2214e-01
9.6245e-01,8.9947e-01,2.7806e-01,2.5663e-01
6.8124e-01,6.2069e-01,6.0743e-01,3.4334e-01
8.3183e-01,9.2858e-01,7.5960e-01,9.7357e-01
7.4278e-01,5.9868e-01,4.8576e-01,6.5547e-01
7.1519e-01,6.7648e-01,5.9432e-01,5.5509e-01
6.7284e-01,5.9478e-01,5.7622e-01,3.2429e-01
6.8280e-01,7.8305e-01,5.8759e-01,5.8011e-01
6.3960e-01,5.9387e-01,7.8855e-01,5.1549e-01
6.5313e-01,6.4062e-01,7.6731e-01,6.1348e-01
7.8388e-01,5.5138e-01,6.9598e-01,5.1994e-01
7.7341e-01,7.3190e-01,5.1216e-01,3.6907e-01
9.7870e-01,3.0723e-01,3.3618e-01,8.6774e-01
9.3874e-01,8.8987e-01,9.7785e-01,3.4440e-02
1.7062e-01,4.0192e-01,8.3229e-01,1.4951e-01
8.4462e-01,2.1077e-01,7.5771e-01,4.2068e-01
5.6593e-01,7.1559e-01,6.9140e-01,4.7132e-01
3.0644e-01,5.8938e-01,7.0089e-01,1.9427e-01
7.4953e-01,9.7186e-01,9.7505e-01,8.2315e-01
7.5120e-01,7.1513e-01,5.7738e-01,3.7156e-01
7.3475e-01,7.5818e-01,5.2477e-01,5.0184e-01
7.4619e-01,6.9530e-01,7.6460e-01,4.9652e-01
6.6521e-01,5.7588e-01,7.1389e-01,3.8636e-01
8.4870e-01,8.5135e-01,8.8174e-01,8.0029e-01
6.7252e-01,6.7158e-01,6.8109e-01,6.1491e-01
6.0488e-01,6.5895e-01,6.5204e-01,6.5387e-01
3.0799e-01,9.5281e-01,5.3521e-01,9.6411e-02
7.1443e-01,7.0161e-01,5.4666e-01,4.9535e-01
8.6131e-01,7.6792e-01,4.9106e-02,2.9941e-01
7.1256e-01,6.5866e-01,4.6493e-01,4.3282e-01
7.8598e-01,7.0259e-01,6.6782e-01,4.6687e-01
7.8387e-01,6.2406e-01,6.7691e-01,3.4874e-01
6.4153e-01,8.0892e-01,6.1556e-01,4.6408e-01
7.8593e-01,6.2790e-01,7.2074e-01,4.7293e-01
7.5930e-01,5.7466e-01,7.4599e-01,5.5486e-01
6.8865e-01,6.2677e-01,7.2837e-01,5.4417e-01
7.2943e-01,5.8221e-01,5.2507e-01,5.9815e-01
2.6734e-01,2.1179e-01,7.0747e-01,1.9319e-01
7.4972e-01,6.5999e-01,6.7176e-01,6.1542e-01
8.8368e-01,9.1995e-01,9.8192e-01,8.4072e-01
6.7027e-01,6.3157e-01,5.6206e-01,6.0518e-01
7.5610e-01,5.5787e-01,6.3032e-01,3.6145e-01
7.5905e-01,5.9947e-01,6.8644e-01,4.7723e-01
8.4385e-01,6.3234e-01,5.6798e-01,4.9749e-01
8.7249e-01,2.4580e-01,6.8072e-01,8.2769e-01
8.1301e-01,7.1812e-01,5.9321e-01,4.9896e-01
7.1316e-01,8.2611e-01,6.7082e-01,5.4975e-01
7.1249e-01,8.1667e-01,6.4811e-01,4.3028e-01
6.8532e-01,6.0816e-01,6.3558e-01,2.8325e-01
