0.0000e+00,0.0000e+00,0.0000e+00,1.0000e+00
2.0000e-03,2.0000e-03,2.0000e-03,9.9200e-01
4.0000e-03,4.0000e-03,4.0000e-03,9.8400e-01
6.0000e-03,6.0000e-03,6.0000e-03,9.7600e-01
8.0000e-03,8.0000e-03,8.0000e-03,9.6800e-01
1.0000e-02,1.0000e-02,1.0000e-02,9.6000e-01
1.2000e-02,1.2000e-02,1.2000e-02,9.5200e-01
1.4000e-02,1.4000e-02,1.4000e-02,9.4400e-01
1.6000e-02,1.6000e-02,1.6000e-02,9.3600e-01
1.8000e-02,1.8000e-02,1.8000e-02,9.2800e-01
2.0000e-02,2.0000e-02,2.0000e-02,9.2000e-01
2.2000e-02,2.2000e-02,2.2000e-02,9.1200e-01
2.4000e-02,2.4000e-02,2.4000e-02,9.0400e-01
2.6000e-02,2.6000e-02,2.6000e-02,8.9600e-01
2.8000e-02,2.8000e-02,2.8000e-02,8.8800e-01
3.0000e-02,3.0000e-02,3.0000e-02,8.8000e-01
3.2000e-02,3.2000e-02,3.2000e-02,8.7200e-01
3.4000e-02,3.4000e-02,3.4000e-02,8.6400e-01
3.6000e-02,3.6000e-02,3.6000e-02,8.5600e-01
3.8000e-02,3.8000e-02,3.8000e-02,8.4800e-01
4.0000e-02,4.0000e-02,4.0000e-02,8.4000e-01
4.2000e-02,4.2000e-02,4.2000e-02,8.3200e-01
4.4000e-02,4.4000e-02,4.4000e-02,8.2400e-01
4.6000e-02,4.6000e-02,4.6000e-02,8.1600e-01
4.8000e-02,4.8000e-02,4.8000e-02,8.0800e-01
5.0000e-02,5.0000e-02,5.0000e-02,8.0000e-01
5.2000e-02,5.2000e-02,5.2000e-02,7.9200e-01
5.4000e-02,5.4000e-02,5.4000e-02,7.8400e-01
5.6000e-02,5.6000e-02,5.6000e-02,7.7600e-01
5.8000e-02,5.8000e-02,5.8000e-02,7.6800e-01
6.0000e-02,6.0000e-02,6.0000e-02,7.6000e-01
6.2000e-02,6.2000e-02,6.2000e-02,7.5200e-01
6.4000e-02,6.4000e-02,6.4000e-02,7.4400e-01
6.6000e-02,6.6000e-02,6.6000e-02,7.3600e-01
6.8000e-02,6.8000e-02,6.8000e-02,7.2800e-01
7.0000e-02,7.0000e-02,7.0000e-02,7.2000e-01
7.2000e-02,7.2000e-02,7.2000e-02,7.1200e-01
7.4000e-02,7.4000e-02,7.4000e-02,7.0400e-01
7.6000e-02,7.6000e-02,7.6000e-02,6.9600e-01
7.8000e-02,7.8000e-02,7.8000e-02,6.8800e-01
8.0000e-02,8.0000e-02,8.0000e-02,6.8000e-01
8.2000e-02,8.2000e-02,8.2000e-02,6.7200e-01
8.4000e-02,8.4000e-02,8.4000e-02,6.6400e-01
8.6000e-02,8.6000e-02,8.6000e-02,6.5600e-01
8.8000e-02,8.8000e-02,8.8000e-02,6.4800e-01
9.0000e-02,9.0000e-02,9.0000e-02,6.4000e-01
9.2000e-02,9.2000e-02,9.2000e-02,6.3200e-01
9.4000e-02,9.4000e-02,9.4000e-02,6.2400e-01
9.6000e-02,9.6000e-02,9.6000e-02,6.1600e-01
9.8000e-02,9.8000e-02,9.8000e-02,6.0800e-01
1.0000e-01,1.0000e-01,1.0000e-01,6.0000e-01
1.0200e-01,1.0200e-01,1.0200e-01,5.9200e-01
1.0400e-01,1.0400e-01,1.0400e-01,5.8400e-01
1.0600e-01,1.0600e-01,1.0600e-01,5.7600e-01
1.0800e-01,1.0800e-01,1.0800e-01,5.6800e-01
1.1000e-01,1.1000e-01,1.1000e-01,5.6000e-01
1.1200e-01,1.1200e-01,1.1200e-01,5.5200e-01
1.1400e-01,1.1400e-01,1.1400e-01,5.4400e-01
1.1600e-01,1.1600e-01,1.1600e-01,5.3600e-01
1.1800e-01,1.1800e-01,1.1800e-01,5.2800e-01
1.2000e-01,1.2000e-01,1.2000e-01,5.2000e-01
1.2200e-01,1.2200e-01,1.2200e-01,5.1200e-01
1.2400e-01,1.2400e-01,1.2400e-01,5.0400e-01
1.2600e-01,1.2600e-01,1.2600e-01,4.9600e-01
1.2800e-01,1.2800e-01,1.2800e-01,4.8800e-01
1.3000e-01,1.3000e-01,1.3000e-01,4.8000e-01
1.3200e-01,1.3200e-01,1.3200e-01,4.7200e-01
1.3400e-01,1.3400e-01,1.3400e-01,4.6400e-01
1.3600e-01,1.3600e-01,1.3600e-01,4.5600e-01
1.3800e-01,1.3800e-01,1.3800e-01,4.4800e-01
1.4000e-01,1.4000e-01,1.4000e-01,4.4000e-01
1.4200e-01,1.4200e-01,1.4200e-01,4.3200e-01
1.4400e-01,1.4400e-01,1.4400e-01,4.2400e-01
1.4600e-01,1.4600e-01,1.4600e-01,4.1600e-01
1.4800e-01,1.4800e-01,1.4800e-01,4.0800e-01
1.5000e-01,1.5000e-01,1.5000e-01,4.0000e-01
1.5200e-01,1.5200e-01,1.5200e-01,3.9200e-01
1.5400e-01,1.5400e-01,1.5400e-01,3.8400e-01
1.5600e-01,1.5600e-01,1.5600e-01,3.7600e-01
1.5800e-01,1.5800e-01,1.5800e-01,3.6800e-01
1.6000e-01,1.6000e-01,1.6000e-01,3.6000e-01
1.6200e-01,1.6200e-01,1.6200e-01,3.5200e-01
1.6400e-01,1.6400e-01,1.6400e-01,3.4400e-01
1.6600e-01,1.6600e-01,1.6600e-01,3.3600e-01
1.6800e-01,1.6800e-01,1.6800e-01,3.2800e-01
1.7000e-01,1.7000e-01,1.7000e-01,3.2000e-01
1.7200e-01,1.7200e-01,1.7200e-01,3.1200e-01
1.7400e-01,1.7400e-01,1.7400e-01,3.0400e-01
1.7600e-01,1.7600e-01,1.7600e-01,2.9600e-01
1.7800e-01,1.7800e-01,1.7800e-01,2.8800e-01
1.8000e-01,1.8000e-01,1.8000e-01,2.8000e-01
1.8200e-01,1.8200e-01,1.8200e-01,2.7200e-01
1.8400e-01,1.8400e-01,1.8400e-01,2.6400e-01
1.8600e-01,1.8600e-01,1.8600e-01,2.5600e-01
1.8800e-01,1.8800e-01,1.8800e-01,2.4800e-01
1.9000e-01,1.9000e-01,1.9000e-01,2.4000e-01
1.9200e-01,1.9200e-01,1.9200e-01,2.3200e-01
1.9400e-01,1.9400e-01,1.9400e-01,2.2400e-01
1.9600e-01,1.9600e-01,1.9600e-01,2.1600e-01
1.9800e-01,1.9800e-01,1.9800e-01,2.0800e-01
2.0000e-01,2.0000e-01,2.0000e-01,2.0000e-01
2.3362e-01,3.1319e-01,3.0957e-01,7.1806e-02
2.6066e-01,3.2772e-01,3.3948e-01,3.6075e-02
3.5135e-01,3.1549e-01,3.1560e-01,8.7811e-03
3.7140e-01,3.4344e-01,2.6734e-01,8.9050e-03
2.9684e-01,2.7318e-01,3.7478e-01,2.7604e-02
2.9300e-01,2.8022e-01,3.1074e-01,5.8017e-02
3.2077e-01,3.2282e-01,2.9208e-01,3.2161e-02
2.5889e-01,4.0618e-01,2.7974e-01,2.7597e-02
3.1451e-01,2.3809e-01,2.8417e-01,8.1612e-02
2.8590e-01,3.9861e-01,2.8611e-01,1.4690e-02
3.0148e-01,2.6686e-01,4.0682e-01,1.2423e-02
3.7439e-01,2.6218e-01,3.5812e-01,2.6549e-03
2.6243e-01,2.5810e-01,4.5710e-01,1.1183e-02
3.2261e-01,3.7117e-01,2.6236e-01,2.1930e-02
3.2547e-01,2.7029e-01,3.2402e-01,4.0111e-02
2.8469e-01,2.5320e-01,2.9151e-01,8.5300e-02
2.8318e-01,2.4074e-01,2.6736e-01,1.0436e-01
3.3918e-01,2.9343e-01,3.6587e-01,7.6089e-04
2.7339e-01,2.7166e-01,3.4793e-01,5.3510e-02
3.1889e-01,2.3668e-01,3.1858e-01,6.2925e-02
2.9196e-01,2.6805e-01,3.6999e-01,3.4999e-02
3.2415e-01,3.1681e-01,3.3221e-01,1.3414e-02
2.3931e-01,3.2386e-01,2.6966e-01,8.3587e-02
3.0252e-01,3.7296e-01,2.9544e-01,1.4542e-02
2.6671e-01,3.3858e-01,3.3139e-01,3.1661e-02
2.7116e-01,3.4699e-01,2.3934e-01,7.1252e-02
2.9403e-01,3.5308e-01,2.4851e-01,5.2189e-02
2.2947e-01,3.4157e-01,2.2532e-01,1.0182e-01
2.9571e-01,2.3985e-01,2.4850e-01,1.0797e-01
3.0308e-01,4.0976e-01,2.7218e-01,7.4913e-03
3.6921e-01,2.6208e-01,2.9371e-01,3.7496e-02
2.7635e-01,3.6670e-01,3.3131e-01,1.2820e-02
3.8043e-01,3.1421e-01,2.7237e-01,1.6493e-02
3.3941e-01,2.6740e-01,2.6745e-01,6.2874e-02
2.7887e-01,3.5815e-01,2.9166e-01,3.5664e-02
2.8973e-01,2.5359e-01,3.4167e-01,5.7508e-02
3.6814e-01,2.5624e-01,3.7325e-01,1.1849e-03
3.3205e-01,2.3305e-01,2.5709e-01,8.8912e-02
3.0391e-01,3.1352e-01,2.7963e-01,5.1469e-02
3.2281e-01,2.7059e-01,3.0543e-01,5.0584e-02
3.0711e-01,2.6906e-01,2.5631e-01,8.3756e-02
2.4028e-01,3.5453e-01,2.5896e-01,7.3113e-02
4.0500e-01,2.6521e-01,2.8176e-01,2.4016e-02
3.3236e-01,2.3825e-01,2.9697e-01,6.6211e-02
3.7316e-01,2.9302e-01,3.3231e-01,7.5731e-04
4.3665e-01,2.4752e-01,2.8425e-01,1.5789e-02
3.5702e-01,3.6941e-01,2.6051e-01,6.5336e-03
2.3874e-01,2.8252e-01,3.7001e-01,5.4364e-02
3.4683e-01,2.7551e-01,2.7550e-01,5.1082e-02
2.3334e-01,2.2752e-01,3.5789e-01,9.0619e-02
2.6780e-01,3.7111e-01,2.8500e-01,3.8046e-02
3.2425e-01,2.4193e-01,3.5257e-01,4.0631e-02
2.9770e-01,4.3047e-01,2.6283e-01,4.5051e-03
2.3212e-01,2.4637e-01,2.3970e-01,1.4090e-01
4.3565e-01,2.6178e-01,2.7053e-01,1.6020e-02
2.5410e-01,3.0137e-01,3.1793e-01,6.3298e-02
2.5961e-01,3.2746e-01,3.7831e-01,1.7312e-02
2.6397e-01,3.6846e-01,2.7370e-01,4.6937e-02
2.5183e-01,3.7529e-01,3.1800e-01,2.7442e-02
3.5676e-01,2.6463e-01,3.1381e-01,3.2397e-02
3.6560e-01,2.4451e-01,2.6753e-01,6.1178e-02
2.4208e-01,2.2034e-01,2.7658e-01,1.3050e-01
3.0137e-01,3.3432e-01,2.3572e-01,6.4295e-02
2.6143e-01,2.8369e-01,3.3314e-01,6.0867e-02
2.9083e-01,2.5143e-01,3.5329e-01,5.2226e-02
2.4650e-01,2.4488e-01,4.3244e-01,3.8088e-02
3.6168e-01,3.3535e-01,2.7838e-01,1.2294e-02
2.7306e-01,2.9101e-01,4.0921e-01,1.3357e-02
2.5699e-01,2.4381e-01,2.6912e-01,1.1504e-01
3.0498e-01,3.8225e-01,2.9631e-01,8.2310e-03
2.9929e-01,2.6564e-01,4.1102e-01,1.2026e-02
3.3604e-01,3.3176e-01,3.2108e-01,5.5579e-03
2.6198e-01,2.5970e-01,4.1306e-01,3.2634e-02
2.4889e-01,2.5534e-01,2.9651e-01,9.9632e-02
3.4398e-01,3.0974e-01,3.1030e-01,1.7989e-02
2.6043e-01,2.6653e-01,4.0280e-01,3.5118e-02
3.1289e-01,3.7386e-01,2.9295e-01,1.0148e-02
2.2906e-01,3.3212e-01,2.6656e-01,8.6129e-02
2.5465e-01,3.6875e-01,2.5829e-01,5.9156e-02
3.1015e-01,3.0203e-01,3.8166e-01,3.0775e-03
2.7751e-01,2.4719e-01,2.8634e-01,9.4479e-02
2.3238e-01,3.2943e-01,2.8361e-01,7.7292e-02
3.6768e-01,2.5250e-01,2.8649e-01,4.6667e-02
3.3458e-01,2.6491e-01,3.8451e-01,8.0035e-03
3.8538e-01,2.8599e-01,2.5311e-01,3.7760e-02
3.7213e-01,2.6998e-01,3.5550e-01,1.1992e-03
2.7333e-01,2.4963e-01,3.2772e-01,7.4657e-02
2.7985e-01,3.2985e-01,2.3438e-01,7.7962e-02
3.5502e-01,2.4387e-01,3.3843e-01,3.1338e-02
3.3947e-01,3.1536e-01,2.8796e-01,2.8606e-02
3.5287e-01,2.9485e-01,2.8780e-01,3.2239e-02
3.4424e-01,3.0888e-01,2.3628e-01,5.5299e-02
2.7940e-01,3.3091e-01,2.6528e-01,6.2206e-02
2.5139e-01,2.5117e-01,4.1820e-01,3.9619e-02
2.6338e-01,3.1790e-01,2.9001e-01,6.4354e-02
2.6006e-01,3.2609e-01,3.6145e-01,2.6199e-02
3.1845e-01,2.3995e-01,3.5549e-01,4.3055e-02
2.7843e-01,3.9213e-01,3.0408e-01,1.2683e-02
2.6376e-01,3.2499e-01,3.0383e-01,5.3712e-02
2.5388e-01,2.4126e-01,2.8468e-01,1.1009e-01
2.5649e-01,3.5117e-01,3.8892e-01,1.7071e-03
3.0072e-01,3.1183e-01,3.5388e-01,1.6790e-02
2.7772e-01,3.1661e-01,2.3207e-01,8.6796e-02
3.0816e-01,4.0839e-01,2.6466e-01,9.3940e-03
3.1140e-01,2.8005e-01,2.4068e-01,8.3936e-02
3.4711e-01,2.4317e-01,3.1264e-01,4.8541e-02
2.9693e-01,2.7770e-01,3.1900e-01,5.3183e-02
2.5614e-01,2.8817e-01,3.3815e-01,5.8766e-02
2.6846e-01,3.9012e-01,2.4171e-01,4.9855e-02
2.4942e-01,3.3495e-01,3.7772e-01,1.8958e-02
3.3489e-01,3.1404e-01,3.2889e-01,1.1091e-02
2.4375e-01,3.1348e-01,2.5244e-01,9.5166e-02
4.4261e-01,2.6271e-01,2.6668e-01,1.4005e-02
2.3695e-01,2.9366e-01,3.6185e-01,5.3767e-02
2.4851e-01,2.8471e-01,3.7905e-01,4.3866e-02
3.3284e-01,2.8568e-01,2.5276e-01,6.4360e-02
4.2107e-01,2.4716e-01,2.8332e-01,2.4227e-02
3.5218e-01,3.1445e-01,2.5629e-01,3.8542e-02
3.4868e-01,2.3671e-01,3.0346e-01,5.5573e-02
3.3482e-01,2.5395e-01,3.4747e-01,3.1882e-02
3.4422e-01,3.7422e-01,2.6784e-01,6.8607e-03
2.9548e-01,2.3409e-01,2.6957e-01,1.0043e-01
3.4470e-01,2.4951e-01,2.9876e-01,5.3513e-02
3.7517e-01,2.6070e-01,3.5731e-01,3.4125e-03
2.4577e-01,2.9422e-01,2.2006e-01,1.1998e-01
2.8315e-01,2.8525e-01,2.4191e-01,9.4843e-02
3.7990e-01,2.4717e-01,3.4171e-01,1.5616e-02
3.7872e-01,3.0273e-01,2.8671e-01,1.5915e-02
2.8701e-01,2.5462e-01,4.1019e-01,2.4094e-02
3.6651e-01,3.3763e-01,2.5463e-01,2.0615e-02
2.6089e-01,2.6174e-01,2.6147e-01,1.0795e-01
3.4189e-01,3.0277e-01,2.6877e-01,4.3282e-02
3.9168e-01,2.7709e-01,3.0243e-01,1.4401e-02
3.2900e-01,2.9365e-01,2.8410e-01,4.6628e-02
2.9673e-01,3.6767e-01,2.9576e-01,1.9921e-02
3.6373e-01,2.4462e-01,3.0768e-01,4.1990e-02
2.5998e-01,2.3093e-01,2.2302e-01,1.4303e-01
2.3713e-01,2.5576e-01,3.8722e-01,5.9946e-02
2.3861e-01,2.7342e-01,3.4024e-01,7.3862e-02
2.6790e-01,3.7719e-01,3.2473e-01,1.5092e-02
2.2071e-01,2.8375e-01,2.2417e-01,1.3569e-01
3.2854e-01,2.7585e-01,2.4329e-01,7.6161e-02
2.5934e-01,2.8359e-01,3.1352e-01,7.1778e-02
3.9110e-01,2.7072e-01,2.8935e-01,2.4416e-02
2.4246e-01,2.9658e-01,2.6079e-01,1.0009e-01
3.4953e-01,3.7017e-01,2.7265e-01,3.8238e-03
2.4267e-01,3.3313e-01,3.0223e-01,6.0986e-02
3.7788e-01,2.8646e-01,3.2226e-01,6.6961e-03
2.5719e-01,3.9279e-01,3.2905e-01,1.0487e-02
2.4221e-01,3.0912e-01,3.3740e-01,5.5635e-02
3.1325e-01,3.4110e-01,3.0403e-01,2.0812e-02
3.3069e-01,3.2171e-01,3.2676e-01,1.0422e-02
2.4011e-01,3.7947e-01,2.8684e-01,4.6790e-02
2.4606e-01,2.6808e-01,2.4655e-01,1.1966e-01
2.5707e-01,3.6759e-01,2.4797e-01,6.3687e-02
3.0950e-01,3.4883e-01,2.5889e-01,4.1386e-02
2.7654e-01,2.4212e-01,2.8071e-01,1.0031e-01
3.2922e-01,3.5387e-01,2.5158e-01,3.2666e-02
3.6375e-01,3.4008e-01,2.5318e-01,2.1497e-02
3.7589e-01,2.4793e-01,3.2945e-01,2.3362e-02
2.3731e-01,2.8331e-01,3.1775e-01,8.0817e-02
2.8101e-01,3.1551e-01,3.3567e-01,3.3908e-02
3.5305e-01,2.5357e-01,2.3057e-01,8.1403e-02
2.2507e-01,2.8654e-01,2.2357e-01,1.3241e-01
3.0863e-01,4.0407e-01,2.6653e-01,1.0385e-02
2.7937e-01,2.2473e-01,2.6746e-01,1.1422e-01
2.5252e-01,3.2800e-01,2.9407e-01,6.2708e-02
2.4609e-01,2.6151e-01,3.9957e-01,4.6412e-02
2.4343e-01,4.4603e-01,2.4572e-01,3.2409e-02
3.6854e-01,2.8573e-01,3.1566e-01,1.5033e-02
2.4423e-01,2.9862e-01,3.2098e-01,6.8084e-02
2.6172e-01,2.4182e-01,3.3146e-01,8.2500e-02
3.6299e-01,2.7857e-01,3.0335e-01,2.7547e-02
2.6473e-01,3.1030e-01,3.6893e-01,2.8023e-02
2.6993e-01,4.2934e-01,2.6470e-01,1.8019e-02
2.5259e-01,2.9030e-01,2.7304e-01,9.2033e-02
2.9992e-01,3.5207e-01,2.4427e-01,5.1864e-02
2.9284e-01,3.6356e-01,3.3203e-01,5.7844e-03
3.2111e-01,2.3669e-01,2.4643e-01,9.7883e-02
4.2645e-01,3.1274e-01,2.5362e-01,3.5928e-03
3.7766e-01,3.0149e-01,2.5448e-01,3.3182e-02
2.7773e-01,2.8984e-01,2.9101e-01,7.0712e-02
2.9753e-01,2.6829e-01,3.0951e-01,6.2333e-02
2.9401e-01,3.6802e-01,2.4727e-01,4.5352e-02
3.9034e-01,3.5075e-01,2.5114e-01,3.8797e-03
2.5786e-01,2.4882e-01,3.1764e-01,8.7841e-02
2.4667e-01,2.8235e-01,2.2236e-01,1.2431e-01
3.1696e-01,4.1224e-01,2.5808e-01,6.3589e-03
2.5300e-01,3.0619e-01,4.3310e-01,3.8567e-03
2.6775e-01,2.6587e-01,2.2752e-01,1.1943e-01
3.5657e-01,3.3883e-01,2.6942e-01,1.7593e-02
2.8386e-01,4.2271e-01,2.7306e-01,1.0186e-02
2.9421e-01,3.8763e-01,2.9277e-01,1.2698e-02
2.8588e-01,2.6240e-01,3.8588e-01,3.2917e-02
2.5896e-01,2.5909e-01,2.7437e-01,1.0379e-01
2.8631e-01,3.6034e-01,3.3421e-01,9.5732e-03
3.9720e-01,2.5035e-01,2.4244e-01,5.5005e-02
2.4440e-01,3.2028e-01,2.9548e-01,6.9923e-02
2.4989e-01,2.2208e-01,2.9986e-01,1.1409e-01
2.5392e-01,2.3849e-01,2.3991e-01,1.3384e-01
2.3469e-01,3.0164e-01,2.5011e-01,1.0678e-01
2.7104e-01,4.0708e-01,2.9000e-01,1.5934e-02
2.7637e-01,2.5268e-01,3.5849e-01,5.6230e-02
2.3911e-01,2.3464e-01,3.8879e-01,6.8731e-02
3.6371e-01,2.8734e-01,2.6724e-01,4.0852e-02
2.5044e-01,4.6254e-01,2.8401e-01,1.5004e-03
2.6670e-01,2.6681e-01,2.8447e-01,9.1007e-02
2.9020e-01,3.0149e-01,2.8921e-01,5.9552e-02
2.2651e-01,2.3758e-01,2.1411e-01,1.6090e-01
2.7840e-01,3.2348e-01,2.6737e-01,6.5375e-02
2.7457e-01,4.4726e-01,2.6851e-01,4.8277e-03
2.7747e-01,2.9253e-01,2.3119e-01,9.9403e-02
3.3390e-01,2.6703e-01,3.1496e-01,4.2052e-02
2.3787e-01,3.2334e-01,2.6510e-01,8.6845e-02
3.2241e-01,2.4586e-01,3.6216e-01,3.4787e-02
2.4950e-01,2.5527e-01,3.4638e-01,7.4425e-02
2.7801e-01,2.5264e-01,2.8450e-01,9.2424e-02
2.4271e-01,3.1146e-01,2.3767e-01,1.0408e-01
2.9462e-01,3.0156e-01,3.8602e-01,8.9003e-03
3.1385e-01,3.0440e-01,3.6975e-01,6.0014e-03
2.3937e-01,2.6291e-01,3.9917e-01,4.9272e-02
2.5634e-01,3.4475e-01,3.8742e-01,5.7420e-03
3.9827e-01,3.2125e-01,2.5175e-01,1.4365e-02
3.9618e-01,3.1054e-01,2.4503e-01,2.4128e-02
4.4250e-01,2.5641e-01,2.5761e-01,2.1738e-02
2.5371e-01,3.2012e-01,2.8172e-01,7.2227e-02
3.0517e-01,3.8444e-01,2.4521e-01,3.2593e-02
2.2483e-01,2.5468e-01,2.4242e-01,1.3903e-01
2.6073e-01,3.6483e-01,2.9983e-01,3.7307e-02
2.5330e-01,3.0067e-01,2.9486e-01,7.5583e-02
3.5255e-01,3.5159e-01,2.7009e-01,1.2888e-02
2.9530e-01,2.5506e-01,3.5313e-01,4.8257e-02
2.4697e-01,2.7438e-01,3.4098e-01,6.8834e-02
2.7233e-01,3.6646e-01,2.8962e-01,3.5795e-02
2.1678e-01,2.5435e-01,2.3929e-01,1.4479e-01
2.7705e-01,2.6532e-01,4.0840e-01,2.4617e-02
2.2456e-01,2.8190e-01,2.4326e-01,1.2514e-01
2.6305e-01,2.5240e-01,3.4457e-01,6.9987e-02
2.8407e-01,2.4334e-01,2.3977e-01,1.1641e-01
3.2616e-01,3.8404e-01,2.7137e-01,9.2152e-03
4.5958e-01,2.6831e-01,2.5484e-01,8.6373e-03
3.0230e-01,3.3799e-01,2.6581e-01,4.6951e-02
3.1868e-01,3.2449e-01,2.5964e-01,4.8596e-02
2.8415e-01,3.2065e-01,3.8175e-01,6.7215e-03
2.3539e-01,2.3223e-01,2.5469e-01,1.3885e-01
2.7190e-01,2.4706e-01,4.2473e-01,2.8154e-02
2.7386e-01,3.0671e-01,3.9066e-01,1.4388e-02
2.4009e-01,2.4378e-01,3.6272e-01,7.6703e-02
2.6596e-01,4.3105e-01,2.7531e-01,1.3838e-02
3.2197e-01,2.9939e-01,2.5209e-01,6.3276e-02
3.6779e-01,2.5253e-01,3.4923e-01,1.5228e-02
3.9199e-01,2.6264e-01,3.3943e-01,2.9717e-03
3.3213e-01,3.1970e-01,3.3645e-01,5.8584e-03
3.0847e-01,3.1562e-01,2.3609e-01,6.9913e-02
2.6675e-01,3.1938e-01,3.8222e-01,1.5821e-02
3.5004e-01,3.1246e-01,2.8496e-01,2.6271e-02
3.6700e-01,2.7360e-01,2.9122e-01,3.4087e-02
2.6371e-01,2.4336e-01,3.7470e-01,5.9116e-02
3.2356e-01,3.4580e-01,3.1722e-01,6.7126e-03
3.5233e-01,2.6001e-01,3.0115e-01,4.3254e-02
2.7118e-01,2.5241e-01,3.3348e-01,7.1461e-02
3.3257e-01,3.7803e-01,2.8331e-01,3.0438e-03
2.7232e-01,3.4452e-01,2.6406e-01,5.9550e-02
3.2749e-01,3.5743e-01,2.5606e-01,2.9509e-02
2.6216e-01,2.6481e-01,4.4108e-01,1.5974e-02
3.7172e-01,2.9252e-01,2.4650e-01,4.4628e-02
4.2310e-01,2.8041e-01,2.8998e-01,3.2502e-03
2.8911e-01,2.8279e-01,3.3240e-01,4.7850e-02
3.0820e-01,3.2134e-01,3.4318e-01,1.3639e-02
2.6607e-01,2.5968e-01,2.4568e-01,1.1428e-01
2.8244e-01,3.8194e-01,2.6685e-01,3.4384e-02
3.6210e-01,3.3909e-01,2.8324e-01,7.7825e-03
2.4916e-01,3.4097e-01,2.5617e-01,7.6847e-02
3.6084e-01,2.4863e-01,2.7717e-01,5.6678e-02
3.8709e-01,2.8141e-01,2.6252e-01,3.4489e-02
3.4074e-01,3.0850e-01,2.8936e-01,3.0701e-02
2.5843e-01,4.1475e-01,2.8263e-01,2.2095e-02
2.7561e-01,2.7878e-01,3.2944e-01,5.8085e-02
2.8786e-01,2.7394e-01,3.3706e-01,5.0571e-02
2.5133e-01,2.7055e-01,3.2979e-01,7.4163e-02
3.7957e-01,2.4922e-01,3.4143e-01,1.4885e-02
2.2743e-01,2.7236e-01,2.8659e-01,1.0681e-01
2.1662e-01,2.3586e-01,2.7795e-01,1.3479e-01
2.4538e-01,2.5484e-01,2.5706e-01,1.2136e-01
3.1726e-01,3.1700e-01,3.5989e-01,2.9264e-03
3.4456e-01,3.9448e-01,2.5092e-01,5.0190e-03
2.4519e-01,2.3653e-01,3.4415e-01,8.7067e-02
3.0780e-01,2.8643e-01,3.9376e-01,6.0058e-03
2.6331e-01,2.5616e-01,4.4957e-01,1.5482e-02
3.1570e-01,3.0572e-01,3.4785e-01,1.5365e-02
2.6743e-01,3.5358e-01,3.7340e-01,2.7951e-03
3.7762e-01,3.5651e-01,2.6141e-01,2.2265e-03
3.8518e-01,2.6336e-01,3.0522e-01,2.3122e-02
3.5352e-01,2.8378e-01,2.5237e-01,5.5166e-02
3.1692e-01,2.4456e-01,2.8800e-01,7.5260e-02
2.8636e-01,3.9337e-01,3.0040e-01,9.9344e-03
2.6429e-01,2.7559e-01,3.6184e-01,4.9135e-02
2.6966e-01,3.8085e-01,2.3869e-01,5.5398e-02
2.6677e-01,2.7718e-01,3.8663e-01,3.4711e-02
2.3983e-01,2.8318e-01,2.6462e-01,1.0618e-01
3.0086e-01,2.6614e-01,4.0154e-01,1.5729e-02
2.9164e-01,2.9049e-01,3.3574e-01,4.1063e-02
4.6238e-01,2.5590e-01,2.7250e-01,4.6124e-03
2.6463e-01,4.7158e-01,2.5106e-01,6.3626e-03
2.8203e-01,2.7267e-01,2.6612e-01,8.9588e-02
3.8167e-01,2.4971e-01,2.8255e-01,4.3037e-02
2.9931e-01,2.8783e-01,3.5876e-01,2.7047e-02
2.2878e-01,2.2921e-01,3.3390e-01,1.0405e-01
2.4250e-01,2.3808e-01,3.1633e-01,1.0155e-01
3.1422e-01,2.4141e-01,3.0561e-01,6.9377e-02
3.8022e-01,2.8381e-01,3.1107e-01,1.2448e-02
2.9484e-01,2.3836e-01,3.4887e-01,5.8968e-02
2.4249e-01,3.2659e-01,3.3021e-01,5.0355e-02
3.0394e-01,2.4766e-01,3.9137e-01,2.8518e-02
3.3965e-01,2.7435e-01,3.3152e-01,2.7238e-02
3.0763e-01,2.4606e-01,3.1756e-01,6.4372e-02
3.6070e-01,2.5420e-01,2.7567e-01,5.4718e-02
3.0153e-01,3.2479e-01,3.0492e-01,3.4379e-02
3.1070e-01,2.8351e-01,3.5997e-01,2.2912e-02
2.4412e-01,2.5856e-01,3.2806e-01,8.4626e-02
3.5622e-01,3.1884e-01,2.7800e-01,2.3468e-02
2.4053e-01,3.2578e-01,2.6087e-01,8.6409e-02
3.2270e-01,3.3459e-01,2.4065e-01,5.1027e-02
2.8745e-01,2.4883e-01,4.3118e-01,1.6271e-02
3.1069e-01,2.5487e-01,3.7425e-01,3.0093e-02
2.8639e-01,2.5726e-01,3.4973e-01,5.3311e-02
2.6907e-01,2.7727e-01,2.8589e-01,8.3889e-02
2.7322e-01,3.7636e-01,3.4372e-01,3.3493e-03
3.4931e-01,2.8825e-01,3.1794e-01,2.2252e-02
2.6176e-01,3.8215e-01,2.9025e-01,3.2918e-02
2.1300e-01,2.1351e-01,2.1338e-01,1.8005e-01
2.3198e-01,2.7463e-01,3.1880e-01,8.7297e-02
3.9335e-01,2.6531e-01,3.1311e-01,1.4114e-02
2.8374e-01,3.5405e-01,3.4321e-01,9.4978e-03
2.3156e-01,2.3286e-01,3.2803e-01,1.0377e-01
3.6176e-01,2.4617e-01,2.8564e-01,5.3214e-02
2.4818e-01,2.8023e-01,3.2010e-01,7.5745e-02
3.1686e-01,2.6742e-01,2.7199e-01,7.1869e-02
3.6471e-01,2.8982e-01,2.7281e-01,3.6332e-02
3.2044e-01,2.4707e-01,2.8289e-01,7.4804e-02
2.7099e-01,2.9805e-01,2.9259e-01,6.9186e-02
3.7369e-01,3.0889e-01,2.5495e-01,3.1232e-02
2.8944e-01,2.8752e-01,2.8534e-01,6.8850e-02
3.2607e-01,2.8929e-01,2.8652e-01,4.9057e-02
2.3256e-01,2.2929e-01,2.6833e-01,1.3491e-01
2.2242e-01,2.9345e-01,2.5127e-01,1.1643e-01
3.2902e-01,2.6201e-01,3.2668e-01,4.1145e-02
2.8885e-01,3.1766e-01,3.0856e-01,4.2463e-02
2.8277e-01,2.5216e-01,2.5234e-01,1.0637e-01
2.5702e-01,3.4869e-01,2.8227e-01,5.6008e-02
2.7356e-01,3.6490e-01,3.0060e-01,3.0466e-02
2.8814e-01,2.9297e-01,4.1099e-01,3.9511e-03
2.5635e-01,2.2606e-01,2.3938e-01,1.3911e-01
2.8778e-01,2.7250e-01,2.6410e-01,8.7807e-02
3.0892e-01,2.7317e-01,3.7615e-01,2.0878e-02
3.2195e-01,3.2251e-01,2.3704e-01,5.9254e-02
2.5201e-01,3.1931e-01,2.9099e-01,6.8844e-02
2.5724e-01,4.6070e-01,2.7322e-01,4.4191e-03
3.6321e-01,3.2293e-01,2.9241e-01,1.0726e-02
3.3080e-01,2.8792e-01,3.0319e-01,3.9046e-02
2.3039e-01,2.2545e-01,3.3777e-01,1.0319e-01
3.4413e-01,2.7322e-01,3.2000e-01,3.1331e-02
2.7873e-01,4.5841e-01,2.5643e-01,3.2162e-03
2.5284e-01,4.5936e-01,2.7052e-01,8.6398e-03
2.8733e-01,2.4346e-01,3.3879e-01,6.5211e-02
3.1870e-01,2.8464e-01,3.8227e-01,7.1910e-03
3.3031e-01,2.6888e-01,2.9684e-01,5.1986e-02
2.1583e-01,2.5144e-01,2.3004e-01,1.5134e-01
2.6916e-01,3.3431e-01,3.7270e-01,1.1912e-02
3.0886e-01,2.7957e-01,3.5531e-01,2.8130e-02
2.6330e-01,3.9451e-01,2.7058e-01,3.5808e-02
3.5585e-01,2.4879e-01,3.6803e-01,1.3665e-02
3.4360e-01,2.8081e-01,2.4851e-01,6.3540e-02
2.5639e-01,2.4596e-01,3.8730e-01,5.5171e-02
2.5188e-01,2.6650e-01,4.6030e-01,1.0662e-02
2.8129e-01,2.5789e-01,3.8117e-01,3.9830e-02
3.2045e-01,3.6188e-01,2.9554e-01,1.1067e-02
2.6449e-01,2.4724e-01,2.5519e-01,1.1654e-01
2.7389e-01,2.8916e-01,2.3330e-01,1.0183e-01
2.7505e-01,3.2558e-01,2.8835e-01,5.5508e-02
2.8159e-01,3.4920e-01,2.7259e-01,4.8305e-02
3.6270e-01,2.9733e-01,2.6796e-01,3.6007e-02
2.9822e-01,2.3384e-01,2.2197e-01,1.2298e-01
3.6009e-01,2.6058e-01,3.5372e-01,1.2804e-02
3.2398e-01,2.7546e-01,2.5109e-01,7.4736e-02
3.3421e-01,2.8691e-01,2.8188e-01,4.8497e-02
2.3955e-01,2.4471e-01,4.0437e-01,5.5687e-02
3.8784e-01,2.5168e-01,2.9273e-01,3.3878e-02
2.2061e-01,2.4023e-01,2.7267e-01,1.3324e-01
2.4325e-01,3.4021e-01,2.9087e-01,6.2835e-02
2.8379e-01,2.3196e-01,2.6359e-01,1.1033e-01
3.1949e-01,3.0300e-01,2.4021e-01,6.8646e-02
2.9903e-01,2.2932e-01,3.0165e-01,8.5003e-02
2.7549e-01,2.4222e-01,3.5575e-01,6.3273e-02
3.2114e-01,2.3771e-01,2.6622e-01,8.7466e-02
2.5682e-01,2.7871e-01,2.7544e-01,9.4514e-02
2.5679e-01,3.0650e-01,3.6672e-01,3.4995e-02
3.0795e-01,3.2384e-01,3.4852e-01,9.8429e-03
2.9608e-01,2.6342e-01,2.9822e-01,7.1141e-02
2.7342e-01,2.7387e-01,2.3393e-01,1.0939e-01
2.6926e-01,3.4982e-01,3.4394e-01,1.8488e-02
3.9626e-01,3.2421e-01,2.6434e-01,7.5999e-03
2.7912e-01,3.2283e-01,3.0630e-01,4.5875e-02
3.4606e-01,3.2285e-01,3.2029e-01,5.4032e-03
3.2292e-01,3.2270e-01,2.9671e-01,2.8837e-02
2.7244e-01,3.9789e-01,3.0297e-01,1.3347e-02
2.9000e-01,2.6016e-01,2.2691e-01,1.1146e-01
2.0678e-01,2.0355e-01,2.1192e-01,1.8888e-01
2.6549e-01,3.6558e-01,2.3461e-01,6.7161e-02
3.7731e-01,2.5567e-01,3.6071e-01,3.1553e-03
2.7796e-01,3.6140e-01,2.8445e-01,3.8097e-02
2.5608e-01,2.8185e-01,2.3647e-01,1.1280e-01
3.9694e-01,2.6257e-01,3.0496e-01,1.7765e-02
3.7121e-01,3.1042e-01,2.8561e-01,1.6381e-02
2.3869e-01,3.0815e-01,2.8573e-01,8.3713e-02
2.8449e-01,3.1007e-01,3.9641e-01,4.5163e-03
2.7882e-01,3.0844e-01,2.3475e-01,8.8995e-02
3.5866e-01,3.1040e-01,3.2996e-01,4.9656e-04
4.2656e-01,2.6063e-01,2.8855e-01,1.2129e-02
2.9869e-01,3.1061e-01,3.8252e-01,4.0904e-03
2.4913e-01,2.3585e-01,3.1346e-01,1.0078e-01
2.9874e-01,2.2779e-01,2.2972e-01,1.2187e-01
3.2862e-01,2.7876e-01,2.4502e-01,7.3801e-02
3.0928e-01,2.5611e-01,3.6841e-01,3.3098e-02
3.6046e-01,2.3477e-01,2.6281e-01,7.0979e-02
4.0819e-01,3.1720e-01,2.6706e-01,3.7782e-03
2.7940e-01,2.5305e-01,4.3847e-01,1.4545e-02
2.8580e-01,2.7850e-01,2.3308e-01,1.0131e-01
4.1574e-01,3.2035e-01,2.5228e-01,5.8161e-03
2.9881e-01,3.2036e-01,3.5238e-01,1.4228e-02
3.0610e-01,3.6203e-01,2.9131e-01,2.0283e-02
2.6079e-01,3.3385e-01,3.2532e-01,4.0018e-02
2.5930e-01,3.5037e-01,3.0862e-01,4.0858e-02
3.0779e-01,4.0533e-01,2.7863e-01,4.1263e-03
3.1600e-01,2.3597e-01,2.4028e-01,1.0388e-01
3.1543e-01,3.3899e-01,3.2988e-01,7.8488e-03
2.5699e-01,2.5185e-01,4.6117e-01,1.4993e-02
2.9354e-01,4.0514e-01,2.9631e-01,2.5062e-03
2.5375e-01,3.9296e-01,2.4755e-01,5.2871e-02
3.5683e-01,2.8401e-01,3.3868e-01,1.0240e-02
2.3953e-01,3.7733e-01,2.9790e-01,4.2620e-02
2.3019e-01,2.3228e-01,2.1839e-01,1.5957e-01
2.7026e-01,3.4586e-01,2.9431e-01,4.4784e-02
2.7164e-01,2.8271e-01,4.1598e-01,1.4835e-02
3.2345e-01,2.7207e-01,3.1956e-01,4.2461e-02
4.1390e-01,2.9109e-01,2.5935e-01,1.7828e-02
2.5316e-01,2.8757e-01,2.8943e-01,8.4921e-02
2.5904e-01,2.1982e-01,2.3795e-01,1.4159e-01
3.4446e-01,2.9060e-01,2.5404e-01,5.5450e-02
2.6598e-01,2.7223e-01,3.4135e-01,6.0222e-02
2.3647e-01,3.1183e-01,2.3502e-01,1.0834e-01
2.8711e-01,3.6191e-01,2.5014e-01,5.0419e-02
3.1126e-01,3.7706e-01,2.5370e-01,2.8987e-02
2.5872e-01,3.5961e-01,3.1152e-01,3.5079e-02
2.3869e-01,2.7452e-01,2.6643e-01,1.1018e-01
2.5013e-01,3.8985e-01,2.6368e-01,4.8173e-02
3.4488e-01,2.4253e-01,3.4646e-01,3.3060e-02
2.7578e-01,2.5118e-01,3.9372e-01,3.9660e-02
3.2853e-01,2.6044e-01,3.2316e-01,4.3936e-02
3.2315e-01,3.8249e-01,2.4720e-01,2.3576e-02
3.7405e-01,2.9711e-01,2.7841e-01,2.5218e-02
3.0589e-01,4.0302e-01,2.5111e-01,1.9994e-02
3.2071e-01,2.6126e-01,3.6425e-01,2.6891e-02
2.5156e-01,3.7562e-01,2.5887e-01,5.6971e-02
3.0864e-01,2.9628e-01,2.8234e-01,5.6373e-02
3.1383e-01,2.3293e-01,2.8980e-01,8.1718e-02
2.7489e-01,3.3255e-01,2.3150e-01,8.0529e-02
2.7321e-01,3.7920e-01,3.0109e-01,2.3250e-02
2.3793e-01,2.3249e-01,2.4476e-01,1.4241e-01
2.6548e-01,2.5458e-01,4.4510e-01,1.7418e-02
2.9901e-01,2.6177e-01,4.1558e-01,1.1815e-02
2.5332e-01,4.0929e-01,2.6926e-01,3.4065e-02
3.0474e-01,3.7795e-01,2.7718e-01,2.0066e-02
4.0439e-01,2.9928e-01,2.8061e-01,7.8577e-03
2.5157e-01,3.8385e-01,2.5912e-01,5.2725e-02
2.7045e-01,3.7557e-01,2.3849e-01,5.7739e-02
3.8126e-01,2.5609e-01,3.0122e-01,3.0715e-02
2.9688e-01,2.3209e-01,2.3755e-01,1.1675e-01
2.3665e-01,3.7632e-01,2.4779e-01,6.9616e-02
3.5916e-01,3.3970e-01,2.4633e-01,2.7406e-02
3.4034e-01,2.6637e-01,2.7285e-01,6.0223e-02
2.3984e-01,2.2179e-01,2.6330e-01,1.3753e-01
2.5004e-01,4.5404e-01,2.7339e-01,1.1269e-02
2.6568e-01,2.5861e-01,4.5335e-01,1.1176e-02
3.2054e-01,2.9478e-01,3.7958e-01,2.5472e-03
4.1283e-01,2.4775e-01,3.0069e-01,1.9367e-02
3.2531e-01,2.8657e-01,3.1300e-01,3.7559e-02
2.7696e-01,2.8496e-01,3.5871e-01,3.9686e-02
2.9301e-01,2.9143e-01,3.1270e-01,5.1430e-02
2.3725e-01,2.3525e-01,2.7419e-01,1.2666e-01
2.5939e-01,3.3594e-01,3.5628e-01,2.4197e-02
3.5302e-01,3.2414e-01,2.5355e-01,3.4644e-02
2.2267e-01,2.4813e-01,2.3274e-01,1.4824e-01
2.9951e-01,3.1793e-01,3.8095e-01,8.0393e-04
3.3596e-01,2.6561e-01,2.4073e-01,7.8850e-02
3.0084e-01,4.0547e-01,2.5696e-01,1.8366e-02
2.7414e-01,3.5276e-01,3.0923e-01,3.1934e-02
2.8369e-01,2.6691e-01,3.3332e-01,5.8044e-02
2.3660e-01,2.6931e-01,2.2368e-01,1.3520e-01
2.5215e-01,4.0431e-01,3.1417e-01,1.4689e-02
2.5154e-01,2.4392e-01,3.1228e-01,9.6133e-02
2.9195e-01,3.7890e-01,2.8305e-01,2.3045e-02
2.4276e-01,2.8315e-01,3.6080e-01,5.6643e-02
3.0495e-01,3.3633e-01,2.5812e-01,5.0301e-02
2.7768e-01,3.3510e-01,2.6639e-01,6.0414e-02
3.0428e-01,3.8326e-01,3.0848e-01,1.9899e-03
3.0786e-01,3.0857e-01,3.2929e-01,2.7143e-02
3.6554e-01,2.3264e-01,2.5590e-01,7.2962e-02
3.9342e-01,2.4030e-01,2.4194e-01,6.2172e-02
2.3539e-01,3.5463e-01,2.6594e-01,7.2017e-02
3.0130e-01,2.7013e-01,3.9845e-01,1.5059e-02
2.1606e-01,2.3309e-01,2.4413e-01,1.5336e-01
2.9279e-01,3.3030e-01,3.1449e-01,3.1210e-02
2.9106e-01,3.2189e-01,3.3373e-01,2.6659e-02
3.3915e-01,2.6674e-01,3.5036e-01,2.1874e-02
3.8036e-01,2.6039e-01,3.5065e-01,4.3009e-03
3.0099e-01,3.5139e-01,3.3546e-01,6.0807e-03
3.4069e-01,2.3971e-01,2.9549e-01,6.2056e-02
4.7103e-01,2.5980e-01,2.6683e-01,1.1671e-03
2.4215e-01,2.5900e-01,3.9297e-01,5.2940e-02
4.4090e-01,2.9722e-01,2.5780e-01,2.0416e-03
2.7680e-01,3.5790e-01,3.2155e-01,2.1875e-02
3.3959e-01,3.5115e-01,2.9615e-01,6.5551e-03
2.9356e-01,4.2202e-01,2.5492e-01,1.4747e-02
2.2852e-01,3.5214e-01,2.2809e-01,9.5628e-02
2.5204e-01,2.6285e-01,3.5430e-01,6.5403e-02
3.3132e-01,2.4814e-01,2.3638e-01,9.2081e-02
3.5268e-01,3.4365e-01,2.5108e-01,2.6296e-02
2.6987e-01,2.5213e-01,2.9376e-01,9.2120e-02
3.1095e-01,2.8484e-01,3.6621e-01,1.9000e-02
4.0149e-01,2.3816e-01,2.5653e-01,5.1907e-02
2.7544e-01,2.9320e-01,3.8262e-01,2.4370e-02
2.6280e-01,3.4806e-01,3.0457e-01,4.2285e-02
3.7077e-01,2.9015e-01,2.6504e-01,3.7017e-02
3.6477e-01,3.5222e-01,2.5982e-01,1.1594e-02
2.7932e-01,2.5393e-01,3.0139e-01,8.2681e-02
2.5416e-01,4.1313e-01,2.9210e-01,2.0301e-02
3.0696e-01,2.3142e-01,2.5536e-01,1.0313e-01
2.6031e-01,2.5008e-01,3.6246e-01,6.3576e-02
2.8371e-01,2.8063e-01,3.9582e-01,1.9920e-02
4.5206e-01,2.5315e-01,2.8554e-01,4.6232e-03
3.9051e-01,2.4149e-01,2.8865e-01,3.9677e-02
2.5770e-01,2.8748e-01,3.7795e-01,3.8431e-02
2.4849e-01,2.8479e-01,3.6252e-01,5.2099e-02
2.4430e-01,2.9713e-01,4.0955e-01,2.4509e-02
3.3199e-01,2.4991e-01,2.5501e-01,8.1548e-02
2.5765e-01,3.3241e-01,3.9878e-01,5.5825e-03
4.1124e-01,2.5279e-01,2.6351e-01,3.6225e-02
2.6204e-01,3.4742e-01,3.6565e-01,1.2446e-02
3.3696e-01,3.4357e-01,2.9463e-01,1.2418e-02
2.6922e-01,2.7453e-01,3.0018e-01,7.8039e-02
2.8104e-01,3.2714e-01,3.5086e-01,2.0482e-02
3.6666e-01,2.7525e-01,3.2272e-01,1.7686e-02
4.2297e-01,2.6927e-01,2.5493e-01,2.6418e-02
2.9301e-01,2.8986e-01,2.3694e-01,9.0089e-02
2.3302e-01,2.1683e-01,2.1068e-01,1.6974e-01
2.9817e-01,4.1281e-01,2.7159e-01,8.7122e-03
2.3781e-01,3.6771e-01,2.7452e-01,5.9976e-02
3.1374e-01,2.2200e-01,2.2609e-01,1.1908e-01
3.3574e-01,2.8047e-01,2.8687e-01,4.8458e-02
2.4935e-01,2.5075e-01,3.9938e-01,5.0263e-02
2.8450e-01,3.2385e-01,2.9173e-01,4.9956e-02
2.1900e-01,2.6979e-01,2.3844e-01,1.3638e-01
2.7431e-01,3.1837e-01,3.3998e-01,3.3668e-02
2.3267e-01,2.3819e-01,3.2765e-01,1.0074e-01
3.4006e-01,3.9198e-01,2.6400e-01,1.9777e-03
3.2977e-01,3.5969e-01,2.6076e-01,2.4887e-02
2.4536e-01,2.4742e-01,2.5059e-01,1.2832e-01
3.4246e-01,3.0449e-01,3.0753e-01,2.2762e-02
2.6650e-01,3.3908e-01,2.9145e-01,5.1486e-02
3.7533e-01,2.5304e-01,3.3785e-01,1.6889e-02
3.5845e-01,2.8375e-01,2.3546e-01,6.1169e-02
3.1512e-01,2.5104e-01,2.6468e-01,8.4581e-02
3.2513e-01,2.9909e-01,3.2281e-01,2.6483e-02
3.0372e-01,3.2297e-01,3.1188e-01,3.0712e-02
3.1464e-01,3.8666e-01,2.7450e-01,1.2096e-02
4.7535e-01,2.6849e-01,2.5042e-01,2.8682e-03
3.3864e-01,2.3938e-01,2.3897e-01,9.1506e-02
2.7769e-01,3.4973e-01,3.4533e-01,1.3626e-02
2.8712e-01,4.1461e-01,2.9527e-01,1.4976e-03
2.7760e-01,4.1611e-01,2.9771e-01,4.2932e-03
3.2107e-01,3.0182e-01,2.9515e-01,4.0979e-02
3.8825e-01,2.7446e-01,3.1160e-01,1.2844e-02
2.5322e-01,2.5486e-01,4.6855e-01,1.1681e-02
3.0914e-01,3.5922e-01,2.7154e-01,3.0049e-02
2.5565e-01,3.0663e-01,3.4764e-01,4.5038e-02
2.6573e-01,3.0007e-01,2.3590e-01,9.9147e-02
2.3677e-01,3.5853e-01,2.4473e-01,7.9988e-02
2.4294e-01,2.7702e-01,4.1692e-01,3.1563e-02
2.4367e-01,3.3464e-01,3.0218e-01,5.9752e-02
3.0871e-01,2.6813e-01,2.7075e-01,7.6208e-02
3.5038e-01,2.8678e-01,2.9784e-01,3.2497e-02
2.5907e-01,4.0418e-01,2.8303e-01,2.6859e-02
2.8216e-01,3.4515e-01,3.3223e-01,2.0229e-02
3.4682e-01,2.5817e-01,3.4569e-01,2.4662e-02
3.6480e-01,3.1228e-01,2.9407e-01,1.4428e-02
2.6066e-01,3.0492e-01,3.9384e-01,2.0293e-02
3.2347e-01,2.6910e-01,3.4246e-01,3.2482e-02
4.7295e-01,2.4882e-01,2.5699e-01,1.0623e-02
3.4697e-01,2.6352e-01,2.8549e-01,5.2007e-02
3.0047e-01,2.8165e-01,3.6285e-01,2.7509e-02
3.1245e-01,2.3918e-01,2.7351e-01,8.7425e-02
2.7326e-01,2.4147e-01,2.4055e-01,1.2236e-01
2.9361e-01,2.4938e-01,3.6940e-01,4.3809e-02
3.0569e-01,2.6271e-01,2.2413e-01,1.0374e-01
2.6798e-01,3.0911e-01,3.9523e-01,1.3839e-02
3.5462e-01,2.3883e-01,2.8850e-01,5.9028e-02
2.2222e-01,2.1437e-01,2.5796e-01,1.5272e-01
2.6922e-01,2.6823e-01,4.4478e-01,8.8804e-03
2.5485e-01,3.3832e-01,3.6693e-01,1.9945e-02
2.5897e-01,2.7062e-01,2.3940e-01,1.1550e-01
2.8345e-01,2.5677e-01,4.5469e-01,2.5435e-03
3.4342e-01,3.1453e-01,2.3719e-01,5.2429e-02
2.8336e-01,2.4271e-01,2.6153e-01,1.0620e-01
2.8119e-01,3.0938e-01,3.0942e-01,5.0004e-02
2.5494e-01,3.8217e-01,2.9532e-01,3.3787e-02
3.7931e-01,2.7362e-01,3.0503e-01,2.1022e-02
3.1853e-01,2.7606e-01,3.0369e-01,5.0862e-02
2.5581e-01,3.7492e-01,3.2562e-01,2.1826e-02
2.8181e-01,3.7974e-01,2.6057e-01,3.8941e-02
3.0642e-01,2.4922e-01,3.4241e-01,5.0975e-02
2.4228e-01,3.2755e-01,3.0370e-01,6.3240e-02
3.5386e-01,2.8045e-01,2.5342e-01,5.6134e-02
2.9418e-01,2.8434e-01,3.2992e-01,4.5782e-02
2.5504e-01,2.9915e-01,3.5956e-01,4.3120e-02
2.8357e-01,3.9523e-01,2.8903e-01,1.6091e-02
2.9488e-01,2.4176e-01,3.7175e-01,4.5806e-02
2.4156e-01,2.7077e-01,3.9526e-01,4.6201e-02
2.8992e-01,3.6422e-01,2.8762e-01,2.9122e-02
2.4674e-01,2.8953e-01,3.9376e-01,3.4982e-02
3.1357e-01,2.9129e-01,3.1283e-01,4.1157e-02
2.2728e-01,2.2485e-01,2.1552e-01,1.6618e-01
2.5580e-01,3.2283e-01,3.7019e-01,2.5586e-02
2.3240e-01,2.7669e-01,3.3402e-01,7.8447e-02
3.5186e-01,3.5534e-01,2.5068e-01,2.1057e-02
4.1124e-01,3.1296e-01,2.7168e-01,2.0619e-03
2.9880e-01,2.8668e-01,4.0598e-01,4.2712e-03
2.7495e-01,2.8100e-01,2.7393e-01,8.5060e-02
2.7949e-01,2.5853e-01,3.9493e-01,3.3524e-02
2.8145e-01,3.2863e-01,2.3970e-01,7.5114e-02
2.9212e-01,2.4125e-01,3.4393e-01,6.1353e-02
2.6272e-01,3.8154e-01,2.5707e-01,4.9338e-02
2.3607e-01,2.9901e-01,2.5040e-01,1.0726e-01
3.1471e-01,3.0580e-01,2.7492e-01,5.2288e-02
2.8963e-01,3.0348e-01,2.9650e-01,5.5198e-02
4.1379e-01,2.5529e-01,2.4949e-01,4.0713e-02
2.6726e-01,2.8322e-01,3.0361e-01,7.2954e-02
2.9956e-01,2.6874e-01,3.7650e-01,2.7600e-02
2.5161e-01,4.7331e-01,2.5121e-01,1.1933e-02
2.5237e-01,3.9288e-01,2.9126e-01,3.1744e-02
2.7918e-01,4.3562e-01,2.6149e-01,1.1854e-02
2.4977e-01,3.0122e-01,2.9014e-01,7.9440e-02
3.0500e-01,4.0793e-01,2.4902e-01,1.9024e-02
3.4664e-01,2.9946e-01,2.6764e-01,4.3124e-02
2.5178e-01,2.5861e-01,3.7566e-01,5.6974e-02
3.1672e-01,2.7611e-01,4.0264e-01,2.2663e-03
3.0180e-01,2.6727e-01,2.3588e-01,9.7525e-02
2.5838e-01,2.8763e-01,3.1023e-01,7.1882e-02
3.8182e-01,2.9152e-01,2.3985e-01,4.3402e-02
2.3038e-01,2.6801e-01,2.9330e-01,1.0415e-01
2.3707e-01,2.7329e-01,2.7157e-01,1.0903e-01
2.2900e-01,2.4588e-01,2.9779e-01,1.1367e-01
3.6530e-01,3.3642e-01,2.6118e-01,1.8552e-02
2.6432e-01,4.1080e-01,2.9550e-01,1.4686e-02
3.5361e-01,3.1701e-01,3.1757e-01,5.9012e-03
3.4408e-01,2.7732e-01,3.6637e-01,6.1144e-03
3.6178e-01,3.2363e-01,2.6579e-01,2.4400e-02
3.4776e-01,3.2239e-01,2.9319e-01,1.8335e-02
3.3026e-01,4.1124e-01,2.5691e-01,7.9155e-04
3.4033e-01,2.6007e-01,3.6157e-01,1.9016e-02
4.0486e-01,2.7518e-01,2.5958e-01,3.0184e-02
3.3303e-01,3.1516e-01,2.8541e-01,3.3199e-02
2.9507e-01,2.9341e-01,3.9753e-01,6.9942e-03
2.4242e-01,3.6792e-01,2.8570e-01,5.1984e-02
2.7688e-01,2.7070e-01,2.5563e-01,9.8389e-02
2.5148e-01,2.9581e-01,3.6490e-01,4.3906e-02
2.3135e-01,2.1790e-01,2.3295e-01,1.5890e-01
2.8577e-01,2.9716e-01,3.7479e-01,2.1138e-02
3.2455e-01,3.4817e-01,2.9731e-01,1.4987e-02
2.6575e-01,2.1396e-01,2.2550e-01,1.4739e-01
2.4622e-01,3.1350e-01,2.4918e-01,9.5548e-02
2.5231e-01,3.2820e-01,2.4763e-01,8.5931e-02
2.1604e-01,2.1497e-01,2.4074e-01,1.6413e-01
2.9937e-01,2.5492e-01,2.7568e-01,8.5015e-02
2.4931e-01,3.7976e-01,3.4799e-01,1.1472e-02
3.1455e-01,3.0826e-01,2.5143e-01,6.2879e-02
2.8823e-01,2.9925e-01,3.9201e-01,1.0255e-02
3.6717e-01,2.8671e-01,2.9149e-01,2.7315e-02
3.7352e-01,2.5368e-01,2.8252e-01,4.5141e-02
2.6282e-01,3.3068e-01,2.8909e-01,5.8708e-02
2.4506e-01,3.3433e-01,3.7540e-01,2.2605e-02
2.8170e-01,2.6317e-01,3.0763e-01,7.3750e-02
2.5839e-01,3.3043e-01,2.5757e-01,7.6801e-02
2.8986e-01,2.6148e-01,4.0744e-01,2.0608e-02
3.8005e-01,3.0356e-01,2.5489e-01,3.0749e-02
2.6596e-01,3.4560e-01,2.3221e-01,7.8117e-02
2.4843e-01,3.6314e-01,3.0208e-01,4.3178e-02
2.9072e-01,2.3878e-01,2.7826e-01,9.6118e-02
3.5761e-01,2.4875e-01,2.5053e-01,7.1556e-02
2.4561e-01,3.7290e-01,3.4038e-01,2.0556e-02
2.9824e-01,2.8038e-01,3.2802e-01,4.6679e-02
3.1104e-01,3.1021e-01,2.8911e-01,4.4819e-02
2.4742e-01,4.6080e-01,2.4717e-01,2.2306e-02
3.1673e-01,2.8515e-01,3.4943e-01,2.4342e-02
3.5204e-01,3.4435e-01,2.8835e-01,7.6300e-03
2.1553e-01,2.2808e-01,2.7813e-01,1.3913e-01
2.6866e-01,4.2200e-01,2.8199e-01,1.3675e-02
2.6488e-01,2.5017e-01,3.7599e-01,5.4483e-02
3.0758e-01,2.8581e-01,3.8220e-01,1.2205e-02
2.4118e-01,2.8050e-01,2.6035e-01,1.0899e-01
3.9818e-01,3.0837e-01,2.8408e-01,4.6843e-03
2.8178e-01,2.6969e-01,3.0005e-01,7.4243e-02
2.5570e-01,2.6703e-01,3.2017e-01,7.8549e-02
2.6637e-01,4.1201e-01,2.6205e-01,2.9783e-02
2.7652e-01,3.2322e-01,3.5224e-01,2.4007e-02
2.4699e-01,3.5049e-01,3.0752e-01,4.7501e-02
2.8254e-01,3.6330e-01,2.5895e-01,4.7603e-02
3.8091e-01,2.8422e-01,3.2399e-01,5.4407e-03
2.3914e-01,3.0214e-01,2.4474e-01,1.0699e-01
2.9213e-01,2.6839e-01,2.2731e-01,1.0608e-01
2.9835e-01,2.3860e-01,2.9644e-01,8.3303e-02
3.4620e-01,3.5508e-01,2.9539e-01,1.6689e-03
2.6183e-01,2.3778e-01,3.9601e-01,5.2187e-02
3.7580e-01,3.2123e-01,3.0032e-01,1.3242e-03
3.0372e-01,2.6867e-01,2.9139e-01,6.8110e-02
3.1950e-01,2.8367e-01,3.4917e-01,2.3827e-02
2.9935e-01,2.5004e-01,2.8848e-01,8.1068e-02
2.5955e-01,3.8662e-01,3.3391e-01,9.9620e-03
2.3098e-01,2.6492e-01,2.9929e-01,1.0240e-01
3.2699e-01,2.7007e-01,3.5592e-01,2.3513e-02
3.3657e-01,2.9708e-01,3.0970e-01,2.8326e-02
3.1391e-01,3.8994e-01,2.8640e-01,4.8694e-03
2.6558e-01,2.5127e-01,2.9726e-01,9.2944e-02
3.0477e-01,2.9372e-01,2.9804e-01,5.1735e-02
3.5254e-01,2.5726e-01,2.3831e-01,7.5943e-02
4.0498e-01,2.6775e-01,2.9434e-01,1.6468e-02
3.3305e-01,2.7642e-01,2.8020e-01,5.5166e-02
3.0575e-01,2.7532e-01,3.8231e-01,1.8311e-02
3.8748e-01,2.5429e-01,2.4180e-01,5.8209e-02
3.2128e-01,3.0680e-01,2.8372e-01,4.4099e-02
2.7563e-01,2.3131e-01,2.6883e-01,1.1212e-01
3.4047e-01,3.0560e-01,2.9412e-01,2.9903e-02
2.8241e-01,2.5558e-01,4.3669e-01,1.2661e-02
3.6344e-01,3.3843e-01,2.8679e-01,5.6695e-03
2.4100e-01,3.5554e-01,2.7918e-01,6.2141e-02
3.6030e-01,3.0101e-01,2.4730e-01,4.5695e-02
3.1475e-01,2.9489e-01,2.9883e-01,4.5762e-02
2.2323e-01,2.6938e-01,2.8018e-01,1.1361e-01
3.2304e-01,2.4886e-01,3.1282e-01,5.7642e-02
2.4328e-01,3.7541e-01,3.2754e-01,2.6884e-02
2.7211e-01,3.6652e-01,3.3858e-01,1.1390e-02
3.0225e-01,3.5379e-01,3.3827e-01,2.8447e-03
2.7094e-01,3.5675e-01,3.4147e-01,1.5418e-02
2.3189e-01,2.5963e-01,3.1835e-01,9.5064e-02
2.4614e-01,4.0016e-01,2.9812e-01,2.7792e-02
2.7464e-01,2.4136e-01,4.1109e-01,3.6459e-02
2.3268e-01,2.6534e-01,3.3646e-01,8.2761e-02
4.7033e-01,2.5518e-01,2.6152e-01,6.4814e-03
3.3789e-01,3.5829e-01,2.8671e-01,8.5583e-03
2.2500e-01,2.4595e-01,3.2432e-01,1.0236e-01
2.6960e-01,2.7752e-01,2.4607e-01,1.0341e-01
3.4740e-01,3.1265e-01,2.5684e-01,4.1548e-02
3.1368e-01,3.2647e-01,3.0550e-01,2.7174e-02
2.9944e-01,2.4154e-01,2.2273e-01,1.1814e-01
2.6918e-01,3.8076e-01,2.4466e-01,5.2698e-02
2.4690e-01,3.4811e-01,3.4114e-01,3.1923e-02
4.2808e-01,2.7123e-01,2.6078e-01,1.9957e-02
3.9039e-01,2.5872e-01,3.2243e-01,1.4225e-02
3.0514e-01,3.7477e-01,2.9013e-01,1.4978e-02
3.3406e-01,2.4703e-01,3.8788e-01,1.5510e-02
2.5200e-01,3.5918e-01,3.2631e-01,3.1255e-02
3.0834e-01,3.4168e-01,2.5391e-01,4.8039e-02
2.5567e-01,3.6292e-01,2.9929e-01,4.1054e-02
2.7452e-01,2.9294e-01,3.3117e-01,5.0684e-02
2.4926e-01,2.6117e-01,3.3074e-01,7.9414e-02
3.4603e-01,2.5063e-01,2.4862e-01,7.7363e-02
2.5292e-01,3.5253e-01,2.8690e-01,5.3822e-02
2.5356e-01,3.6716e-01,2.4805e-01,6.5616e-02
2.8074e-01,2.8134e-01,4.3247e-01,2.7296e-03
4.3892e-01,2.7416e-01,2.6019e-01,1.3364e-02
2.8574e-01,2.5533e-01,3.6762e-01,4.5654e-02
2.9310e-01,3.5237e-01,2.9818e-01,2.8171e-02
3.4045e-01,2.8884e-01,3.1025e-01,3.0227e-02
3.2762e-01,2.7074e-01,3.0255e-01,4.9542e-02
2.3832e-01,2.3381e-01,3.6543e-01,8.1217e-02
4.3550e-01,2.5470e-01,2.4526e-01,3.2271e-02
2.3270e-01,2.4376e-01,3.7072e-01,7.6409e-02
2.5315e-01,3.8845e-01,2.7043e-01,4.3987e-02
3.3112e-01,2.4189e-01,2.7596e-01,7.5513e-02
2.5968e-01,3.4190e-01,3.1168e-01,4.3368e-02
2.6068e-01,2.6740e-01,3.7154e-01,5.0187e-02
3.6769e-01,2.6955e-01,3.2659e-01,1.8082e-02
2.4126e-01,2.9764e-01,3.7451e-01,4.3296e-02
3.6748e-01,3.4404e-01,2.5206e-01,1.8215e-02
2.6303e-01,3.2513e-01,3.4652e-01,3.2665e-02
2.6780e-01,2.5568e-01,3.9985e-01,3.8336e-02
2.8213e-01,2.7195e-01,2.4372e-01,1.0110e-01
3.0540e-01,3.0365e-01,3.8525e-01,2.8476e-03
3.9595e-01,2.5841e-01,3.2089e-01,1.2375e-02
2.7044e-01,3.5517e-01,3.2295e-01,2.5717e-02
2.5212e-01,2.4258e-01,3.2976e-01,8.7768e-02
3.4997e-01,2.7158e-01,2.6127e-01,5.8592e-02
2.3857e-01,2.5412e-01,2.9957e-01,1.0387e-01
3.3360e-01,2.4831e-01,3.5375e-01,3.2173e-02
2.9325e-01,2.6545e-01,3.1743e-01,6.1931e-02
2.6619e-01,3.2524e-01,3.0726e-01,5.0656e-02
2.6449e-01,3.3281e-01,3.0697e-01,4.7869e-02
2.4272e-01,3.1851e-01,3.7365e-01,3.2565e-02
2.5076e-01,2.9773e-01,2.4915e-01,1.0118e-01
2.6410e-01,2.5108e-01,4.0103e-01,4.1894e-02
2.1521e-01,2.1835e-01,2.3261e-01,1.6692e-01
2.6264e-01,3.9806e-01,2.6244e-01,3.8428e-02
3.0266e-01,3.9963e-01,2.4657e-01,2.5575e-02
2.7677e-01,2.7169e-01,3.4280e-01,5.4371e-02
2.9784e-01,2.7999e-01,2.5083e-01,8.5672e-02
3.7140e-01,2.6991e-01,2.5423e-01,5.2234e-02
2.8816e-01,2.6318e-01,4.1614e-01,1.6263e-02
2.3287e-01,2.8834e-01,3.3334e-01,7.2722e-02
3.1733e-01,2.9349e-01,3.4798e-01,2.0600e-02
3.5878e-01,2.5276e-01,3.3096e-01,2.8750e-02
3.8363e-01,2.8944e-01,2.9198e-01,1.7472e-02
4.0306e-01,3.0900e-01,2.5685e-01,1.5542e-02
2.4483e-01,2.2287e-01,2.1774e-01,1.5728e-01
3.6787e-01,2.6900e-01,3.0349e-01,2.9820e-02
4.0769e-01,2.5060e-01,3.2145e-01,1.0131e-02
3.2322e-01,2.7764e-01,3.4574e-01,2.6699e-02
3.2911e-01,3.2311e-01,3.4401e-01,1.8830e-03
3.4167e-01,2.3997e-01,2.9086e-01,6.3752e-02
2.5127e-01,3.3693e-01,3.9952e-01,6.1415e-03
2.9616e-01,2.5663e-01,3.7456e-01,3.6327e-02
3.5531e-01,3.0708e-01,2.4910e-01,4.4254e-02
2.7936e-01,3.4371e-01,3.4083e-01,1.8051e-02
2.9303e-01,2.7069e-01,2.5232e-01,9.1981e-02
2.6465e-01,2.8098e-01,3.8054e-01,3.6917e-02
2.6296e-01,3.2697e-01,3.9620e-01,6.9395e-03
2.6095e-01,4.4875e-01,2.8952e-01,3.8503e-04
3.3897e-01,3.1841e-01,3.3951e-01,1.5576e-03
2.4056e-01,2.6468e-01,2.6156e-01,1.1660e-01
2.6737e-01,3.1275e-01,3.0292e-01,5.8476e-02
3.4093e-01,2.8298e-01,2.7077e-01,5.2660e-02
2.9171e-01,4.2565e-01,2.7582e-01,3.4141e-03
2.8201e-01,3.2077e-01,2.9128e-01,5.2968e-02
2.2830e-01,2.4598e-01,2.5519e-01,1.3527e-01
2.5041e-01,2.4593e-01,4.2342e-01,4.0115e-02
3.0974e-01,2.7508e-01,3.9072e-01,1.2230e-02
3.7409e-01,2.7860e-01,3.0019e-01,2.3559e-02
3.4516e-01,3.0584e-01,2.6060e-01,4.4199e-02
3.2196e-01,2.9425e-01,2.7502e-01,5.4387e-02
3.1139e-01,2.5026e-01,3.4043e-01,4.8958e-02
2.2443e-01,2.6934e-01,2.2884e-01,1.3869e-01
3.2435e-01,3.4052e-01,2.6116e-01,3.6983e-02
3.0254e-01,3.4223e-01,3.4589e-01,4.6684e-03
2.5885e-01,2.4111e-01,2.3663e-01,1.3171e-01
2.2554e-01,2.7256e-01,2.7200e-01,1.1495e-01
3.0306e-01,3.0049e-01,2.4205e-01,7.7200e-02
2.9958e-01,2.6863e-01,4.0341e-01,1.4188e-02
3.0142e-01,3.7211e-01,3.0015e-01,1.3160e-02
2.8969e-01,2.4688e-01,3.1227e-01,7.5581e-02
3.7682e-01,2.6809e-01,2.3577e-01,5.9660e-02
2.5274e-01,3.4754e-01,2.8652e-01,5.6600e-02
3.4793e-01,3.1276e-01,2.9499e-01,2.2164e-02
2.6172e-01,2.2851e-01,2.3760e-01,1.3609e-01
2.4461e-01,3.1454e-01,2.9623e-01,7.2312e-02
2.8303e-01,2.6361e-01,4.3742e-01,7.9717e-03
3.0586e-01,4.0412e-01,2.5142e-01,1.9301e-02
2.6590e-01,3.6025e-01,2.7652e-01,4.8669e-02
3.0466e-01,3.9293e-01,2.9793e-01,2.2379e-03
2.6340e-01,3.6521e-01,2.8086e-01,4.5265e-02
2.5762e-01,3.9136e-01,3.4637e-01,2.3231e-03
2.7032e-01,3.6988e-01,3.0946e-01,2.5170e-02
3.4713e-01,3.6634e-01,2.5909e-01,1.3721e-02
2.9037e-01,2.8177e-01,4.1907e-01,4.3945e-03
3.0764e-01,3.3092e-01,3.5408e-01,3.6756e-03
2.9064e-01,2.8887e-01,4.0650e-01,6.9915e-03
2.9279e-01,2.6074e-01,3.5136e-01,4.7560e-02
2.1733e-01,2.4856e-01,2.2456e-01,1.5477e-01
3.2312e-01,3.5980e-01,3.0257e-01,7.2542e-03
2.3680e-01,2.8942e-01,2.4653e-01,1.1363e-01
2.5683e-01,3.1684e-01,3.0715e-01,5.9586e-02
2.4769e-01,3.1898e-01,3.6231e-01,3.5508e-02
3.4543e-01,2.9282e-01,3.4477e-01,8.4945e-03
3.7681e-01,3.3081e-01,2.7844e-01,6.9659e-03
2.4274e-01,3.3557e-01,3.3093e-01,4.5380e-02
3.5787e-01,2.3951e-01,3.1485e-01,4.3887e-02
3.0323e-01,2.7445e-01,3.5377e-01,3.4278e-02
2.5288e-01,4.2434e-01,3.1300e-01,4.8905e-03
3.7217e-01,3.5071e-01,2.7666e-01,2.2997e-04
2.8516e-01,3.3206e-01,2.3208e-01,7.5348e-02
2.4959e-01,3.3203e-01,3.1120e-01,5.3592e-02
3.0133e-01,2.8261e-01,2.3816e-01,8.8950e-02
2.5195e-01,3.3696e-01,3.6772e-01,2.1688e-02
2.9732e-01,3.9358e-01,3.0709e-01,1.0038e-03
2.6096e-01,2.8299e-01,4.1225e-01,2.1901e-02
3.6938e-01,3.5284e-01,2.4852e-01,1.4630e-02
2.8997e-01,4.2530e-01,2.8189e-01,1.4220e-03
2.8838e-01,3.4900e-01,3.4011e-01,1.1254e-02
3.5890e-01,2.6950e-01,2.7675e-01,4.7425e-02
3.0904e-01,2.6759e-01,3.5888e-01,3.2249e-02
2.4664e-01,2.6641e-01,3.2791e-01,7.9519e-02
3.0300e-01,3.9885e-01,2.4988e-01,2.4132e-02
2.5992e-01,3.1680e-01,4.0395e-01,9.6657e-03
3.0623e-01,2.3122e-01,2.8098e-01,9.0787e-02
2.4867e-01,4.4349e-01,2.6878e-01,1.9528e-02
3.0729e-01,2.4107e-01,3.1008e-01,7.0778e-02
3.0321e-01,3.0875e-01,3.5191e-01,1.8067e-02
4.4100e-01,2.5653e-01,2.5363e-01,2.4418e-02
2.6267e-01,3.0911e-01,3.8423e-01,2.1995e-02
3.3518e-01,3.3036e-01,2.4597e-01,4.4241e-02
2.1152e-01,2.1053e-01,2.5954e-01,1.5920e-01
2.4961e-01,3.7925e-01,2.8052e-01,4.5312e-02
2.8224e-01,2.8478e-01,4.1872e-01,7.1303e-03
2.3807e-01,3.7928e-01,2.4156e-01,7.0544e-02
2.4180e-01,3.4273e-01,2.7172e-01,7.1871e-02
2.6460e-01,2.9762e-01,2.5789e-01,8.9945e-02
3.6820e-01,2.5633e-01,2.3371e-01,7.0879e-02
2.5249e-01,2.6205e-01,4.3006e-01,2.7698e-02
3.0435e-01,2.5602e-01,3.0533e-01,6.7146e-02
2.4807e-01,4.4465e-01,2.8111e-01,1.3080e-02
2.6612e-01,3.4224e-01,3.7856e-01,6.5386e-03
3.3728e-01,2.4913e-01,2.6370e-01,7.4944e-02
3.3455e-01,3.6903e-01,2.6084e-01,1.7793e-02
3.0289e-01,2.5240e-01,2.5585e-01,9.4431e-02
2.6961e-01,2.9972e-01,4.2641e-01,2.1301e-03
2.5706e-01,2.5113e-01,3.2843e-01,8.1692e-02
2.7201e-01,2.6185e-01,3.8124e-01,4.2449e-02
2.4282e-01,4.1527e-01,2.7383e-01,3.4040e-02
3.0356e-01,3.4022e-01,2.9547e-01,3.0375e-02
2.6652e-01,4.3939e-01,2.8740e-01,3.3478e-03
2.8704e-01,2.8352e-01,2.5538e-01,8.7031e-02
3.2495e-01,2.4082e-01,2.8880e-01,7.2714e-02
3.7708e-01,2.8551e-01,3.2756e-01,4.9245e-03
2.6836e-01,2.6661e-01,4.3857e-01,1.3232e-02
2.8768e-01,3.2313e-01,2.9525e-01,4.6969e-02
3.9542e-01,3.1550e-01,2.7478e-01,7.1519e-03
2.9650e-01,2.5613e-01,3.3616e-01,5.5604e-02
3.1987e-01,3.1722e-01,2.8093e-01,4.0988e-02
4.0456e-01,2.9913e-01,2.7538e-01,1.0468e-02
2.3490e-01,3.5589e-01,2.8802e-01,6.0596e-02
3.9071e-01,2.6239e-01,2.5692e-01,4.4992e-02
3.1281e-01,3.2756e-01,2.4833e-01,5.5647e-02
2.5403e-01,3.8425e-01,2.4822e-01,5.6757e-02
2.7525e-01,2.2533e-01,2.5878e-01,1.2032e-01
3.3027e-01,4.0732e-01,2.6049e-01,9.6101e-04
3.2630e-01,2.5343e-01,2.6536e-01,7.7459e-02
2.2303e-01,2.6570e-01,2.2827e-01,1.4150e-01
2.4909e-01,2.7175e-01,3.8087e-01,4.9144e-02
3.8152e-01,2.5163e-01,3.1350e-01,2.6675e-02
2.4139e-01,3.1067e-01,3.0534e-01,7.1303e-02
3.6124e-01,3.1788e-01,3.0246e-01,9.2091e-03
3.6940e-01,3.4175e-01,2.5840e-01,1.5227e-02
2.6205e-01,2.6096e-01,4.3591e-01,2.0541e-02
2.9324e-01,2.9788e-01,3.0928e-01,4.9798e-02
2.6772e-01,3.4591e-01,3.4590e-01,2.0232e-02
2.9996e-01,3.4911e-01,2.9310e-01,2.8912e-02
3.5003e-01,3.8176e-01,2.6491e-01,1.6535e-03
3.0956e-01,3.3144e-01,2.6127e-01,4.8865e-02
2.1286e-01,2.3229e-01,2.1054e-01,1.7215e-01
2.2548e-01,2.4579e-01,2.4013e-01,1.4430e-01
2.8835e-01,3.6705e-01,2.8807e-01,2.8264e-02
4.0957e-01,2.4916e-01,2.3968e-01,5.0794e-02
3.9822e-01,2.5198e-01,3.2294e-01,1.3428e-02
2.6278e-01,4.6496e-01,2.5217e-01,1.0045e-02
2.4363e-01,3.0976e-01,2.4981e-01,9.8401e-02
2.4770e-01,3.1205e-01,2.8983e-01,7.5214e-02
2.8455e-01,4.2016e-01,2.6054e-01,1.7378e-02
2.9480e-01,2.9227e-01,3.2422e-01,4.4350e-02
3.1554e-01,2.5463e-01,2.7865e-01,7.5595e-02
2.3238e-01,2.6709e-01,3.3963e-01,8.0454e-02
2.6257e-01,4.1715e-01,2.9931e-01,1.0486e-02
3.5398e-01,3.3001e-01,2.6590e-01,2.5051e-02
2.8478e-01,2.5835e-01,3.4629e-01,5.5290e-02
3.7673e-01,2.4550e-01,2.6631e-01,5.5731e-02
2.9601e-01,3.5116e-01,2.4383e-01,5.4501e-02
2.7577e-01,2.4895e-01,2.2647e-01,1.2441e-01
3.9700e-01,2.5527e-01,3.4583e-01,9.5190e-04
2.5682e-01,2.6102e-01,2.8635e-01,9.7904e-02
3.7044e-01,2.5406e-01,3.3312e-01,2.1189e-02
3.6130e-01,2.6606e-01,3.7123e-01,7.0501e-04
3.7177e-01,2.5062e-01,3.4039e-01,1.8612e-02
2.8598e-01,2.4673e-01,3.4180e-01,6.2741e-02
2.4401e-01,2.3911e-01,2.1890e-01,1.4899e-01
3.0749e-01,3.5333e-01,3.1040e-01,1.4390e-02
2.9970e-01,3.6135e-01,3.0750e-01,1.5726e-02
2.3175e-01,3.7803e-01,2.4273e-01,7.3743e-02
3.0230e-01,3.3685e-01,3.3043e-01,1.5211e-02
2.5803e-01,2.3814e-01,2.7041e-01,1.1671e-01
3.2041e-01,3.6773e-01,2.4693e-01,3.2467e-02
2.9511e-01,2.6657e-01,4.1577e-01,1.1276e-02
4.0630e-01,2.7419e-01,2.6525e-01,2.7134e-02
2.5643e-01,2.2831e-01,2.9419e-01,1.1054e-01
3.1718e-01,2.8056e-01,2.8730e-01,5.7483e-02
3.0128e-01,2.7174e-01,3.6576e-01,3.0616e-02
2.5111e-01,3.3687e-01,2.3788e-01,8.7070e-02
2.2601e-01,2.7257e-01,3.0049e-01,1.0046e-01
2.5702e-01,3.6026e-01,3.6362e-01,9.5496e-03
2.4456e-01,2.5007e-01,4.0696e-01,4.9203e-02
2.3492e-01,2.3598e-01,4.0355e-01,6.2779e-02
2.4431e-01,2.6488e-01,3.6012e-01,6.5342e-02
2.9069e-01,3.9026e-01,2.9388e-01,1.2590e-02
3.4638e-01,2.5654e-01,2.6156e-01,6.7759e-02
2.9182e-01,2.9500e-01,4.0638e-01,3.4002e-03
3.0730e-01,3.3648e-01,2.9803e-01,2.9097e-02
2.2287e-01,2.3036e-01,2.5361e-01,1.4658e-01
2.6625e-01,3.1026e-01,3.9173e-01,1.5883e-02
3.6522e-01,3.4554e-01,2.7547e-01,6.8916e-03
2.6748e-01,2.9723e-01,4.3400e-01,6.4194e-04
2.7058e-01,2.7217e-01,3.4816e-01,5.4543e-02
2.4599e-01,2.3190e-01,3.6522e-01,7.8439e-02
2.9021e-01,3.8520e-01,2.4354e-01,4.0526e-02
3.4272e-01,3.0122e-01,2.8418e-01,3.5942e-02
2.8528e-01,3.1276e-01,3.0514e-01,4.8408e-02
3.2958e-01,3.3114e-01,2.6565e-01,3.6814e-02
2.5824e-01,4.0894e-01,2.8319e-01,2.4816e-02
2.6618e-01,3.7838e-01,2.4582e-01,5.4809e-02
3.1267e-01,2.7610e-01,3.4731e-01,3.1965e-02
2.8708e-01,3.2876e-01,2.5578e-01,6.4188e-02
2.5174e-01,2.7421e-01,2.6480e-01,1.0463e-01
2.4370e-01,3.3597e-01,3.2947e-01,4.5431e-02
3.9945e-01,2.4124e-01,2.6580e-01,4.6756e-02
2.7225e-01,2.5332e-01,3.5567e-01,5.9380e-02
2.4195e-01,3.4945e-01,3.3989e-01,3.4358e-02
2.9227e-01,3.3646e-01,2.9117e-01,4.0048e-02
3.2857e-01,3.1448e-01,3.0481e-01,2.6073e-02
2.9243e-01,4.1426e-01,2.7723e-01,8.0382e-03
3.7694e-01,2.8498e-01,2.8517e-01,2.6458e-02
2.2733e-01,2.7081e-01,3.1318e-01,9.4338e-02
2.2100e-01,3.0264e-01,2.3913e-01,1.1861e-01
3.5189e-01,3.0484e-01,2.7377e-01,3.4754e-02
3.0869e-01,2.5558e-01,3.4755e-01,4.4093e-02
2.5110e-01,3.6929e-01,2.4750e-01,6.6057e-02
2.6713e-01,3.0052e-01,3.9606e-01,1.8142e-02
4.5423e-01,2.4998e-01,2.5775e-01,1.9022e-02
3.7150e-01,3.1922e-01,3.0451e-01,2.3844e-03
2.8957e-01,2.9864e-01,3.4076e-01,3.5514e-02
3.2432e-01,2.5256e-01,4.0722e-01,7.9512e-03
2.8568e-01,3.1606e-01,3.4494e-01,2.6659e-02
3.1636e-01,2.4475e-01,2.7640e-01,8.1243e-02
3.1234e-01,3.1589e-01,3.1420e-01,2.8781e-02
3.2812e-01,3.4709e-01,2.7381e-01,2.5486e-02
2.6782e-01,3.0064e-01,3.9950e-01,1.6020e-02
2.8739e-01,2.4304e-01,3.8584e-01,4.1864e-02
2.7988e-01,2.8950e-01,4.2163e-01,4.4969e-03
2.7019e-01,2.9442e-01,3.4599e-01,4.4700e-02
3.9383e-01,2.4652e-01,3.0306e-01,2.8294e-02
2.5478e-01,3.9810e-01,3.3722e-01,4.9473e-03
2.2769e-01,2.2356e-01,3.3142e-01,1.0866e-01
2.9442e-01,3.2932e-01,2.6081e-01,5.7726e-02
2.9496e-01,4.2053e-01,2.5530e-01,1.4607e-02
3.4358e-01,2.4308e-01,3.5526e-01,2.9040e-02
3.0919e-01,2.8488e-01,2.3949e-01,8.3218e-02
2.6545e-01,2.7270e-01,2.7831e-01,9.1772e-02
2.4919e-01,2.8603e-01,2.5931e-01,1.0274e-01
3.3251e-01,3.0335e-01,3.6357e-01,2.8498e-04
3.0072e-01,2.5374e-01,3.4895e-01,4.8292e-02
3.0154e-01,2.4518e-01,2.4894e-01,1.0217e-01
3.8483e-01,2.4212e-01,2.7264e-01,5.0205e-02
2.4376e-01,2.9829e-01,2.7012e-01,9.3910e-02
2.8330e-01,3.5982e-01,2.9009e-01,3.3399e-02
2.6335e-01,2.7247e-01,2.8376e-01,9.0209e-02
3.1756e-01,3.1277e-01,2.7499e-01,4.7338e-02
3.3588e-01,2.3664e-01,2.2783e-01,9.9824e-02
3.1957e-01,3.3932e-01,2.9606e-01,2.2523e-02
2.9931e-01,2.4506e-01,2.2620e-01,1.1472e-01
4.3603e-01,2.4778e-01,2.6786e-01,2.4163e-02
2.4184e-01,2.8103e-01,2.2655e-01,1.2530e-01
2.5934e-01,3.8213e-01,2.8860e-01,3.4966e-02
3.3306e-01,2.3615e-01,2.8318e-01,7.3806e-02
2.5312e-01,2.4353e-01,4.3095e-01,3.6201e-02
2.4429e-01,2.7152e-01,2.6041e-01,1.1189e-01
3.7075e-01,2.8063e-01,3.2957e-01,9.5251e-03
2.3480e-01,2.6037e-01,3.0421e-01,1.0031e-01
2.3722e-01,3.0321e-01,3.2455e-01,6.7511e-02
2.7926e-01,4.0885e-01,2.5655e-01,2.7670e-02
2.5670e-01,2.6089e-01,2.7462e-01,1.0390e-01
2.2759e-01,2.6972e-01,2.9428e-01,1.0421e-01
3.2501e-01,2.5437e-01,2.9424e-01,6.3190e-02
2.5989e-01,2.9639e-01,4.1855e-01,1.2587e-02
3.3911e-01,2.5759e-01,3.0647e-01,4.8418e-02
3.8524e-01,2.9282e-01,2.8845e-01,1.6741e-02
2.5629e-01,3.6465e-01,3.6433e-01,7.3636e-03
3.4762e-01,3.5449e-01,2.9077e-01,3.5585e-03
3.0689e-01,4.0917e-01,2.4917e-01,1.7389e-02
3.4894e-01,2.7714e-01,3.2296e-01,2.5483e-02
2.8712e-01,3.8882e-01,2.6052e-01,3.1766e-02
2.9928e-01,2.4501e-01,2.8532e-01,8.5197e-02
3.3519e-01,2.8845e-01,3.4608e-01,1.5145e-02
2.4887e-01,2.8344e-01,3.8715e-01,4.0272e-02
2.3750e-01,2.8896e-01,2.9707e-01,8.8238e-02
4.7499e-01,2.6669e-01,2.5393e-01,2.1957e-03
2.4689e-01,2.4152e-01,3.2063e-01,9.5480e-02
2.7940e-01,2.3051e-01,2.7328e-01,1.0840e-01
2.6771e-01,3.1274e-01,2.5834e-01,8.0609e-02
2.8841e-01,4.4630e-01,2.5579e-01,4.7512e-03
2.6632e-01,2.3641e-01,2.3865e-01,1.2931e-01
2.5467e-01,2.9808e-01,2.7870e-01,8.4274e-02
2.8297e-01,2.7355e-01,2.7548e-01,8.4005e-02
3.7901e-01,3.3154e-01,2.5908e-01,1.5186e-02
3.8498e-01,2.6780e-01,2.6333e-01,4.1948e-02
2.9428e-01,2.6239e-01,2.4409e-01,9.9621e-02
2.6885e-01,3.9178e-01,3.3712e-01,1.1289e-03
2.9210e-01,4.1438e-01,2.5552e-01,1.9000e-02
2.8046e-01,3.9787e-01,2.8982e-01,1.5927e-02
2.6668e-01,2.8477e-01,2.5842e-01,9.5067e-02
2.2543e-01,2.3119e-01,2.2316e-01,1.6011e-01
2.7397e-01,3.3040e-01,2.5851e-01,6.8564e-02
2.6912e-01,3.5213e-01,2.3507e-01,7.1842e-02
3.3010e-01,3.1117e-01,3.4454e-01,7.0983e-03
3.2565e-01,3.1222e-01,3.2387e-01,1.9129e-02
2.8703e-01,3.9584e-01,2.8953e-01,1.3801e-02
3.1565e-01,2.4945e-01,3.4552e-01,4.4692e-02
3.0530e-01,2.6616e-01,2.4069e-01,9.3925e-02
2.4973e-01,2.5222e-01,4.5735e-01,2.0348e-02
2.6931e-01,3.8572e-01,2.4594e-01,4.9518e-02
2.7846e-01,4.3129e-01,2.7775e-01,6.2549e-03
3.1594e-01,3.3859e-01,2.9797e-01,2.3747e-02
2.9714e-01,2.5003e-01,4.2893e-01,1.1955e-02
2.4977e-01,3.8730e-01,2.5123e-01,5.5845e-02
3.1519e-01,2.6837e-01,2.8893e-01,6.3753e-02
2.6945e-01,4.0454e-01,3.2305e-01,1.4839e-03
3.0956e-01,2.8466e-01,3.7641e-01,1.4688e-02
2.7842e-01,3.4191e-01,2.6662e-01,5.6527e-02
2.9251e-01,3.5391e-01,3.4348e-01,5.0500e-03
2.5903e-01,4.1514e-01,2.9397e-01,1.5929e-02
2.7911e-01,3.1540e-01,3.4469e-01,3.0404e-02
3.5147e-01,3.2784e-01,2.8825e-01,1.6219e-02
2.4687e-01,3.0569e-01,2.4246e-01,1.0249e-01
3.6063e-01,2.9078e-01,3.0510e-01,2.1743e-02
3.4642e-01,3.5193e-01,2.6421e-01,1.8721e-02
2.7718e-01,3.2434e-01,3.6955e-01,1.4466e-02
2.9838e-01,3.6535e-01,2.8097e-01,2.7646e-02
3.9019e-01,3.4301e-01,2.5776e-01,4.5239e-03
3.7052e-01,3.2762e-01,2.6368e-01,1.9088e-02
4.2205e-01,2.9274e-01,2.4891e-01,1.8151e-02
2.5731e-01,4.1002e-01,2.7536e-01,2.8658e-02
3.9777e-01,2.6836e-01,2.9118e-01,2.1346e-02
3.9591e-01,2.4801e-01,3.3049e-01,1.2798e-02
3.3328e-01,2.6812e-01,3.3941e-01,2.9591e-02
2.6106e-01,3.5622e-01,3.5982e-01,1.1451e-02
2.1695e-01,2.5999e-01,2.4915e-01,1.3695e-01
2.7919e-01,3.8667e-01,2.5070e-01,4.1722e-02
3.9471e-01,3.0743e-01,2.7719e-01,1.0332e-02
2.4008e-01,3.6271e-01,2.7297e-01,6.2122e-02
2.7774e-01,2.5350e-01,2.4317e-01,1.1279e-01
3.4263e-01,2.9879e-01,2.8269e-01,3.7946e-02
3.0903e-01,3.2308e-01,3.5981e-01,4.0426e-03
2.8134e-01,3.0973e-01,2.3933e-01,8.4797e-02
3.9473e-01,2.5921e-01,3.1650e-01,1.4778e-02
3.0008e-01,2.6503e-01,4.2828e-01,3.3081e-03
2.6112e-01,2.3800e-01,3.3719e-01,8.1845e-02
2.8461e-01,2.3364e-01,2.4742e-01,1.1717e-01
2.8587e-01,2.9651e-01,3.2611e-01,4.5757e-02
2.7647e-01,2.9416e-01,3.0153e-01,6.3922e-02
2.4114e-01,2.2502e-01,2.6687e-01,1.3349e-01
2.5431e-01,3.0141e-01,2.9470e-01,7.4790e-02
2.4980e-01,3.8105e-01,3.4068e-01,1.4239e-02
2.7636e-01,2.6617e-01,4.3830e-01,9.5825e-03
2.8621e-01,2.9961e-01,4.1051e-01,1.8363e-03
2.8314e-01,2.6432e-01,3.3380e-01,5.9369e-02
2.7648e-01,3.3261e-01,3.3462e-01,2.8141e-02
2.6221e-01,2.9708e-01,3.7634e-01,3.2182e-02
2.8988e-01,3.9780e-01,2.6216e-01,2.5080e-02
2.3858e-01,3.5722e-01,2.7106e-01,6.6570e-02
2.5223e-01,3.9476e-01,2.6375e-01,4.4631e-02
3.4787e-01,3.2103e-01,3.1468e-01,8.2090e-03
2.5972e-01,3.0552e-01,3.8293e-01,2.5916e-02
2.4921e-01,3.1399e-01,2.3422e-01,1.0129e-01
3.2118e-01,3.8445e-01,2.6391e-01,1.5228e-02
2.6919e-01,2.7420e-01,3.2491e-01,6.5850e-02
2.6557e-01,3.0116e-01,4.2188e-01,5.7001e-03
2.9609e-01,2.5166e-01,3.0679e-01,7.2733e-02
3.9828e-01,3.0598e-01,2.4573e-01,2.5006e-02
2.7951e-01,3.2049e-01,3.4099e-01,2.9505e-02
2.3866e-01,4.0170e-01,2.6854e-01,4.5548e-02
2.3851e-01,2.7739e-01,2.6390e-01,1.1010e-01
2.4932e-01,2.8307e-01,3.9874e-01,3.4436e-02
2.7811e-01,4.4921e-01,2.4860e-01,1.2046e-02
3.1029e-01,2.7460e-01,3.4504e-01,3.5036e-02
2.4474e-01,2.5200e-01,2.1688e-01,1.4319e-01
3.0777e-01,3.8873e-01,2.6697e-01,1.8271e-02
4.3027e-01,3.1197e-01,2.4996e-01,3.9026e-03
2.3889e-01,3.0202e-01,2.3723e-01,1.1093e-01
3.0622e-01,3.3123e-01,3.2782e-01,1.7364e-02
2.8454e-01,3.0294e-01,4.0489e-01,3.8202e-03
2.8609e-01,2.6503e-01,3.1117e-01,6.8853e-02
3.0731e-01,2.6890e-01,3.5250e-01,3.5648e-02
2.8826e-01,4.1465e-01,2.6124e-01,1.7930e-02
2.9830e-01,3.2301e-01,2.3242e-01,7.3135e-02
3.6962e-01,2.8212e-01,3.3490e-01,6.6798e-03
3.3715e-01,3.4788e-01,2.8579e-01,1.4594e-02
2.7328e-01,3.7434e-01,3.4734e-01,2.5216e-03
3.1294e-01,3.7948e-01,2.8474e-01,1.1419e-02
