0.0000e+00,1.0000e+00,0.0000e+00
1.0000e-04,9.8780e-01,0.0000e+00
1.0000e-04,9.7550e-01,0.0000e+00
2.0000e-04,9.6330e-01,0.0000e+00
2.0000e-04,9.5110e-01,0.0000e+00
3.0000e-04,9.3890e-01,0.0000e+00
4.0000e-04,9.2660e-01,-1.0000e+00
4.0000e-04,9.1440e-01,-1.0000e+00
5.0000e-04,9.0220e-01,-2.0000e+00
5.0000e-04,8.9000e-01,0.0000e+00
6.0000e-04,8.7770e-01,-1.0000e+00
7.0000e-04,8.6550e-01,-1.0000e+00
7.0000e-04,8.5330e-01,-2.0000e+00
8.0000e-04,8.4100e-01,-2.0000e+00
9.0000e-04,8.2880e-01,0.0000e+00
9.0000e-04,8.1660e-01,-1.0000e+00
1.0000e-03,8.0440e-01,-1.0000e+00
1.0000e-03,7.9210e-01,-2.0000e+00
1.1000e-03,7.7990e-01,-2.0000e+00
1.2000e-03,7.6770e-01,-3.0000e+00
1.2000e-03,7.5540e-01,-1.0000e+00
1.3000e-03,7.4320e-01,-1.0000e+00
1.3000e-03,7.3100e-01,-2.0000e+00
1.4000e-03,7.1880e-01,-2.0000e+00
1.5000e-03,7.0660e-01,-1.0000e+00
1.5000e-03,6.9430e-01,0.0000e+00
1.6000e-03,6.8210e-01,0.0000e+00
1.6000e-03,6.6990e-01,-1.0000e+00
1.7000e-03,6.5760e-01,-3.0000e+00
1.8000e-03,6.4540e-01,-2.0000e+00
1.8000e-03,6.3320e-01,0.0000e+00
1.9000e-03,6.2100e-01,0.0000e+00
2.0000e-03,6.0870e-01,-1.0000e+00
2.0000e-03,5.9650e-01,0.0000e+00
2.1000e-03,5.8430e-01,-1.0000e+00
2.1000e-03,5.7200e-01,-3.0000e+00
2.2000e-03,5.5980e-01,0.0000e+00
2.2000e-03,5.4760e-01,0.0000e+00
2.3000e-03,5.3540e-01,0.0000e+00
2.4000e-03,5.2310e-01,-2.0000e+00
2.4000e-03,5.1090e-01,-1.0000e+00
2.5000e-03,4.9870e-01,0.0000e+00
2.6000e-03,4.8650e-01,0.0000e+00
2.6000e-03,4.7420e-01,0.0000e+00
2.7000e-03,4.6200e-01,-1.0000e+00
2.8000e-03,4.4980e-01,0.0000e+00
2.8000e-03,4.3750e-01,-2.0000e+00
2.9000e-03,4.2530e-01,0.0000e+00
2.9000e-03,4.1310e-01,-2.0000e+00
3.0000e-03,4.0090e-01,0.0000e+00
3.0000e-03,3.8860e-01,-1.0000e+00
3.1000e-03,3.7640e-01,-1.0000e+00
3.2000e-03,3.6420e-01,0.0000e+00
3.2000e-03,3.5190e-01,0.0000e+00
3.3000e-03,3.3970e-01,-1.0000e+00
3.4000e-03,3.2750e-01,-2.0000e+00
3.4000e-03,3.1530e-01,-1.0000e+00
3.5000e-03,3.0300e-01,-1.0000e+00
3.5000e-03,2.9080e-01,0.0000e+00
3.6000e-03,2.7860e-01,-1.0000e+00
3.7000e-03,2.6640e-01,0.0000e+00
3.7000e-03,2.5410e-01,-1.0000e+00
3.8000e-03,2.4190e-01,-1.0000e+00
3.8000e-03,2.2970e-01,0.0000e+00
3.9000e-03,2.1740e-01,-1.0000e+00
4.0000e-03,2.0520e-01,0.0000e+00
4.0000e-03,1.9300e-01,-2.0000e+00
4.1000e-03,1.8080e-01,-1.0000e+00
4.1000e-03,1.6850e-01,-1.0000e+00
4.2000e-03,1.5630e-01,0.0000e+00
4.3000e-03,1.4410e-01,0.0000e+00
4.3000e-03,1.3190e-01,-1.0000e+00
4.4000e-03,1.1960e-01,-1.0000e+00
4.5000e-03,1.0740e-01,-1.0000e+00
4.5000e-03,9.5200e-02,0.0000e+00
4.6000e-03,8.2900e-02,0.0000e+00
4.6000e-03,7.0700e-02,0.0000e+00
4.7000e-03,5.8500e-02,-1.0000e+00
4.8000e-03,4.6300e-02,0.0000e+00
4.8000e-03,3.4000e-02,0.0000e+00
4.9000e-03,2.1800e-02,-1.0000e+00
4.9000e-03,9.6000e-03,0.0000e+00
5.0000e-03,-2.6000e-03,0.0000e+00
5.1000e-03,-1.4900e-02,0.0000e+00
5.1000e-03,-2.7100e-02,0.0000e+00
5.2000e-03,-3.9300e-02,0.0000e+00
5.3000e-03,-5.1600e-02,0.0000e+00
5.3000e-03,-6.3800e-02,-1.0000e+00
5.4000e-03,-7.6000e-02,0.0000e+00
5.4000e-03,-8.8200e-02,0.0000e+00
5.5000e-03,-1.0050e-01,0.0000e+00
5.5000e-03,-1.1270e-01,0.0000e+00
5.6000e-03,-1.2490e-01,0.0000e+00
5.7000e-03,-1.3710e-01,0.0000e+00
5.7000e-03,-1.4940e-01,0.0000e+00
5.8000e-03,-1.6160e-01,0.0000e+00
5.9000e-03,-1.7380e-01,0.0000e+00
5.9000e-03,-1.8610e-01,0.0000e+00
6.0000e-03,-1.9830e-01,0.0000e+00
6.0000e-03,-2.1050e-01,0.0000e+00
6.1000e-03,-2.2270e-01,0.0000e+00
1.6920e-01,-5.9010e-01,-1.0000e+00
1.7620e-01,-6.5650e-01,-2.0000e+00
-6.5600e-02,-6.5800e-01,-2.0000e+00
-2.1080e-01,-7.1690e-01,-1.0000e+00
1.7540e-01,-5.4980e-01,-3.0000e+00
4.6800e-02,-5.3420e-01,-3.0000e+00
-5.1400e-02,-6.5010e-01,-3.0000e+00
5.2400e-02,-8.3080e-01,-1.0000e+00
-5.5200e-02,-4.2160e-01,-2.0000e+00
9.2000e-03,-8.2770e-01,0.0000e+00
2.3400e-01,-5.5160e-01,-1.0000e+00
-2.3300e-02,-5.5150e-01,0.0000e+00
4.2350e-01,-5.3430e-01,0.0000e+00
-1.1870e-01,-7.6250e-01,-2.0000e+00
6.8000e-03,-5.3120e-01,-3.0000e+00
2.3300e-02,-4.4990e-01,-3.0000e+00
-2.5100e-02,-4.0450e-01,-1.0000e+00
6.7300e-02,-6.1940e-01,0.0000e+00
1.6740e-01,-5.2070e-01,-3.0000e+00
9.1000e-03,-4.3730e-01,0.0000e+00
1.7540e-01,-5.3160e-01,-2.0000e+00
2.7100e-02,-6.5620e-01,-3.0000e+00
7.2100e-02,-6.0090e-01,-2.0000e+00
-5.9000e-03,-7.7370e-01,-2.0000e+00
1.4620e-01,-6.8390e-01,-3.0000e+00
-5.9600e-02,-6.6210e-01,-1.0000e+00
-8.8200e-02,-6.9400e-01,-2.0000e+00
-1.9000e-03,-6.2010e-01,0.0000e+00
-9.1800e-02,-3.9900e-01,-1.0000e+00
-5.6700e-02,-8.5850e-01,-1.0000e+00
-1.4990e-01,-5.1650e-01,-3.0000e+00
1.2570e-01,-7.6220e-01,-2.0000e+00
-2.1900e-01,-6.4760e-01,-2.0000e+00
-1.4320e-01,-5.0230e-01,-3.0000e+00
3.5800e-02,-7.2120e-01,-3.0000e+00
1.1970e-01,-4.7850e-01,-2.0000e+00
2.2100e-02,-5.4040e-01,0.0000e+00
-1.4990e-01,-4.0370e-01,-1.0000e+00
-4.2600e-02,-6.1110e-01,-1.0000e+00
-2.7300e-02,-5.2130e-01,-3.0000e+00
-9.9100e-02,-4.8490e-01,-2.0000e+00
4.7200e-02,-6.7620e-01,-1.0000e+00
-2.5070e-01,-5.3650e-01,-2.0000e+00
-6.5400e-02,-4.3740e-01,-2.0000e+00
-7.5800e-02,-6.1860e-01,0.0000e+00
-3.1190e-01,-5.0740e-01,0.0000e+00
-1.9510e-01,-7.7420e-01,-1.0000e+00
2.8740e-01,-5.4280e-01,0.0000e+00
-1.4170e-01,-5.3120e-01,-2.0000e+00
2.7290e-01,-3.9030e-01,0.0000e+00
4.4900e-02,-7.4630e-01,-3.0000e+00
7.0300e-02,-4.7070e-01,-1.0000e+00
-6.5300e-02,-9.0520e-01,0.0000e+00
2.3200e-02,-3.7980e-01,-2.0000e+00
-3.3910e-01,-5.3730e-01,-1.0000e+00
1.4400e-01,-5.7370e-01,-3.0000e+00
2.6130e-01,-6.7480e-01,-2.0000e+00
2.8800e-02,-7.3180e-01,-3.0000e+00
1.4890e-01,-7.6570e-01,-1.0000e+00
-8.0800e-02,-5.2690e-01,-2.0000e+00
-1.9820e-01,-4.5560e-01,-2.0000e+00
8.1000e-02,-3.3520e-01,0.0000e+00
-1.3090e-01,-6.4230e-01,-1.0000e+00
1.6100e-01,-5.3870e-01,-3.0000e+00
1.4220e-01,-4.7920e-01,-2.0000e+00
4.0430e-01,-4.7950e-01,0.0000e+00
-1.6670e-01,-6.9650e-01,-2.0000e+00
2.9890e-01,-6.0170e-01,-1.0000e+00
3.3700e-02,-4.0030e-01,-1.0000e+00
-9.2000e-03,-7.9960e-01,-2.0000e+00
2.4760e-01,-5.4950e-01,-2.0000e+00
-2.1700e-02,-6.9560e-01,-2.0000e+00
3.3040e-01,-5.1630e-01,-1.0000e+00
1.0920e-01,-4.4010e-01,-2.0000e+00
-6.1400e-02,-6.3670e-01,-3.0000e+00
3.1180e-01,-5.2820e-01,-2.0000e+00
-3.3000e-02,-7.8000e-01,-2.0000e+00
8.7000e-02,-6.1580e-01,0.0000e+00
1.5500e-02,-7.2020e-01,-2.0000e+00
1.6210e-01,-6.3530e-01,-1.0000e+00
2.7300e-02,-4.2800e-01,-3.0000e+00
1.1640e-01,-6.1890e-01,-1.0000e+00
-1.6210e-01,-4.8700e-01,-2.0000e+00
1.1680e-01,-5.5190e-01,-1.0000e+00
-2.7050e-01,-5.6670e-01,-2.0000e+00
-2.4100e-02,-5.6940e-01,0.0000e+00
1.2440e-01,-4.5300e-01,-3.0000e+00
-8.8500e-02,-6.1920e-01,-1.0000e+00
-2.4600e-02,-4.8410e-01,0.0000e+00
-9.9600e-02,-6.3790e-01,-3.0000e+00
-1.2810e-01,-5.9090e-01,-3.0000e+00
-2.1990e-01,-5.9750e-01,0.0000e+00
-2.1600e-02,-6.3710e-01,-2.0000e+00
3.6370e-01,-4.9130e-01,-1.0000e+00
6.4900e-02,-6.0750e-01,-2.0000e+00
2.2430e-01,-6.6300e-01,-2.0000e+00
8.8800e-02,-4.6410e-01,0.0000e+00
6.3200e-02,-8.1600e-01,-2.0000e+00
9.3600e-02,-6.3310e-01,-3.0000e+00
7.3500e-02,-3.9990e-01,0.0000e+00
2.9050e-01,-7.4050e-01,0.0000e+00
1.2260e-01,-6.4230e-01,-3.0000e+00
-8.9000e-02,-5.8230e-01,-1.0000e+00
-8.3500e-02,-8.5370e-01,-1.0000e+00
-1.4150e-01,-5.0800e-01,-2.0000e+00
-6.3000e-02,-4.6540e-01,-1.0000e+00
5.6200e-02,-5.3380e-01,-3.0000e+00
1.8280e-01,-5.5030e-01,-3.0000e+00
-4.8900e-02,-7.7460e-01,-1.0000e+00
2.8140e-01,-6.8890e-01,-1.0000e+00
-2.6000e-03,-6.5260e-01,-2.0000e+00
2.6000e-02,-5.6740e-01,-2.0000e+00
-3.6200e-01,-5.4130e-01,-1.0000e+00
2.7380e-01,-5.6690e-01,0.0000e+00
2.8620e-01,-5.5790e-01,-1.0000e+00
-1.6080e-01,-5.3940e-01,-2.0000e+00
-2.8110e-01,-4.9820e-01,0.0000e+00
-1.9390e-01,-6.2600e-01,-1.0000e+00
-8.5900e-02,-4.4480e-01,0.0000e+00
3.7200e-02,-5.0490e-01,-2.0000e+00
-1.5250e-01,-7.8400e-01,0.0000e+00
-4.6300e-02,-3.9430e-01,-2.0000e+00
-8.7500e-02,-4.7390e-01,-2.0000e+00
-2.6700e-02,-5.4760e-01,0.0000e+00
-4.7400e-02,-5.0180e-01,0.0000e+00
-7.9400e-02,-5.0800e-01,-2.0000e+00
-6.9900e-02,-5.0680e-01,0.0000e+00
-1.8480e-01,-6.2390e-01,-2.0000e+00
2.7160e-01,-5.1410e-01,-1.0000e+00
-2.2760e-01,-6.9290e-01,-2.0000e+00
9.2000e-03,-4.4530e-01,-1.0000e+00
-1.4560e-01,-5.9660e-01,-2.0000e+00
-1.7850e-01,-5.7130e-01,-2.0000e+00
-8.5800e-02,-5.7400e-01,-3.0000e+00
7.0000e-03,-7.5710e-01,-2.0000e+00
-1.0850e-01,-4.7510e-01,-2.0000e+00
-7.0900e-02,-3.4510e-01,-1.0000e+00
3.2760e-01,-4.8060e-01,0.0000e+00
2.2420e-01,-5.0400e-01,-2.0000e+00
1.2950e-01,-7.8210e-01,-2.0000e+00
1.4100e-02,-4.6400e-01,0.0000e+00
-1.7190e-01,-5.0690e-01,-2.0000e+00
1.2360e-01,-5.2760e-01,-3.0000e+00
-2.0520e-01,-5.4780e-01,-2.0000e+00
4.6500e-02,-5.2670e-01,-2.0000e+00
-1.5340e-01,-7.7850e-01,0.0000e+00
1.3450e-01,-6.4310e-01,-2.0000e+00
-1.0720e-01,-5.9880e-01,-2.0000e+00
1.6120e-01,-8.1960e-01,-1.0000e+00
2.1050e-01,-5.9770e-01,-1.0000e+00
-1.0100e-02,-7.0010e-01,-3.0000e+00
1.7000e-03,-6.6950e-01,-3.0000e+00
1.0710e-01,-7.5520e-01,0.0000e+00
8.6000e-03,-4.4690e-01,-2.0000e+00
-1.1600e-02,-7.1320e-01,-2.0000e+00
-9.8600e-02,-6.9580e-01,-3.0000e+00
1.7300e-02,-4.1140e-01,0.0000e+00
-1.5570e-01,-7.1520e-01,-2.0000e+00
-2.2490e-01,-6.9720e-01,-2.0000e+00
-8.7600e-02,-5.0070e-01,-1.0000e+00
1.7890e-01,-5.1800e-01,-2.0000e+00
1.2520e-01,-6.3290e-01,-3.0000e+00
-2.5060e-01,-4.5460e-01,0.0000e+00
3.7000e-03,-4.7320e-01,0.0000e+00
-8.0400e-02,-8.4360e-01,-2.0000e+00
-1.6900e-02,-3.6080e-01,-1.0000e+00
9.6400e-02,-6.3050e-01,-3.0000e+00
3.3510e-01,-5.0630e-01,-1.0000e+00
1.2300e-02,-9.1020e-01,0.0000e+00
-1.0160e-01,-5.8890e-01,-2.0000e+00
1.7130e-01,-5.6310e-01,-2.0000e+00
1.5680e-01,-4.2860e-01,-2.0000e+00
-1.1620e-01,-5.6120e-01,-2.0000e+00
2.3050e-01,-6.2780e-01,-3.0000e+00
-2.9000e-03,-8.8930e-01,-1.0000e+00
5.1400e-02,-5.2150e-01,-2.0000e+00
-1.0960e-01,-6.9220e-01,-2.0000e+00
9.2600e-02,-7.6260e-01,-2.0000e+00
-1.4960e-01,-4.0240e-01,-1.0000e+00
-3.5590e-01,-6.5740e-01,0.0000e+00
-2.5140e-01,-6.0400e-01,-1.0000e+00
3.6800e-02,-5.4190e-01,-3.0000e+00
3.4600e-02,-5.0470e-01,-3.0000e+00
-9.0800e-02,-7.3240e-01,-1.0000e+00
-2.8520e-01,-7.3740e-01,0.0000e+00
1.3550e-01,-4.3810e-01,-2.0000e+00
-4.4400e-02,-4.7240e-01,-1.0000e+00
-1.1600e-01,-8.6480e-01,-1.0000e+00
3.9210e-01,-6.4330e-01,0.0000e+00
-7.7700e-02,-4.4250e-01,-1.0000e+00
-1.7510e-01,-6.9850e-01,-3.0000e+00
-1.4400e-02,-8.8310e-01,-1.0000e+00
5.9000e-03,-8.0650e-01,-3.0000e+00
2.2210e-01,-5.2170e-01,-2.0000e+00
4.0800e-02,-4.4380e-01,-3.0000e+00
1.1100e-01,-7.5200e-01,-1.0000e+00
-3.1820e-01,-4.7420e-01,-1.0000e+00
1.1650e-01,-6.0700e-01,-3.0000e+00
1.1430e-01,-3.5530e-01,0.0000e+00
-2.2200e-02,-3.7020e-01,-1.0000e+00
4.0100e-02,-5.3070e-01,-1.0000e+00
4.8700e-02,-8.4440e-01,-1.0000e+00
1.8370e-01,-4.7780e-01,-3.0000e+00
3.2670e-01,-4.2720e-01,0.0000e+00
-1.9480e-01,-5.6650e-01,-2.0000e+00
7.9300e-02,-9.7600e-01,0.0000e+00
4.6100e-02,-4.7290e-01,-3.0000e+00
6.7000e-03,-5.7760e-01,-3.0000e+00
-1.9600e-02,-3.4120e-01,0.0000e+00
-1.5100e-02,-6.1830e-01,-2.0000e+00
-4.6000e-03,-9.4040e-01,0.0000e+00
-9.0300e-02,-5.1890e-01,-2.0000e+00
-3.0200e-02,-5.2230e-01,-2.0000e+00
6.5400e-02,-5.9650e-01,-2.0000e+00
9.4700e-02,-4.8490e-01,-1.0000e+00
2.1440e-01,-4.6510e-01,-3.0000e+00
2.2300e-02,-4.4160e-01,-3.0000e+00
-3.4000e-03,-5.5420e-01,-2.0000e+00
2.0410e-01,-6.2850e-01,-1.0000e+00
1.2890e-01,-6.3740e-01,-2.0000e+00
3.4840e-01,-5.0640e-01,0.0000e+00
2.8760e-01,-7.2290e-01,0.0000e+00
-3.0050e-01,-6.6460e-01,0.0000e+00
-3.1050e-01,-6.3220e-01,0.0000e+00
-3.8110e-01,-5.2020e-01,0.0000e+00
6.7500e-02,-6.0430e-01,-3.0000e+00
-1.1870e-01,-7.7990e-01,0.0000e+00
4.4400e-02,-3.9920e-01,-2.0000e+00
9.1400e-02,-7.3370e-01,-2.0000e+00
9.6400e-02,-5.5990e-01,-3.0000e+00
-1.6530e-01,-7.3020e-01,-2.0000e+00
1.3240e-01,-4.9090e-01,-3.0000e+00
2.0820e-01,-5.1110e-01,-3.0000e+00
4.5200e-02,-7.3870e-01,-3.0000e+00
5.4600e-02,-3.9280e-01,0.0000e+00
2.8880e-01,-5.3620e-01,-2.0000e+00
4.6700e-02,-4.7070e-01,-1.0000e+00
1.8200e-01,-4.6350e-01,-3.0000e+00
-8.5900e-02,-3.9790e-01,-1.0000e+00
-1.0700e-01,-8.0240e-01,0.0000e+00
-4.2290e-01,-5.5850e-01,0.0000e+00
-6.8700e-02,-6.6740e-01,-3.0000e+00
-1.1630e-01,-6.3720e-01,-3.0000e+00
2.1700e-01,-6.7100e-01,-1.0000e+00
4.8400e-02,-3.5200e-01,-2.0000e+00
3.3450e-01,-4.9410e-01,0.0000e+00
2.5760e-01,-6.3380e-01,-2.0000e+00
2.6900e-01,-4.3860e-01,-1.0000e+00
2.8100e-02,-8.9710e-01,-1.0000e+00
-1.3930e-01,-5.6950e-01,-3.0000e+00
-2.8400e-02,-5.1850e-01,-1.0000e+00
-1.0020e-01,-5.5220e-01,0.0000e+00
1.9300e-02,-6.6980e-01,-2.0000e+00
-1.4510e-01,-5.9710e-01,-1.0000e+00
2.5460e-01,-6.5920e-01,-2.0000e+00
-1.2820e-01,-6.3410e-01,-3.0000e+00
-1.5050e-01,-5.4420e-01,-2.0000e+00
2.4490e-01,-4.5530e-01,-2.0000e+00
-3.7000e-03,-7.2410e-01,-3.0000e+00
-9.8500e-02,-5.0630e-01,-3.0000e+00
1.4120e-01,-4.6200e-01,-3.0000e+00
-9.5000e-02,-7.9590e-01,-1.0000e+00
-9.3000e-03,-6.6860e-01,-2.0000e+00
-1.4250e-01,-7.2590e-01,-3.0000e+00
3.8990e-01,-5.4370e-01,-1.0000e+00
-2.5590e-01,-5.7360e-01,-1.0000e+00
-2.7120e-01,-5.8940e-01,0.0000e+00
1.0120e-01,-5.4990e-01,-3.0000e+00
8.4100e-02,-6.6550e-01,-3.0000e+00
-3.5400e-02,-4.3460e-01,-3.0000e+00
-2.4700e-02,-7.7280e-01,-3.0000e+00
-1.5730e-01,-7.0890e-01,-2.0000e+00
2.2600e-02,-6.4380e-01,-3.0000e+00
-1.6760e-01,-4.6880e-01,-2.0000e+00
-2.5410e-01,-5.6030e-01,-2.0000e+00
-9.9200e-02,-6.2130e-01,-3.0000e+00
5.9500e-02,-8.5440e-01,-1.0000e+00
1.2330e-01,-5.3110e-01,-3.0000e+00
1.1380e-01,-5.2840e-01,-3.0000e+00
1.7510e-01,-4.9770e-01,-3.0000e+00
-6.9800e-02,-5.1190e-01,-1.0000e+00
1.3320e-01,-4.6880e-01,-1.0000e+00
1.3750e-01,-3.6370e-01,0.0000e+00
3.2400e-02,-4.1730e-01,-2.0000e+00
1.0060e-01,-6.6710e-01,-1.0000e+00
-1.8940e-01,-8.2870e-01,0.0000e+00
2.1870e-01,-4.1290e-01,-1.0000e+00
1.9280e-01,-5.9940e-01,-1.0000e+00
4.0550e-01,-5.2600e-01,0.0000e+00
7.8300e-02,-6.3080e-01,-3.0000e+00
2.3430e-01,-7.4450e-01,-1.0000e+00
-2.3650e-01,-7.5120e-01,-1.0000e+00
-1.5890e-01,-5.3350e-01,-2.0000e+00
-2.0510e-01,-5.4460e-01,-3.0000e+00
-5.2100e-02,-4.4170e-01,-3.0000e+00
3.8700e-02,-8.2140e-01,-2.0000e+00
2.1630e-01,-5.3330e-01,-3.0000e+00
-5.7900e-02,-7.4950e-01,-1.0000e+00
2.6390e-01,-5.5110e-01,-3.0000e+00
6.0200e-02,-4.9230e-01,-3.0000e+00
2.2400e-01,-5.4680e-01,-1.0000e+00
1.0300e-01,-5.7290e-01,-3.0000e+00
-3.9110e-01,-5.3630e-01,0.0000e+00
-2.0900e-02,-9.9020e-01,0.0000e+00
-2.5400e-02,-4.8670e-01,-3.0000e+00
-1.9990e-01,-4.8480e-01,-1.0000e+00
1.3600e-01,-5.8130e-01,-1.0000e+00
2.3130e-01,-3.8040e-01,-1.0000e+00
1.6500e-01,-4.0170e-01,-1.0000e+00
-8.8000e-03,-4.4090e-01,-3.0000e+00
-1.3600e-01,-5.8740e-01,-2.0000e+00
1.2430e-01,-4.4480e-01,-1.0000e+00
1.9460e-01,-6.3990e-01,-1.0000e+00
1.9590e-01,-4.9500e-01,-1.0000e+00
-7.0000e-03,-5.5260e-01,-3.0000e+00
3.0600e-02,-4.5570e-01,-3.0000e+00
-1.7050e-01,-4.8260e-01,-3.0000e+00
1.6400e-02,-6.5210e-01,-3.0000e+00
1.1460e-01,-5.7630e-01,-3.0000e+00
1.8660e-01,-4.6190e-01,-2.0000e+00
-1.5610e-01,-6.5040e-01,-3.0000e+00
5.0700e-02,-6.0210e-01,-2.0000e+00
-1.6530e-01,-6.5610e-01,-2.0000e+00
3.1550e-01,-5.0970e-01,0.0000e+00
1.4510e-01,-5.0860e-01,-1.0000e+00
1.4390e-01,-4.9040e-01,-3.0000e+00
4.4100e-02,-5.0210e-01,-3.0000e+00
1.5880e-01,-7.9200e-01,-1.0000e+00
-5.6300e-02,-5.8700e-01,-3.0000e+00
6.8800e-02,-7.7470e-01,-3.0000e+00
7.3000e-03,-2.7120e-01,0.0000e+00
1.9240e-01,-4.9310e-01,-1.0000e+00
-1.5920e-01,-5.4670e-01,-2.0000e+00
1.3560e-01,-7.3880e-01,-3.0000e+00
2.1290e-01,-3.8840e-01,-1.0000e+00
-1.5140e-01,-4.6710e-01,-2.0000e+00
1.6100e-01,-5.1650e-01,-3.0000e+00
-8.6100e-02,-4.9330e-01,-3.0000e+00
-1.8500e-01,-5.7620e-01,-3.0000e+00
-7.0400e-02,-4.4740e-01,-3.0000e+00
5.4400e-02,-5.6080e-01,-3.0000e+00
-2.4200e-01,-6.2160e-01,-2.0000e+00
1.0000e-04,-5.3880e-01,-3.0000e+00
-7.4500e-02,-5.6240e-01,-3.0000e+00
8.3400e-02,-3.4970e-01,-1.0000e+00
6.8300e-02,-5.0380e-01,-1.0000e+00
5.0000e-03,-5.1270e-01,-3.0000e+00
5.0900e-02,-6.2890e-01,-3.0000e+00
-5.6300e-02,-4.2660e-01,-1.0000e+00
6.1700e-02,-6.8090e-01,-3.0000e+00
6.6000e-02,-7.4070e-01,-3.0000e+00
2.7100e-01,-6.1530e-01,-1.0000e+00
-2.8400e-02,-3.3870e-01,-1.0000e+00
-4.1800e-02,-4.8810e-01,-3.0000e+00
1.5290e-01,-5.5650e-01,-3.0000e+00
-1.7140e-01,-6.2240e-01,-1.0000e+00
9.0900e-02,-6.0600e-01,-1.0000e+00
4.2000e-02,-9.6920e-01,0.0000e+00
-1.4000e-01,-6.7180e-01,-3.0000e+00
-4.8800e-02,-5.6950e-01,-3.0000e+00
2.3620e-01,-3.7330e-01,-1.0000e+00
-4.1000e-02,-5.4610e-01,-3.0000e+00
-3.9100e-02,-9.6550e-01,0.0000e+00
4.5400e-02,-9.6210e-01,0.0000e+00
1.1860e-01,-4.4940e-01,-2.0000e+00
1.4540e-01,-5.9440e-01,0.0000e+00
-6.1400e-02,-5.1630e-01,-3.0000e+00
3.6900e-02,-3.8010e-01,0.0000e+00
2.2920e-01,-6.9460e-01,-2.0000e+00
1.0850e-01,-5.6280e-01,-3.0000e+00
2.3600e-02,-7.9790e-01,-2.0000e+00
3.6900e-02,-5.1220e-01,0.0000e+00
-1.9250e-01,-5.3000e-01,-3.0000e+00
2.8720e-01,-4.6470e-01,-2.0000e+00
4.5250e-01,-5.5260e-01,0.0000e+00
2.2170e-01,-5.0530e-01,-3.0000e+00
-4.3400e-02,-7.5380e-01,-3.0000e+00
-1.1800e-02,-4.0600e-01,-3.0000e+00
-7.8300e-02,-5.0930e-01,-2.0000e+00
3.6800e-02,-6.3260e-01,-3.0000e+00
-1.0600e-02,-6.8970e-01,-3.0000e+00
-1.9110e-01,-5.9240e-01,-3.0000e+00
-1.5360e-01,-3.7130e-01,-1.0000e+00
-2.6000e-03,-5.3800e-01,-1.0000e+00
-1.4570e-01,-5.0750e-01,-3.0000e+00
-1.0150e-01,-5.5790e-01,-3.0000e+00
3.5910e-01,-4.6150e-01,0.0000e+00
-1.9120e-01,-4.9810e-01,-1.0000e+00
1.1780e-01,-3.7450e-01,0.0000e+00
1.0900e-01,-6.5620e-01,-2.0000e+00
-3.4500e-02,-3.8000e-01,-1.0000e+00
-1.5950e-01,-5.7170e-01,-2.0000e+00
1.4700e-02,-3.9970e-01,0.0000e+00
1.7970e-01,-4.4870e-01,-2.0000e+00
-1.0740e-01,-4.1500e-01,-2.0000e+00
4.7600e-02,-4.9460e-01,-3.0000e+00
2.4250e-01,-6.1280e-01,-3.0000e+00
9.6000e-02,-6.7460e-01,-3.0000e+00
1.3600e-02,-4.8560e-01,-3.0000e+00
-7.5900e-02,-4.6950e-01,-1.0000e+00
1.6760e-01,-7.2080e-01,-3.0000e+00
-2.6950e-01,-6.7760e-01,-1.0000e+00
6.6500e-02,-6.3640e-01,-3.0000e+00
-4.4500e-02,-6.7690e-01,-1.0000e+00
-4.6100e-02,-6.5320e-01,-3.0000e+00
7.3500e-02,-8.2750e-01,-1.0000e+00
-1.2580e-01,-4.3840e-01,-1.0000e+00
1.7300e-02,-2.4140e-01,0.0000e+00
-5.7800e-02,-7.0540e-01,0.0000e+00
-2.3900e-02,-5.3730e-01,0.0000e+00
2.2300e-02,-7.2570e-01,-3.0000e+00
-3.4100e-02,-4.8290e-01,-2.0000e+00
-1.8420e-01,-5.3720e-01,-1.0000e+00
-1.7140e-01,-6.3970e-01,-1.0000e+00
1.0770e-01,-5.6760e-01,-1.0000e+00
2.4750e-01,-6.5080e-01,0.0000e+00
-8.5500e-02,-5.6290e-01,-2.0000e+00
-5.0300e-02,-6.5550e-01,0.0000e+00
-2.8150e-01,-5.3870e-01,0.0000e+00
1.8800e-01,-6.5240e-01,-1.0000e+00
1.4490e-01,-3.9770e-01,0.0000e+00
-1.3820e-01,-3.5960e-01,0.0000e+00
-1.6840e-01,-5.1540e-01,-2.0000e+00
1.3560e-01,-5.0820e-01,-2.0000e+00
-1.9740e-01,-4.2530e-01,0.0000e+00
-2.8870e-01,-6.6660e-01,0.0000e+00
3.4800e-01,-5.2030e-01,0.0000e+00
-1.0380e-01,-4.8730e-01,-1.0000e+00
-3.3620e-01,-6.7120e-01,0.0000e+00
1.2350e-01,-6.6280e-01,-3.0000e+00
-2.2200e-02,-7.4480e-01,-3.0000e+00
1.4570e-01,-6.6560e-01,-1.0000e+00
1.1320e-01,-6.9960e-01,-2.0000e+00
-5.2900e-02,-8.5250e-01,0.0000e+00
-1.5200e-01,-3.9490e-01,-1.0000e+00
4.0500e-02,-7.0860e-01,-2.0000e+00
4.4360e-01,-5.1730e-01,0.0000e+00
1.4900e-02,-8.5370e-01,-1.0000e+00
-5.5000e-03,-7.7760e-01,-1.0000e+00
-2.7800e-02,-5.9000e-01,-2.0000e+00
1.3190e-01,-7.5480e-01,0.0000e+00
-1.8200e-02,-3.3140e-01,0.0000e+00
5.9600e-02,-6.8620e-01,-3.0000e+00
3.1630e-01,-5.8270e-01,-1.0000e+00
1.6000e-03,-5.3260e-01,-3.0000e+00
-3.1720e-01,-5.9740e-01,-1.0000e+00
8.5100e-02,-5.2290e-01,-3.0000e+00
-3.7100e-02,-3.2300e-01,0.0000e+00
-1.8250e-01,-5.5870e-01,-3.0000e+00
1.6900e-01,-5.1520e-01,-3.0000e+00
4.1000e-03,-5.5070e-01,0.0000e+00
-7.0100e-02,-7.1440e-01,-2.0000e+00
-1.1330e-01,-7.6790e-01,-1.0000e+00
1.2060e-01,-7.2490e-01,-3.0000e+00
6.6500e-02,-4.7000e-01,0.0000e+00
3.6500e-02,-7.7570e-01,0.0000e+00
1.3900e-02,-4.7960e-01,0.0000e+00
2.6010e-01,-4.9130e-01,-1.0000e+00
-1.4000e-03,-5.0650e-01,-2.0000e+00
-1.5220e-01,-7.8480e-01,0.0000e+00
-1.9270e-01,-6.0270e-01,-3.0000e+00
-1.0760e-01,-8.3170e-01,-1.0000e+00
1.0270e-01,-5.2530e-01,-2.0000e+00
2.3300e-02,-7.3680e-01,-1.0000e+00
-4.6700e-02,-5.6980e-01,-3.0000e+00
-4.1700e-02,-4.1060e-01,-1.0000e+00
-8.4200e-02,-6.2230e-01,0.0000e+00
6.7800e-02,-7.7820e-01,-3.0000e+00
2.1800e-02,-3.4900e-01,-1.0000e+00
3.9140e-01,-5.2070e-01,0.0000e+00
2.5790e-01,-5.4150e-01,-1.0000e+00
4.1800e-02,-8.3090e-01,0.0000e+00
-4.9500e-02,-7.7870e-01,-3.0000e+00
-2.5180e-01,-6.2470e-01,-1.0000e+00
2.3800e-02,-7.5850e-01,-1.0000e+00
-6.0000e-02,-7.3600e-01,0.0000e+00
-1.5920e-01,-5.1060e-01,-2.0000e+00
-1.1760e-01,-3.7380e-01,0.0000e+00
3.1000e-02,-7.2570e-01,0.0000e+00
-2.2980e-01,-6.9050e-01,-1.0000e+00
-1.3370e-01,-5.0280e-01,-2.0000e+00
5.7400e-02,-3.3130e-01,-1.0000e+00
5.7500e-02,-9.4820e-01,0.0000e+00
4.0860e-01,-5.3540e-01,0.0000e+00
1.3580e-01,-6.2050e-01,0.0000e+00
-2.2670e-01,-5.0430e-01,0.0000e+00
-1.6300e-02,-5.6810e-01,-3.0000e+00
1.8290e-01,-5.6260e-01,-3.0000e+00
5.1000e-02,-5.6450e-01,-3.0000e+00
8.6100e-02,-3.7060e-01,-2.0000e+00
2.1470e-01,-6.8580e-01,-2.0000e+00
-2.0150e-01,-6.5040e-01,-2.0000e+00
2.8300e-02,-3.7620e-01,-1.0000e+00
1.8290e-01,-6.7120e-01,0.0000e+00
-1.9300e-01,-4.8250e-01,-1.0000e+00
-8.4500e-02,-8.3850e-01,-1.0000e+00
8.3200e-02,-7.1360e-01,-2.0000e+00
1.1460e-01,-5.0610e-01,-3.0000e+00
-2.0400e-02,-4.3400e-01,0.0000e+00
1.4010e-01,-8.3980e-01,0.0000e+00
1.3730e-01,-4.1940e-01,-2.0000e+00
-1.0100e-02,-7.7770e-01,-2.0000e+00
2.5930e-01,-5.4180e-01,-1.0000e+00
-9.0600e-02,-6.6050e-01,-1.0000e+00
-1.5600e-02,-6.4780e-01,-3.0000e+00
1.8200e-02,-8.0800e-01,0.0000e+00
5.5100e-02,-6.2500e-01,-3.0000e+00
-2.2280e-01,-4.1880e-01,0.0000e+00
-3.1130e-01,-4.4570e-01,0.0000e+00
7.2400e-02,-6.7750e-01,-1.0000e+00
2.1650e-01,-5.5590e-01,-2.0000e+00
6.6500e-02,-3.3930e-01,0.0000e+00
5.5200e-02,-6.6690e-01,-2.0000e+00
9.9900e-02,-6.5370e-01,-2.0000e+00
3.4300e-02,-5.4190e-01,-3.0000e+00
-5.1800e-02,-5.4610e-01,0.0000e+00
8.2800e-02,-7.3660e-01,-2.0000e+00
-8.6100e-02,-4.4460e-01,-1.0000e+00
-4.2140e-01,-5.4800e-01,0.0000e+00
3.2930e-01,-4.9450e-01,0.0000e+00
-3.7730e-01,-6.2610e-01,0.0000e+00
1.0390e-01,-7.3450e-01,-1.0000e+00
-8.2300e-02,-7.3560e-01,-2.0000e+00
-7.3500e-02,-8.7710e-01,0.0000e+00
6.1000e-03,-6.4860e-01,0.0000e+00
2.2590e-01,-4.9020e-01,-3.0000e+00
-1.9250e-01,-4.3240e-01,-1.0000e+00
-2.0610e-01,-7.0000e-01,-2.0000e+00
5.9200e-02,-4.4080e-01,-2.0000e+00
1.2740e-01,-5.8300e-01,-3.0000e+00
-2.9710e-01,-4.5150e-01,0.0000e+00
2.3710e-01,-5.9530e-01,-3.0000e+00
9.7200e-02,-6.9330e-01,-2.0000e+00
-2.1430e-01,-5.7620e-01,-2.0000e+00
-2.1280e-01,-7.3280e-01,0.0000e+00
5.5600e-02,-4.5400e-01,-2.0000e+00
8.8700e-02,-8.5280e-01,0.0000e+00
-1.0080e-01,-3.8600e-01,0.0000e+00
2.2600e-01,-4.6500e-01,-2.0000e+00
2.4790e-01,-5.7320e-01,0.0000e+00
-3.4160e-01,-5.3050e-01,0.0000e+00
-2.0550e-01,-4.7080e-01,0.0000e+00
2.6450e-01,-5.6920e-01,-2.0000e+00
2.5100e-01,-5.4980e-01,-2.0000e+00
3.6010e-01,-6.0350e-01,0.0000e+00
-1.5420e-01,-4.4670e-01,-2.0000e+00
3.0910e-01,-6.9690e-01,0.0000e+00
-3.0270e-01,-4.9810e-01,-1.0000e+00
2.2910e-01,-7.2180e-01,-1.0000e+00
-8.0100e-02,-7.1370e-01,-3.0000e+00
7.4300e-02,-5.0220e-01,-3.0000e+00
1.5760e-01,-6.7090e-01,-2.0000e+00
-8.2600e-02,-5.6410e-01,-2.0000e+00
-3.4570e-01,-5.4270e-01,0.0000e+00
-1.1070e-01,-5.2250e-01,-2.0000e+00
-4.0600e-02,-2.8860e-01,0.0000e+00
-4.7600e-02,-8.6370e-01,-1.0000e+00
8.5600e-02,-7.1710e-01,-1.0000e+00
-1.7750e-01,-3.5020e-01,0.0000e+00
-9.4100e-02,-5.4430e-01,-3.0000e+00
3.2780e-01,-4.7970e-01,-1.0000e+00
2.4100e-02,-6.3450e-01,-3.0000e+00
4.8200e-02,-4.3380e-01,0.0000e+00
1.4850e-01,-6.3920e-01,-3.0000e+00
2.0980e-01,-4.0270e-01,-2.0000e+00
-1.5200e-01,-8.2640e-01,-1.0000e+00
-1.3720e-01,-7.3530e-01,-3.0000e+00
1.8600e-02,-3.9460e-01,-2.0000e+00
-6.4100e-02,-6.2080e-01,-3.0000e+00
6.1400e-02,-6.6510e-01,-3.0000e+00
-6.8600e-02,-5.1800e-01,-1.0000e+00
-2.5160e-01,-5.3860e-01,0.0000e+00
-9.8000e-02,-4.4600e-01,-2.0000e+00
5.0000e-03,-6.0570e-01,-2.0000e+00
2.6700e-02,-6.5190e-01,-3.0000e+00
-7.6100e-02,-8.0510e-01,-2.0000e+00
-4.6550e-01,-5.6460e-01,0.0000e+00
-2.0240e-01,-4.1450e-01,-1.0000e+00
1.5280e-01,-7.2550e-01,-2.0000e+00
2.6100e-02,-8.7470e-01,-1.0000e+00
5.1400e-02,-8.7510e-01,-1.0000e+00
-4.5500e-02,-5.9690e-01,-3.0000e+00
-1.5180e-01,-5.6730e-01,-1.0000e+00
4.6730e-01,-5.2700e-01,0.0000e+00
-7.0800e-02,-7.2910e-01,-3.0000e+00
2.0410e-01,-6.0300e-01,-2.0000e+00
-5.5600e-02,-5.3500e-01,-2.0000e+00
2.4200e-02,-6.7770e-01,-1.0000e+00
3.7870e-01,-5.5390e-01,0.0000e+00
1.3230e-01,-6.4750e-01,-2.0000e+00
-7.1600e-02,-4.9050e-01,-3.0000e+00
-1.0140e-01,-5.7360e-01,-3.0000e+00
5.9000e-02,-8.2730e-01,-2.0000e+00
1.1550e-01,-7.0920e-01,-2.0000e+00
8.2000e-03,-5.2100e-01,-2.0000e+00
-1.3980e-01,-6.4560e-01,-3.0000e+00
2.9220e-01,-6.2420e-01,-2.0000e+00
5.0400e-02,-5.3630e-01,-3.0000e+00
-4.4650e-01,-5.1530e-01,0.0000e+00
-1.2060e-01,-5.0500e-01,-3.0000e+00
1.4230e-01,-5.6780e-01,0.0000e+00
-7.3600e-02,-4.1810e-01,-2.0000e+00
-6.1500e-02,-3.8800e-01,-2.0000e+00
1.7070e-01,-4.8330e-01,-2.0000e+00
-1.6470e-01,-4.5150e-01,0.0000e+00
2.7980e-01,-6.3950e-01,-1.0000e+00
-1.3030e-01,-4.4580e-01,-1.0000e+00
8.3100e-02,-3.0040e-01,0.0000e+00
3.8290e-01,-5.5810e-01,-1.0000e+00
2.4700e-01,-6.9510e-01,-1.0000e+00
-3.3900e-02,-4.5650e-01,-2.0000e+00
3.7410e-01,-5.4020e-01,0.0000e+00
-2.1630e-01,-6.1230e-01,0.0000e+00
-3.7900e-02,-4.0680e-01,-2.0000e+00
6.8800e-02,-6.0390e-01,-3.0000e+00
9.4000e-02,-7.7390e-01,-2.0000e+00
-1.4700e-01,-5.5730e-01,-3.0000e+00
-2.2000e-02,-5.3260e-01,-3.0000e+00
1.5680e-01,-7.7050e-01,-1.0000e+00
-3.6700e-02,-7.6360e-01,-2.0000e+00
8.6200e-02,-4.7580e-01,-2.0000e+00
1.3850e-01,-6.2900e-01,-2.0000e+00
-2.0360e-01,-5.3660e-01,-2.0000e+00
8.5300e-02,-5.5520e-01,-3.0000e+00
2.3080e-01,-5.8910e-01,-3.0000e+00
2.0300e-02,-8.1920e-01,-2.0000e+00
1.7310e-01,-4.6520e-01,-1.0000e+00
3.3540e-01,-5.2610e-01,-1.0000e+00
3.9000e-03,-7.4060e-01,-3.0000e+00
3.2130e-01,-5.7700e-01,-1.0000e+00
8.0000e-03,-5.7450e-01,-3.0000e+00
-1.8200e-02,-3.0910e-01,0.0000e+00
2.5190e-01,-6.5670e-01,0.0000e+00
2.2400e-01,-5.0630e-01,-1.0000e+00
-2.0520e-01,-7.2990e-01,-2.0000e+00
-2.8530e-01,-6.5940e-01,0.0000e+00
2.3790e-01,-6.0160e-01,0.0000e+00
6.2000e-03,-5.0890e-01,-3.0000e+00
2.5490e-01,-5.1290e-01,-2.0000e+00
-8.0500e-02,-6.1940e-01,-2.0000e+00
1.1950e-01,-4.4860e-01,-1.0000e+00
-4.1000e-03,-7.5700e-01,-1.0000e+00
3.7800e-02,-5.2470e-01,0.0000e+00
-7.5300e-02,-5.9400e-01,-3.0000e+00
2.3500e-02,-5.8620e-01,-3.0000e+00
-3.3800e-01,-4.9890e-01,-1.0000e+00
8.5700e-02,-5.2560e-01,-2.0000e+00
1.7340e-01,-5.4040e-01,-3.0000e+00
6.8000e-03,-9.8830e-01,0.0000e+00
9.0700e-02,-7.9850e-01,-1.0000e+00
-2.9200e-02,-9.0880e-01,-1.0000e+00
9.3800e-02,-5.5720e-01,-3.0000e+00
-1.1020e-01,-8.4310e-01,-1.0000e+00
-1.5800e-01,-5.8980e-01,-1.0000e+00
2.7210e-01,-4.8960e-01,-2.0000e+00
1.9310e-01,-5.8130e-01,0.0000e+00
-1.3150e-01,-4.6740e-01,-2.0000e+00
1.1850e-01,-5.3600e-01,-3.0000e+00
-2.9140e-01,-5.7270e-01,0.0000e+00
1.4130e-01,-4.6230e-01,-2.0000e+00
8.0800e-02,-4.6860e-01,-2.0000e+00
1.5380e-01,-4.0600e-01,0.0000e+00
-2.1110e-01,-6.9250e-01,-2.0000e+00
7.4600e-02,-8.5350e-01,-1.0000e+00
-6.6100e-02,-6.6410e-01,-2.0000e+00
5.8100e-02,-5.8000e-01,-1.0000e+00
-1.9380e-01,-6.5960e-01,-2.0000e+00
-1.0590e-01,-6.6300e-01,-2.0000e+00
-1.4650e-01,-8.6830e-01,0.0000e+00
5.5700e-02,-5.3070e-01,-2.0000e+00
-2.9770e-01,-5.5140e-01,-1.0000e+00
-9.1500e-02,-6.3290e-01,-3.0000e+00
2.2770e-01,-6.1310e-01,-2.0000e+00
9.9800e-02,-7.2560e-01,-1.0000e+00
-3.6900e-02,-4.7380e-01,-3.0000e+00
2.4970e-01,-5.8130e-01,-2.0000e+00
1.0500e-02,-3.0170e-01,-1.0000e+00
1.9870e-01,-6.0690e-01,-2.0000e+00
-4.8200e-02,-7.2080e-01,-3.0000e+00
-7.7800e-02,-3.0490e-01,0.0000e+00
1.3800e-02,-5.6700e-01,-2.0000e+00
-2.3000e-03,-6.0770e-01,-2.0000e+00
5.9300e-02,-2.9020e-01,0.0000e+00
-4.1400e-02,-4.5380e-01,-2.0000e+00
2.1820e-01,-7.9110e-01,0.0000e+00
-1.2510e-01,-5.8860e-01,-2.0000e+00
2.3030e-01,-6.2220e-01,-2.0000e+00
-1.5030e-01,-5.7870e-01,-3.0000e+00
-1.8280e-01,-4.9110e-01,-3.0000e+00
6.4100e-02,-6.4020e-01,-3.0000e+00
2.8570e-01,-6.8400e-01,0.0000e+00
6.3900e-02,-4.8250e-01,-3.0000e+00
6.1000e-03,-6.2150e-01,-3.0000e+00
2.5980e-01,-5.3210e-01,-1.0000e+00
-2.5550e-01,-6.1080e-01,-2.0000e+00
-6.3900e-02,-6.5230e-01,-1.0000e+00
1.2210e-01,-7.2430e-01,-2.0000e+00
-1.7700e-02,-4.0860e-01,-2.0000e+00
-2.1760e-01,-4.5420e-01,-2.0000e+00
2.0980e-01,-7.6750e-01,0.0000e+00
7.2700e-02,-5.4590e-01,-3.0000e+00
-3.7300e-02,-6.1080e-01,-3.0000e+00
7.0000e-03,-9.5150e-01,0.0000e+00
7.9500e-02,-5.7840e-01,-3.0000e+00
-1.2520e-01,-7.2010e-01,-3.0000e+00
1.4020e-01,-3.4290e-01,0.0000e+00
3.6600e-02,-8.7820e-01,-1.0000e+00
2.4520e-01,-4.7430e-01,-2.0000e+00
1.6860e-01,-5.9190e-01,-2.0000e+00
4.8300e-02,-4.8390e-01,-2.0000e+00
-2.3140e-01,-6.4710e-01,-1.0000e+00
4.7600e-02,-4.9580e-01,-3.0000e+00
1.4540e-01,-4.8580e-01,-3.0000e+00
-1.1000e-03,-8.4090e-01,-1.0000e+00
1.7000e-01,-6.5910e-01,-3.0000e+00
1.3670e-01,-6.9320e-01,-2.0000e+00
-4.1700e-02,-7.2020e-01,-3.0000e+00
-1.0990e-01,-5.9530e-01,0.0000e+00
1.9300e-02,-5.3160e-01,-1.0000e+00
-1.2950e-01,-4.6120e-01,-1.0000e+00
5.0000e-03,-4.2100e-01,-2.0000e+00
-9.7900e-02,-7.4880e-01,-1.0000e+00
2.9440e-01,-4.5040e-01,0.0000e+00
-1.4960e-01,-6.7760e-01,0.0000e+00
-1.7100e-02,-4.9970e-01,-3.0000e+00
7.3100e-02,-5.7570e-01,-3.0000e+00
-1.4100e-02,-4.4740e-01,-3.0000e+00
1.6660e-01,-8.0710e-01,-2.0000e+00
1.5280e-01,-4.5750e-01,-2.0000e+00
7.1700e-02,-5.4730e-01,-3.0000e+00
-4.7100e-02,-5.9960e-01,-3.0000e+00
-4.9100e-02,-8.1920e-01,-1.0000e+00
7.5700e-02,-4.3810e-01,-3.0000e+00
-5.1000e-03,-5.6900e-01,-3.0000e+00
-2.3310e-01,-4.6780e-01,-2.0000e+00
-2.2380e-01,-5.4940e-01,-2.0000e+00
-1.0260e-01,-5.2910e-01,-3.0000e+00
1.7270e-01,-5.6360e-01,-3.0000e+00
-2.9910e-01,-4.7930e-01,-1.0000e+00
-7.0400e-02,-6.0430e-01,-3.0000e+00
-6.1000e-03,-3.7680e-01,-2.0000e+00
-8.8500e-02,-6.1600e-01,-1.0000e+00
3.3790e-01,-5.2750e-01,-1.0000e+00
-1.5250e-01,-7.0960e-01,-2.0000e+00
8.8800e-02,-6.8920e-01,-2.0000e+00
-2.3020e-01,-5.9050e-01,-2.0000e+00
-2.4400e-02,-5.7750e-01,-3.0000e+00
1.2840e-01,-4.5580e-01,0.0000e+00
-1.2000e-02,-4.6840e-01,-3.0000e+00
1.8730e-01,-7.6650e-01,0.0000e+00
1.5020e-01,-7.6320e-01,-2.0000e+00
8.6100e-02,-7.4490e-01,-1.0000e+00
1.5880e-01,-7.3850e-01,-3.0000e+00
1.9160e-01,-4.5370e-01,-1.0000e+00
1.1840e-01,-8.1790e-01,-1.0000e+00
2.9960e-01,-4.7370e-01,0.0000e+00
2.2860e-01,-4.7810e-01,-1.0000e+00
-4.3130e-01,-5.3290e-01,0.0000e+00
-9.8900e-02,-7.4860e-01,-3.0000e+00
2.1880e-01,-4.1750e-01,0.0000e+00
-4.2000e-02,-4.8310e-01,-2.0000e+00
-1.8270e-01,-6.1920e-01,-3.0000e+00
-7.9000e-03,-6.6280e-01,-3.0000e+00
-1.5460e-01,-3.9240e-01,0.0000e+00
-4.4100e-02,-7.5200e-01,-1.0000e+00
2.0870e-01,-7.0380e-01,-1.0000e+00
-3.4400e-01,-5.5330e-01,0.0000e+00
-1.3310e-01,-5.3260e-01,-1.0000e+00
-2.2700e-02,-7.7710e-01,-3.0000e+00
1.2500e-01,-5.0660e-01,0.0000e+00
1.6630e-01,-7.2780e-01,-2.0000e+00
-1.0680e-01,-6.7410e-01,-3.0000e+00
1.0090e-01,-7.2590e-01,-2.0000e+00
1.2930e-01,-5.6850e-01,-3.0000e+00
1.8150e-01,-4.7260e-01,-3.0000e+00
-1.9730e-01,-4.5240e-01,-1.0000e+00
8.0200e-02,-6.9120e-01,-2.0000e+00
-4.0000e-03,-7.1030e-01,-2.0000e+00
3.3240e-01,-5.9190e-01,0.0000e+00
-3.6810e-01,-5.6610e-01,-1.0000e+00
1.8350e-01,-4.9400e-01,-3.0000e+00
1.9800e-02,-7.1650e-01,-3.0000e+00
-5.4100e-02,-5.8030e-01,-3.0000e+00
-4.3500e-02,-5.2270e-01,-3.0000e+00
2.7850e-01,-4.1300e-01,-1.0000e+00
-3.9280e-01,-5.0610e-01,0.0000e+00
3.0170e-01,-4.3880e-01,0.0000e+00
4.4600e-02,-7.7690e-01,-2.0000e+00
-1.0760e-01,-4.3580e-01,-3.0000e+00
1.1890e-01,-6.7920e-01,-3.0000e+00
2.4450e-01,-5.1500e-01,-2.0000e+00
-7.6500e-02,-5.5170e-01,-2.0000e+00
2.9170e-01,-5.8580e-01,-1.0000e+00
-2.3510e-01,-7.0890e-01,-1.0000e+00
1.8620e-01,-6.5450e-01,-3.0000e+00
2.9000e-01,-5.0210e-01,-2.0000e+00
-7.3400e-02,-4.7370e-01,-3.0000e+00
1.7970e-01,-6.3890e-01,0.0000e+00
-1.4810e-01,-5.3380e-01,-1.0000e+00
1.2030e-01,-7.2490e-01,-3.0000e+00
1.7340e-01,-4.2500e-01,-1.0000e+00
-1.7860e-01,-5.1540e-01,-3.0000e+00
1.3750e-01,-4.3320e-01,-2.0000e+00
5.3200e-02,-4.9270e-01,-2.0000e+00
6.0500e-02,-4.9910e-01,-3.0000e+00
9.5800e-02,-6.3670e-01,-3.0000e+00
9.8700e-02,-6.5550e-01,-3.0000e+00
2.8680e-01,-6.4060e-01,0.0000e+00
4.2000e-03,-5.2810e-01,-2.0000e+00
3.0030e-01,-4.8880e-01,-1.0000e+00
4.3700e-02,-2.9460e-01,0.0000e+00
7.6000e-03,-8.0280e-01,-2.0000e+00
-1.1050e-01,-8.1900e-01,0.0000e+00
1.4940e-01,-5.1990e-01,-3.0000e+00
-9.1200e-02,-5.0610e-01,-3.0000e+00
-2.3870e-01,-5.1820e-01,-2.0000e+00
2.8190e-01,-5.4000e-01,-2.0000e+00
2.2150e-01,-5.3670e-01,0.0000e+00
7.5100e-02,-5.9970e-01,-3.0000e+00
-4.8400e-02,-5.0550e-01,-2.0000e+00
-1.8390e-01,-5.9430e-01,-3.0000e+00
-2.9970e-01,-6.3750e-01,0.0000e+00
-5.0300e-02,-3.1380e-01,-1.0000e+00
-1.2620e-01,-5.3870e-01,-3.0000e+00
-1.7160e-01,-5.1960e-01,0.0000e+00
5.7900e-02,-5.6010e-01,-3.0000e+00
4.1800e-02,-6.8100e-01,-1.0000e+00
-9.8000e-02,-4.4350e-01,-2.0000e+00
3.2410e-01,-7.0590e-01,0.0000e+00
1.7640e-01,-5.0610e-01,-2.0000e+00
-2.1580e-01,-6.0480e-01,-1.0000e+00
1.3970e-01,-7.0840e-01,-3.0000e+00
-7.8000e-02,-4.8010e-01,-3.0000e+00
2.5540e-01,-5.5700e-01,-2.0000e+00
2.9240e-01,-6.8410e-01,0.0000e+00
6.8900e-02,-9.4800e-01,0.0000e+00
1.1500e-02,-6.7140e-01,0.0000e+00
5.2100e-02,-4.4280e-01,0.0000e+00
8.4000e-02,-6.0250e-01,-3.0000e+00
-1.3940e-01,-5.4540e-01,-3.0000e+00
-2.5000e-02,-8.9610e-01,-1.0000e+00
2.8400e-02,-6.2500e-01,-3.0000e+00
6.4400e-02,-3.8460e-01,-1.0000e+00
3.7690e-01,-4.7970e-01,-1.0000e+00
1.8230e-01,-5.6920e-01,-2.0000e+00
-1.4630e-01,-5.6530e-01,-3.0000e+00
-1.6990e-01,-6.0220e-01,-3.0000e+00
-9.0400e-02,-5.6750e-01,-3.0000e+00
7.1500e-02,-4.8000e-01,-3.0000e+00
1.6300e-02,-4.3060e-01,0.0000e+00
-1.2500e-01,-6.8270e-01,-1.0000e+00
1.0170e-01,-7.1860e-01,-1.0000e+00
-3.9500e-02,-3.7790e-01,-2.0000e+00
1.0600e-01,-4.6110e-01,-1.0000e+00
-1.2100e-01,-5.5790e-01,-2.0000e+00
2.3070e-01,-5.5360e-01,-2.0000e+00
6.5000e-03,-7.7330e-01,-3.0000e+00
5.7000e-02,-4.4620e-01,-3.0000e+00
-2.8950e-01,-5.0700e-01,0.0000e+00
7.9800e-02,-6.7790e-01,-3.0000e+00
-1.0240e-01,-6.3890e-01,-3.0000e+00
-4.3500e-02,-3.4690e-01,-1.0000e+00
1.1760e-01,-5.9250e-01,-3.0000e+00
3.3810e-01,-5.4920e-01,-1.0000e+00
-1.0690e-01,-8.3470e-01,-2.0000e+00
3.0800e-02,-7.1270e-01,-3.0000e+00
-5.1000e-03,-8.2820e-01,-1.0000e+00
4.5300e-02,-7.2660e-01,-3.0000e+00
1.9730e-01,-8.2480e-01,0.0000e+00
9.1800e-02,-7.5650e-01,-3.0000e+00
-1.7730e-01,-7.6050e-01,-2.0000e+00
2.8350e-01,-5.9120e-01,-1.0000e+00
1.0850e-01,-6.9570e-01,-2.0000e+00
2.5610e-01,-6.0360e-01,0.0000e+00
1.3390e-01,-5.0350e-01,-3.0000e+00
2.2100e-02,-3.7060e-01,0.0000e+00
-3.4000e-02,-7.5320e-01,-2.0000e+00
2.8000e-02,-4.9800e-01,-1.0000e+00
1.1520e-01,-6.1000e-01,-3.0000e+00
2.5220e-01,-6.3870e-01,-2.0000e+00
9.1000e-03,-6.1040e-01,-2.0000e+00
-1.9850e-01,-6.9220e-01,-1.0000e+00
1.9560e-01,-6.6380e-01,-1.0000e+00
-8.0900e-02,-4.6240e-01,0.0000e+00
1.1710e-01,-5.4580e-01,-3.0000e+00
1.3600e-01,-8.9190e-01,0.0000e+00
-1.9250e-01,-7.4100e-01,0.0000e+00
-1.0460e-01,-6.2640e-01,0.0000e+00
1.3910e-01,-6.4810e-01,-3.0000e+00
-1.2560e-01,-5.0840e-01,-2.0000e+00
2.5480e-01,-6.9050e-01,-1.0000e+00
2.9900e-02,-8.3080e-01,0.0000e+00
3.3080e-01,-5.7620e-01,-2.0000e+00
-2.4670e-01,-7.3110e-01,-1.0000e+00
-8.4000e-03,-8.9740e-01,0.0000e+00
1.1920e-01,-7.2630e-01,0.0000e+00
-1.6440e-01,-5.2220e-01,-3.0000e+00
1.1580e-01,-5.3330e-01,-3.0000e+00
1.8100e-01,-4.8360e-01,-3.0000e+00
-1.0410e-01,-8.1880e-01,-1.0000e+00
3.1530e-01,-6.5990e-01,0.0000e+00
-4.4500e-02,-3.9790e-01,-1.0000e+00
5.0500e-02,-9.1770e-01,0.0000e+00
1.5300e-02,-4.3880e-01,-2.0000e+00
1.1320e-01,-6.3450e-01,-3.0000e+00
-3.8640e-01,-5.1780e-01,-1.0000e+00
2.6740e-01,-6.3130e-01,-2.0000e+00
-1.8020e-01,-6.5400e-01,-2.0000e+00
1.0890e-01,-2.8580e-01,0.0000e+00
7.3600e-02,-7.5620e-01,-2.0000e+00
2.9990e-01,-5.9480e-01,-2.0000e+00
1.4700e-02,-7.3100e-01,-1.0000e+00
7.1200e-02,-6.5250e-01,-3.0000e+00
-6.2000e-03,-5.3910e-01,-3.0000e+00
-2.7580e-01,-4.7090e-01,0.0000e+00
3.8670e-01,-5.2620e-01,0.0000e+00
1.1400e-02,-4.7400e-01,-3.0000e+00
7.8100e-02,-9.2660e-01,0.0000e+00
2.4810e-01,-7.1680e-01,-1.0000e+00
-1.4680e-01,-4.5160e-01,-2.0000e+00
-1.4710e-01,-7.6210e-01,0.0000e+00
-9.1100e-02,-4.3900e-01,-2.0000e+00
3.4290e-01,-6.3130e-01,0.0000e+00
1.6020e-01,-4.4910e-01,-3.0000e+00
2.4140e-01,-5.1100e-01,-2.0000e+00
7.3600e-02,-8.4360e-01,0.0000e+00
-8.0000e-03,-6.8870e-01,-1.0000e+00
5.2700e-02,-9.2520e-01,0.0000e+00
-5.8800e-02,-5.1220e-01,-3.0000e+00
-6.7200e-02,-4.3630e-01,-2.0000e+00
-9.4200e-02,-5.9850e-01,-1.0000e+00
3.7140e-01,-5.5030e-01,-1.0000e+00
2.4900e-02,-6.3600e-01,-3.0000e+00
-2.4540e-01,-6.5960e-01,-1.0000e+00
9.3700e-02,-4.8580e-01,-3.0000e+00
-7.3300e-02,-6.2950e-01,-3.0000e+00
-2.6340e-01,-6.2180e-01,-1.0000e+00
1.2050e-01,-6.9150e-01,0.0000e+00
-2.7360e-01,-5.0960e-01,-1.0000e+00
-1.2810e-01,-6.3660e-01,-2.0000e+00
-4.7000e-03,-7.5530e-01,-1.0000e+00
-2.6800e-02,-3.5590e-01,0.0000e+00
-1.3880e-01,-8.5980e-01,0.0000e+00
-1.2010e-01,-4.5820e-01,-1.0000e+00
1.8000e-02,-4.2010e-01,0.0000e+00
2.8880e-01,-5.2520e-01,-2.0000e+00
-1.3360e-01,-5.0520e-01,-1.0000e+00
1.4380e-01,-5.8530e-01,-2.0000e+00
-1.1440e-01,-6.6260e-01,-2.0000e+00
-2.2560e-01,-7.0700e-01,-1.0000e+00
3.7900e-01,-5.3100e-01,-1.0000e+00
4.3200e-02,-5.7980e-01,-3.0000e+00
1.7500e-01,-7.1080e-01,-1.0000e+00
-5.5000e-03,-7.0890e-01,-3.0000e+00
-1.7100e-01,-8.0510e-01,0.0000e+00
-9.3600e-02,-6.5160e-01,-3.0000e+00
1.5000e-03,-3.1880e-01,0.0000e+00
3.8100e-02,-3.7520e-01,0.0000e+00
8.2000e-03,-7.4750e-01,-3.0000e+00
-3.5010e-01,-4.7590e-01,0.0000e+00
-1.4850e-01,-5.1920e-01,0.0000e+00
-1.4600e-02,-9.7250e-01,0.0000e+00
2.0600e-02,-5.5630e-01,-1.0000e+00
9.7500e-02,-5.8430e-01,-3.0000e+00
-4.2600e-02,-8.7060e-01,-1.0000e+00
7.1800e-02,-5.7340e-01,-3.0000e+00
-6.9100e-02,-4.6260e-01,-3.0000e+00
2.3600e-01,-4.8410e-01,0.0000e+00
8.6400e-02,-8.7110e-01,-1.0000e+00
-1.7720e-01,-6.7240e-01,-3.0000e+00
1.4000e-01,-4.9080e-01,-3.0000e+00
-2.2420e-01,-4.6320e-01,-1.0000e+00
-1.0230e-01,-6.8760e-01,-1.0000e+00
-9.6800e-02,-4.0180e-01,-1.0000e+00
-9.7100e-02,-5.3860e-01,0.0000e+00
7.0900e-02,-4.5380e-01,-3.0000e+00
-6.8400e-02,-5.1580e-01,-1.0000e+00
3.2200e-02,-5.6160e-01,0.0000e+00
-5.5600e-02,-5.1110e-01,0.0000e+00
1.2780e-01,-4.5880e-01,-2.0000e+00
-4.6100e-02,-3.5640e-01,0.0000e+00
1.5600e-02,-7.3240e-01,-3.0000e+00
2.5800e-02,-7.4800e-01,-3.0000e+00
3.0500e-02,-7.2520e-01,0.0000e+00
6.9200e-02,-6.9670e-01,-3.0000e+00
3.4300e-02,-3.8660e-01,-2.0000e+00
-1.4700e-01,-7.4470e-01,-2.0000e+00
2.6650e-01,-5.5220e-01,0.0000e+00
-2.8860e-01,-5.5240e-01,-1.0000e+00
8.8400e-02,-3.7200e-01,0.0000e+00
-5.4100e-02,-5.3550e-01,-3.0000e+00
1.4680e-01,-5.4370e-01,-3.0000e+00
-2.0600e-02,-6.2490e-01,-1.0000e+00
1.6580e-01,-4.7560e-01,0.0000e+00
2.3530e-01,-7.5180e-01,-1.0000e+00
3.5410e-01,-4.7940e-01,0.0000e+00
3.6710e-01,-4.3600e-01,0.0000e+00
2.5460e-01,-4.9450e-01,-2.0000e+00
1.5700e-02,-8.1220e-01,-2.0000e+00
-1.7050e-01,-4.7450e-01,-2.0000e+00
2.5340e-01,-6.2010e-01,0.0000e+00
-1.0400e-02,-6.8200e-01,-1.0000e+00
7.2400e-02,-3.4030e-01,-1.0000e+00
2.7590e-01,-6.3980e-01,0.0000e+00
-1.8040e-01,-7.2340e-01,-1.0000e+00
3.6350e-01,-6.2760e-01,0.0000e+00
1.7380e-01,-5.2070e-01,-2.0000e+00
2.6200e-01,-4.1170e-01,0.0000e+00
-9.0800e-02,-7.7350e-01,-1.0000e+00
-1.1450e-01,-6.0070e-01,-3.0000e+00
5.1100e-02,-6.1260e-01,-3.0000e+00
-1.2640e-01,-6.6300e-01,-3.0000e+00
6.1100e-02,-8.3940e-01,-1.0000e+00
-3.5300e-02,-7.4480e-01,-1.0000e+00
8.3500e-02,-5.5160e-01,-2.0000e+00
-5.8000e-02,-6.3060e-01,-3.0000e+00
3.5500e-02,-4.7490e-01,-1.0000e+00
1.9050e-01,-6.6460e-01,-1.0000e+00
-2.7300e-01,-4.6310e-01,0.0000e+00
1.8640e-01,-4.7600e-01,-2.0000e+00
2.1640e-01,-7.0420e-01,0.0000e+00
6.6000e-03,-6.7110e-01,-3.0000e+00
-4.0700e-02,-6.3860e-01,-3.0000e+00
-2.3500e-02,-8.6740e-01,-1.0000e+00
-1.8440e-01,-5.7590e-01,-3.0000e+00
1.9020e-01,-4.7800e-01,0.0000e+00
4.5400e-02,-5.2100e-01,0.0000e+00
-1.5600e-01,-6.0950e-01,-3.0000e+00
9.2400e-02,-4.9610e-01,-2.0000e+00
-0.0000e+00,-7.1440e-01,-1.0000e+00
2.8330e-01,-6.1700e-01,-2.0000e+00
-4.0550e-01,-5.0940e-01,0.0000e+00
-1.3170e-01,-6.7230e-01,0.0000e+00
1.1810e-01,-5.9570e-01,-3.0000e+00
1.8680e-01,-5.2590e-01,0.0000e+00
1.3520e-01,-6.4130e-01,-2.0000e+00
-7.5600e-02,-4.3610e-01,-3.0000e+00
1.3500e-02,-6.3890e-01,-3.0000e+00
-1.0590e-01,-7.0810e-01,-3.0000e+00
2.8920e-01,-6.1940e-01,-1.0000e+00
2.1890e-01,-4.7190e-01,0.0000e+00
3.1110e-01,-6.0740e-01,0.0000e+00
1.7000e-01,-5.7760e-01,-3.0000e+00
-1.8170e-01,-4.9280e-01,0.0000e+00
1.8370e-01,-8.3640e-01,0.0000e+00
2.2830e-01,-3.6390e-01,0.0000e+00
-6.2800e-02,-6.3830e-01,-3.0000e+00
-7.5700e-02,-8.7410e-01,0.0000e+00
3.5400e-02,-4.8480e-01,0.0000e+00
-1.3930e-01,-5.1890e-01,-2.0000e+00
3.5600e-02,-4.8460e-01,-3.0000e+00
2.9200e-02,-5.0180e-01,-2.0000e+00
7.6400e-02,-6.4090e-01,0.0000e+00
1.1210e-01,-4.8800e-01,-3.0000e+00
-1.0310e-01,-4.1600e-01,-1.0000e+00
-2.2770e-01,-4.6160e-01,-1.0000e+00
6.3700e-02,-5.3650e-01,-3.0000e+00
2.3100e-02,-7.2700e-01,-3.0000e+00
5.1600e-02,-4.8570e-01,-1.0000e+00
-8.1200e-02,-6.1370e-01,-3.0000e+00
-2.2030e-01,-4.0040e-01,0.0000e+00
-4.0400e-02,-6.9460e-01,-3.0000e+00
-1.4690e-01,-4.0320e-01,0.0000e+00
-3.4560e-01,-4.9960e-01,0.0000e+00
-2.5300e-02,-4.6870e-01,0.0000e+00
7.0300e-02,-7.7260e-01,-2.0000e+00
-9.6300e-02,-4.2530e-01,-1.0000e+00
3.8720e-01,-4.7850e-01,0.0000e+00
4.1900e-02,-4.6200e-01,-2.0000e+00
-7.6600e-02,-5.8360e-01,-1.0000e+00
1.5530e-01,-4.5000e-01,-1.0000e+00
1.9360e-01,-5.7330e-01,-2.0000e+00
-4.0000e-02,-8.3640e-01,-2.0000e+00
4.6100e-02,-4.4750e-01,-2.0000e+00
1.4930e-01,-4.6580e-01,-1.0000e+00
-5.5800e-02,-4.7440e-01,-3.0000e+00
3.4650e-01,-6.1390e-01,-1.0000e+00
-5.9300e-02,-4.9600e-01,-3.0000e+00
-1.9480e-01,-6.0220e-01,-2.0000e+00
2.3840e-01,-7.6330e-01,-1.0000e+00
-1.1070e-01,-7.4560e-01,-1.0000e+00
-1.1380e-01,-8.4730e-01,-1.0000e+00
-4.4800e-02,-5.6030e-01,-3.0000e+00
-4.8000e-02,-7.9000e-01,-2.0000e+00
-2.0600e-02,-4.3270e-01,-2.0000e+00
3.3500e-02,-5.9450e-01,-2.0000e+00
3.0270e-01,-5.5880e-01,-2.0000e+00
1.3440e-01,-5.2250e-01,-2.0000e+00
-4.5730e-01,-5.6150e-01,0.0000e+00
1.6490e-01,-4.1500e-01,-2.0000e+00
-4.5000e-03,-3.7880e-01,0.0000e+00
-1.1800e-02,-5.8030e-01,-3.0000e+00
-6.0800e-02,-9.3840e-01,0.0000e+00
-5.0900e-02,-3.7040e-01,-1.0000e+00
5.9100e-02,-5.4570e-01,-3.0000e+00
-7.4000e-03,-4.9410e-01,-2.0000e+00
-2.4440e-01,-6.8550e-01,-1.0000e+00
-2.4790e-01,-5.2410e-01,-2.0000e+00
-9.8200e-02,-4.5500e-01,-2.0000e+00
1.5390e-01,-8.2680e-01,0.0000e+00
-6.9100e-02,-8.5670e-01,-2.0000e+00
2.8500e-02,-8.2490e-01,-1.0000e+00
-9.5000e-03,-5.0680e-01,-2.0000e+00
2.0000e-03,-3.2850e-01,-1.0000e+00
-2.4600e-02,-6.2970e-01,-2.0000e+00
-6.4500e-02,-6.7240e-01,-1.0000e+00
4.0900e-02,-6.5060e-01,-1.0000e+00
6.1000e-03,-6.4080e-01,-3.0000e+00
1.4100e-02,-8.2270e-01,-1.0000e+00
7.3400e-02,-4.8260e-01,-1.0000e+00
-1.2860e-01,-4.6860e-01,-2.0000e+00
4.5070e-01,-5.1280e-01,0.0000e+00
-4.1700e-02,-7.6560e-01,-1.0000e+00
7.0000e-03,-9.0520e-01,-1.0000e+00
-2.8700e-02,-6.9180e-01,-3.0000e+00
2.9030e-01,-5.1650e-01,0.0000e+00
1.0700e-02,-7.6270e-01,-1.0000e+00
-4.6400e-02,-5.0350e-01,-3.0000e+00
1.2260e-01,-8.5340e-01,0.0000e+00
1.5210e-01,-5.8700e-01,-2.0000e+00
-1.6700e-02,-6.6610e-01,-3.0000e+00
1.1770e-01,-7.4290e-01,-2.0000e+00
8.2500e-02,-8.6140e-01,-1.0000e+00
1.4850e-01,-6.3620e-01,-3.0000e+00
-1.2420e-01,-6.7670e-01,-2.0000e+00
-1.9000e-03,-5.4360e-01,-1.0000e+00
-1.0750e-01,-5.9280e-01,-2.0000e+00
-1.6490e-01,-7.2510e-01,-2.0000e+00
2.0560e-01,-6.7100e-01,-2.0000e+00
-2.8100e-02,-7.4450e-01,-2.0000e+00
-2.7070e-01,-7.2040e-01,-1.0000e+00
-2.1670e-01,-6.7330e-01,-1.0000e+00
-3.5670e-01,-6.0060e-01,0.0000e+00
4.6400e-02,-8.3780e-01,-1.0000e+00
-2.1540e-01,-5.4590e-01,-2.0000e+00
-1.2750e-01,-5.1140e-01,0.0000e+00
2.3200e-02,-5.3710e-01,-3.0000e+00
2.1870e-01,-7.4140e-01,-2.0000e+00
7.5300e-02,-4.1250e-01,0.0000e+00
-5.2300e-02,-7.7540e-01,-2.0000e+00
-2.3880e-01,-6.3940e-01,-2.0000e+00
7.7500e-02,-7.0440e-01,-2.0000e+00
-6.5300e-02,-4.2300e-01,-2.0000e+00
-1.1750e-01,-5.9350e-01,-3.0000e+00
1.1780e-01,-6.7880e-01,-2.0000e+00
-8.1100e-02,-5.6980e-01,-2.0000e+00
-1.5490e-01,-5.3310e-01,-1.0000e+00
2.8280e-01,-5.5690e-01,0.0000e+00
1.7030e-01,-4.2120e-01,-1.0000e+00
-7.0700e-02,-3.7670e-01,0.0000e+00
9.4600e-02,-5.8090e-01,-3.0000e+00
6.1900e-02,-5.5780e-01,-3.0000e+00
6.2300e-02,-3.4210e-01,-1.0000e+00
9.4000e-02,-5.6220e-01,-3.0000e+00
2.0160e-01,-7.9110e-01,-1.0000e+00
3.5400e-01,-5.5300e-01,-1.0000e+00
2.7400e-01,-6.3140e-01,0.0000e+00
1.1670e-01,-4.9930e-01,-3.0000e+00
1.3250e-01,-6.7480e-01,-3.0000e+00
2.5160e-01,-5.9570e-01,-2.0000e+00
-5.0300e-02,-8.1560e-01,-2.0000e+00
7.6600e-02,-6.8840e-01,-2.0000e+00
3.2300e-02,-7.8960e-01,-1.0000e+00
-6.0200e-02,-6.7030e-01,-2.0000e+00
2.7090e-01,-6.1980e-01,-2.0000e+00
-2.4400e-02,-5.6230e-01,-1.0000e+00
-1.1240e-01,-7.9730e-01,-2.0000e+00
1.2710e-01,-5.1370e-01,-3.0000e+00
3.4170e-01,-6.3080e-01,-1.0000e+00
3.1900e-02,-4.5920e-01,-3.0000e+00
-3.1340e-01,-6.2170e-01,-1.0000e+00
1.3970e-01,-6.4790e-01,-3.0000e+00
7.1000e-02,-8.0340e-01,0.0000e+00
6.1500e-02,-4.7620e-01,-2.0000e+00
3.2650e-01,-5.6380e-01,-1.0000e+00
-5.4500e-02,-9.3730e-01,0.0000e+00
8.3600e-02,-5.4540e-01,-3.0000e+00
-5.2000e-02,-3.8940e-01,0.0000e+00
-7.7700e-02,-8.0330e-01,-2.0000e+00
-3.7170e-01,-6.5540e-01,0.0000e+00
3.7000e-03,-5.2740e-01,-1.0000e+00
5.5400e-02,-6.8270e-01,-3.0000e+00
2.6550e-01,-6.3640e-01,-1.0000e+00
6.2200e-02,-4.9130e-01,-3.0000e+00
1.0580e-01,-5.3270e-01,-2.0000e+00
-4.8900e-02,-8.5840e-01,-2.0000e+00
-1.3150e-01,-6.0950e-01,0.0000e+00
-6.2800e-02,-5.8960e-01,-1.0000e+00
-9.9300e-02,-7.2060e-01,-3.0000e+00
1.6640e-01,-7.8860e-01,-1.0000e+00
-5.0600e-02,-7.9060e-01,-1.0000e+00
