# {'n':1132, 'M':4, 'N':4, 'f':[0,3], 'f_':[4,7], 'x':[8,11]}
0,0.904,0.772,0.579,0.643,0.923,0.777,0.594,0.418,0.904,0.772,0.579,0.643
1,0.895,0.937,0.606,0.416,0.915,0.944,0.622,0.152,0.895,0.937,0.606,0.416
2,0.923,0.070,0.738,0.593,0.943,0.071,0.757,0.360,0.923,0.070,0.738,0.593
3,0.852,0.877,0.549,0.490,0.871,0.883,0.564,0.239,0.852,0.877,0.549,0.490
4,0.867,0.508,0.695,0.651,0.885,0.511,0.713,0.427,0.867,0.508,0.695,0.651
5,0.851,0.348,0.299,0.772,0.870,0.351,0.307,0.569,0.851,0.348,0.299,0.772
6,0.224,0.002,0.455,1.012,0.229,0.002,0.467,0.851,0.224,0.002,0.455,1.012
7,0.214,0.365,0.014,0.984,0.218,0.368,0.014,0.817,0.214,0.365,0.014,0.984
8,0.456,0.843,0.744,0.637,0.466,0.850,0.763,0.411,0.456,0.843,0.744,0.637
9,0.836,0.855,0.465,0.583,0.854,0.862,0.477,0.348,0.836,0.855,0.465,0.583
10,0.371,0.929,0.558,0.689,0.379,0.936,0.572,0.472,0.371,0.929,0.558,0.689
11,0.797,0.077,0.586,0.871,0.815,0.078,0.602,0.685,0.797,0.077,0.586,0.871
12,0.251,0.883,0.188,0.734,0.257,0.890,0.192,0.524,0.251,0.883,0.188,0.734
13,0.111,0.937,0.825,0.565,0.114,0.944,0.846,0.327,0.111,0.937,0.825,0.565
14,0.119,0.328,0.533,0.982,0.121,0.331,0.547,0.815,0.119,0.328,0.533,0.982
15,0.911,0.924,0.194,0.447,0.931,0.931,0.199,0.189,0.911,0.924,0.194,0.447
16,0.470,0.885,0.026,0.712,0.480,0.891,0.027,0.499,0.470,0.885,0.026,0.712
17,0.139,0.329,0.831,0.807,0.142,0.331,0.853,0.610,0.139,0.329,0.831,0.807
18,0.315,0.335,0.498,0.973,0.322,0.337,0.511,0.805,0.315,0.335,0.498,0.973
19,0.040,0.839,0.283,0.817,0.041,0.845,0.290,0.621,0.040,0.839,0.283,0.817
20,0.808,0.112,0.865,0.690,0.826,0.112,0.888,0.473,0.808,0.112,0.865,0.690
21,0.840,0.777,0.571,0.719,0.859,0.783,0.586,0.507,0.840,0.777,0.571,0.719
22,0.856,0.033,0.140,0.772,0.875,0.033,0.143,0.570,0.856,0.033,0.140,0.772
23,0.822,0.759,0.295,0.836,0.840,0.765,0.303,0.645,0.822,0.759,0.295,0.836
24,0.026,0.295,0.145,0.999,0.026,0.297,0.149,0.835,0.026,0.295,0.145,0.999
25,0.763,0.349,0.016,0.957,0.780,0.352,0.017,0.786,0.763,0.349,0.016,0.957
26,0.438,0.063,0.528,0.974,0.448,0.063,0.542,0.806,0.438,0.063,0.528,0.974
27,0.265,0.449,0.668,0.897,0.270,0.453,0.686,0.715,0.265,0.449,0.668,0.897
28,0.876,0.238,0.612,0.690,0.895,0.240,0.628,0.473,0.876,0.238,0.612,0.690
29,0.281,0.883,0.009,0.721,0.287,0.890,0.009,0.509,0.281,0.883,0.009,0.721
30,0.784,0.370,0.863,0.720,0.801,0.373,0.885,0.508,0.784,0.370,0.863,0.720
31,0.333,0.272,0.067,0.983,0.340,0.274,0.068,0.816,0.333,0.272,0.067,0.983
32,0.084,0.097,0.596,0.972,0.085,0.098,0.612,0.803,0.084,0.097,0.596,0.972
33,0.079,0.824,0.739,0.707,0.081,0.830,0.758,0.493,0.079,0.824,0.739,0.707
34,0.401,0.046,0.529,0.970,0.410,0.046,0.542,0.802,0.401,0.046,0.529,0.970
35,0.062,0.808,0.299,0.892,0.063,0.814,0.307,0.709,0.062,0.808,0.299,0.892
36,0.061,0.114,0.755,0.864,0.062,0.114,0.775,0.676,0.061,0.114,0.755,0.864
37,0.885,0.807,0.088,0.602,0.904,0.814,0.090,0.370,0.885,0.807,0.088,0.602
38,0.412,0.832,0.200,0.801,0.421,0.839,0.205,0.603,0.412,0.832,0.200,0.801
39,0.162,0.149,0.659,0.938,0.165,0.150,0.677,0.763,0.162,0.149,0.659,0.938
40,0.833,0.277,0.692,0.710,0.851,0.279,0.710,0.497,0.833,0.277,0.692,0.710
41,0.318,0.905,0.070,0.704,0.325,0.912,0.071,0.489,0.318,0.905,0.070,0.704
42,0.922,0.002,0.619,0.671,0.942,0.002,0.635,0.451,0.922,0.002,0.619,0.671
43,0.121,0.193,0.690,0.914,0.123,0.195,0.708,0.735,0.121,0.193,0.690,0.914
44,0.802,0.005,0.804,0.714,0.819,0.005,0.824,0.501,0.802,0.005,0.804,0.714
45,0.007,0.029,0.252,1.013,0.007,0.029,0.258,0.852,0.007,0.029,0.252,1.013
46,0.323,0.863,0.015,0.740,0.330,0.870,0.016,0.532,0.323,0.863,0.015,0.740
47,0.013,0.179,0.017,1.007,0.014,0.181,0.018,0.845,0.013,0.179,0.017,1.007
48,0.249,0.767,0.768,0.813,0.255,0.773,0.788,0.617,0.249,0.767,0.768,0.813
49,0.861,0.793,0.774,0.509,0.879,0.799,0.794,0.261,0.861,0.793,0.774,0.509
50,0.855,0.471,0.594,0.719,0.874,0.474,0.609,0.507,0.855,0.471,0.594,0.719
51,0.906,0.062,0.052,0.719,0.926,0.062,0.053,0.506,0.906,0.062,0.052,0.719
52,0.816,0.222,0.520,0.852,0.834,0.223,0.533,0.662,0.816,0.222,0.520,0.852
53,0.003,0.210,0.486,1.008,0.003,0.212,0.499,0.846,0.003,0.210,0.486,1.008
54,0.364,0.188,0.602,0.945,0.372,0.190,0.617,0.772,0.364,0.188,0.602,0.945
55,0.149,0.879,0.234,0.748,0.152,0.886,0.240,0.541,0.149,0.879,0.234,0.748
56,0.028,0.410,0.525,0.971,0.029,0.413,0.539,0.802,0.028,0.410,0.525,0.971
57,0.892,0.021,0.758,0.572,0.912,0.021,0.777,0.335,0.892,0.021,0.758,0.572
58,0.257,0.233,0.599,0.963,0.262,0.234,0.614,0.792,0.257,0.233,0.599,0.963
59,0.824,0.272,0.675,0.745,0.842,0.274,0.692,0.538,0.824,0.272,0.675,0.745
60,0.803,0.095,0.765,0.738,0.821,0.096,0.785,0.529,0.803,0.095,0.765,0.738
61,0.367,0.874,0.090,0.718,0.375,0.881,0.092,0.506,0.367,0.874,0.090,0.718
62,0.268,0.283,0.039,0.993,0.274,0.285,0.040,0.827,0.268,0.283,0.039,0.993
63,0.874,0.256,0.778,0.575,0.893,0.258,0.798,0.338,0.874,0.256,0.778,0.575
64,0.233,0.832,0.157,0.825,0.238,0.839,0.161,0.631,0.233,0.832,0.157,0.825
65,0.913,0.174,0.593,0.687,0.933,0.175,0.608,0.469,0.913,0.174,0.593,0.687
66,0.287,0.819,0.295,0.856,0.293,0.825,0.303,0.667,0.287,0.819,0.295,0.856
67,0.830,0.454,0.532,0.795,0.848,0.457,0.546,0.596,0.830,0.454,0.532,0.795
68,0.762,0.379,0.471,0.961,0.779,0.382,0.484,0.790,0.762,0.379,0.471,0.961
69,0.830,0.179,0.735,0.697,0.848,0.180,0.754,0.481,0.830,0.179,0.735,0.697
70,0.018,0.443,0.649,0.912,0.019,0.446,0.666,0.733,0.018,0.443,0.649,0.912
71,0.072,0.037,0.570,0.981,0.074,0.037,0.584,0.814,0.072,0.037,0.570,0.981
72,0.134,0.795,0.835,0.724,0.137,0.801,0.857,0.513,0.134,0.795,0.835,0.724
73,0.126,0.891,0.014,0.726,0.129,0.898,0.014,0.515,0.126,0.891,0.014,0.726
74,0.411,0.765,0.160,0.953,0.420,0.771,0.164,0.781,0.411,0.765,0.160,0.953
75,0.041,0.172,0.866,0.820,0.042,0.173,0.889,0.625,0.041,0.172,0.866,0.820
76,0.428,0.784,0.521,0.902,0.437,0.790,0.535,0.722,0.428,0.784,0.521,0.902
77,0.260,0.044,0.805,0.825,0.266,0.044,0.826,0.631,0.260,0.044,0.805,0.825
78,0.247,0.833,0.504,0.813,0.253,0.840,0.517,0.617,0.247,0.833,0.504,0.813
79,0.358,0.231,0.861,0.794,0.366,0.232,0.883,0.595,0.358,0.231,0.861,0.794
80,0.038,0.220,0.564,0.983,0.039,0.222,0.579,0.817,0.038,0.220,0.564,0.983
81,0.431,0.789,0.013,0.898,0.441,0.795,0.014,0.717,0.431,0.789,0.013,0.898
82,0.788,0.331,0.315,0.921,0.805,0.334,0.323,0.744,0.788,0.331,0.315,0.921
83,0.300,0.332,0.131,0.981,0.307,0.335,0.135,0.814,0.300,0.332,0.131,0.981
84,0.146,0.226,0.771,0.853,0.150,0.227,0.791,0.665,0.146,0.226,0.771,0.853
85,0.889,0.440,0.617,0.651,0.908,0.443,0.633,0.428,0.889,0.440,0.617,0.651
86,0.079,0.787,0.815,0.749,0.081,0.793,0.836,0.542,0.079,0.787,0.815,0.749
87,0.457,0.775,0.890,0.752,0.467,0.781,0.913,0.545,0.457,0.775,0.890,0.752
88,0.130,0.330,0.858,0.802,0.133,0.332,0.880,0.605,0.130,0.330,0.858,0.802
89,0.391,0.106,0.640,0.919,0.400,0.107,0.657,0.741,0.391,0.106,0.640,0.919
90,0.781,0.330,0.138,0.929,0.798,0.332,0.142,0.753,0.781,0.330,0.138,0.929
91,0.765,0.357,0.871,0.765,0.781,0.359,0.894,0.560,0.765,0.357,0.871,0.765
92,0.384,0.842,0.920,0.611,0.392,0.849,0.944,0.381,0.384,0.842,0.920,0.611
93,0.158,0.275,0.761,0.853,0.162,0.277,0.781,0.664,0.158,0.275,0.761,0.853
94,0.028,0.406,0.641,0.914,0.028,0.409,0.658,0.736,0.028,0.406,0.641,0.914
95,0.854,0.928,0.030,0.499,0.872,0.935,0.031,0.250,0.854,0.928,0.030,0.499
96,0.247,0.374,0.022,0.979,0.252,0.377,0.023,0.812,0.247,0.374,0.022,0.979
97,0.253,0.932,0.004,0.733,0.258,0.939,0.004,0.524,0.253,0.932,0.004,0.733
98,0.176,0.819,0.092,0.856,0.180,0.825,0.094,0.668,0.176,0.819,0.092,0.856
99,0.848,0.172,0.883,0.605,0.866,0.173,0.906,0.373,0.848,0.172,0.883,0.605
100,0.325,0.236,0.637,0.927,0.333,0.238,0.654,0.751,0.325,0.236,0.637,0.927
101,0.421,0.420,0.002,0.954,0.430,0.423,0.002,0.782,0.421,0.420,0.002,0.954
102,0.063,0.823,0.803,0.665,0.065,0.830,0.824,0.444,0.063,0.823,0.803,0.665
103,0.847,0.320,0.101,0.775,0.865,0.322,0.104,0.572,0.847,0.320,0.101,0.775
104,0.042,0.794,0.317,0.924,0.042,0.800,0.325,0.747,0.042,0.794,0.317,0.924
105,0.870,0.363,0.738,0.589,0.889,0.365,0.757,0.355,0.870,0.363,0.738,0.589
106,0.782,0.359,0.460,0.924,0.799,0.362,0.472,0.747,0.782,0.359,0.460,0.924
107,0.029,0.854,0.428,0.783,0.030,0.861,0.439,0.582,0.029,0.854,0.428,0.783
108,0.800,0.962,0.809,0.528,0.818,0.970,0.830,0.283,0.800,0.962,0.809,0.528
109,0.493,0.820,0.077,0.845,0.504,0.826,0.079,0.655,0.493,0.820,0.077,0.845
110,0.356,0.778,0.586,0.893,0.364,0.784,0.601,0.711,0.356,0.778,0.586,0.893
111,0.914,0.936,0.667,0.376,0.934,0.943,0.684,0.105,0.914,0.936,0.667,0.376
112,0.277,0.194,0.036,1.002,0.283,0.195,0.037,0.839,0.277,0.194,0.036,1.002
113,0.253,0.814,0.637,0.799,0.258,0.820,0.653,0.600,0.253,0.814,0.637,0.799
114,0.176,0.897,0.888,0.539,0.180,0.904,0.911,0.297,0.176,0.897,0.888,0.539
115,0.348,0.115,0.822,0.805,0.355,0.116,0.843,0.608,0.348,0.115,0.822,0.805
116,0.101,0.859,0.475,0.771,0.103,0.866,0.488,0.568,0.101,0.859,0.475,0.771
117,0.502,0.791,0.834,0.728,0.513,0.797,0.856,0.517,0.502,0.791,0.834,0.728
118,0.127,0.425,0.659,0.908,0.129,0.428,0.676,0.728,0.127,0.425,0.659,0.908
119,0.344,0.375,0.847,0.772,0.351,0.378,0.870,0.569,0.344,0.375,0.847,0.772
120,0.346,0.840,0.778,0.620,0.354,0.847,0.799,0.391,0.346,0.840,0.778,0.620
121,0.182,0.833,0.304,0.835,0.186,0.839,0.312,0.643,0.182,0.833,0.304,0.835
122,0.002,0.853,0.770,0.617,0.001,0.859,0.790,0.387,0.002,0.853,0.770,0.617
123,0.362,0.780,0.746,0.780,0.370,0.786,0.765,0.578,0.362,0.780,0.746,0.780
124,0.016,0.938,0.893,0.565,0.016,0.945,0.917,0.327,0.016,0.938,0.893,0.565
125,0.357,0.477,0.609,0.926,0.364,0.480,0.625,0.750,0.357,0.477,0.609,0.926
126,0.462,0.792,0.859,0.708,0.473,0.798,0.881,0.495,0.462,0.792,0.859,0.708
127,0.324,0.197,0.086,0.995,0.331,0.198,0.088,0.830,0.324,0.197,0.086,0.995
128,0.353,0.040,0.730,0.856,0.361,0.040,0.749,0.667,0.353,0.040,0.730,0.856
129,0.305,0.927,0.581,0.688,0.312,0.934,0.596,0.471,0.305,0.927,0.581,0.688
130,0.888,0.441,0.695,0.599,0.907,0.444,0.714,0.367,0.888,0.441,0.695,0.599
131,0.816,0.431,0.252,0.845,0.833,0.434,0.259,0.655,0.816,0.431,0.252,0.845
132,0.178,0.411,0.008,0.983,0.182,0.414,0.008,0.816,0.178,0.411,0.008,0.983
133,0.032,0.413,0.640,0.915,0.033,0.416,0.656,0.737,0.032,0.413,0.640,0.915
134,0.889,0.032,0.513,0.718,0.908,0.032,0.527,0.506,0.889,0.032,0.513,0.718
135,0.381,0.097,0.772,0.826,0.389,0.097,0.792,0.632,0.381,0.097,0.772,0.826
136,0.888,0.951,0.004,0.498,0.908,0.959,0.004,0.249,0.888,0.951,0.004,0.498
137,0.242,0.848,0.816,0.603,0.247,0.854,0.838,0.371,0.242,0.848,0.816,0.603
138,0.802,0.901,0.323,0.617,0.820,0.908,0.331,0.387,0.802,0.901,0.323,0.617
139,0.339,0.216,0.606,0.945,0.347,0.217,0.622,0.772,0.339,0.216,0.606,0.945
140,0.240,0.303,0.618,0.942,0.245,0.305,0.635,0.769,0.240,0.303,0.618,0.942
141,0.765,0.473,0.612,0.914,0.782,0.476,0.628,0.735,0.765,0.473,0.612,0.914
142,0.067,0.006,0.301,1.018,0.068,0.005,0.309,0.857,0.067,0.006,0.301,1.018
143,0.374,0.915,0.887,0.512,0.382,0.922,0.910,0.264,0.374,0.915,0.887,0.512
144,0.900,0.377,0.475,0.698,0.919,0.380,0.488,0.483,0.900,0.377,0.475,0.698
145,0.806,0.059,0.353,0.897,0.824,0.059,0.362,0.716,0.806,0.059,0.353,0.897
146,0.038,0.245,0.876,0.815,0.039,0.247,0.899,0.620,0.038,0.245,0.876,0.815
147,0.800,0.852,0.852,0.478,0.817,0.859,0.874,0.224,0.800,0.852,0.852,0.478
148,0.875,0.884,0.904,0.286,0.894,0.891,0.927,0.000,0.875,0.884,0.904,0.286
149,0.320,0.388,0.398,0.979,0.327,0.391,0.408,0.811,0.320,0.388,0.398,0.979
150,0.808,0.822,0.111,0.719,0.825,0.828,0.114,0.507,0.808,0.822,0.111,0.719
151,0.835,0.225,0.001,0.814,0.853,0.226,0.001,0.618,0.835,0.225,0.001,0.814
152,0.344,0.145,0.781,0.827,0.352,0.146,0.801,0.633,0.344,0.145,0.781,0.827
153,0.207,0.786,0.464,0.939,0.211,0.792,0.476,0.765,0.207,0.786,0.464,0.939
154,0.285,0.798,0.531,0.883,0.291,0.804,0.544,0.699,0.285,0.798,0.531,0.883
155,0.382,0.257,0.703,0.870,0.390,0.259,0.721,0.683,0.382,0.257,0.703,0.870
156,0.869,0.206,0.409,0.763,0.888,0.208,0.420,0.559,0.869,0.206,0.409,0.763
157,0.170,0.261,0.558,0.986,0.174,0.263,0.573,0.819,0.170,0.261,0.558,0.986
158,0.055,0.853,0.339,0.790,0.056,0.859,0.348,0.591,0.055,0.853,0.339,0.790
159,0.941,0.809,0.773,0.466,0.961,0.815,0.793,0.210,0.941,0.809,0.773,0.466
160,0.156,0.261,0.794,0.835,0.159,0.262,0.815,0.643,0.156,0.261,0.794,0.835
161,0.792,0.042,0.459,0.923,0.809,0.042,0.471,0.746,0.792,0.042,0.459,0.923
162,0.872,0.041,0.381,0.757,0.891,0.041,0.391,0.551,0.872,0.041,0.381,0.757
163,0.459,0.856,0.679,0.660,0.469,0.863,0.696,0.438,0.459,0.856,0.679,0.660
164,0.489,0.862,0.021,0.750,0.499,0.869,0.022,0.543,0.489,0.862,0.021,0.750
165,0.800,0.332,0.441,0.888,0.818,0.334,0.453,0.705,0.800,0.332,0.441,0.888
166,0.359,0.445,0.536,0.950,0.367,0.448,0.550,0.777,0.359,0.445,0.536,0.950
167,0.877,0.024,0.187,0.741,0.896,0.024,0.191,0.533,0.877,0.024,0.187,0.741
168,0.876,0.428,0.456,0.721,0.895,0.431,0.468,0.509,0.876,0.428,0.456,0.721
169,0.853,0.861,0.975,0.459,0.872,0.868,1.000,0.203,0.853,0.861,0.975,0.459
170,0.899,0.140,0.607,0.678,0.919,0.141,0.622,0.460,0.899,0.140,0.607,0.678
171,0.183,0.126,0.841,0.825,0.187,0.127,0.863,0.631,0.183,0.126,0.841,0.825
172,0.772,0.473,0.186,0.952,0.789,0.477,0.191,0.780,0.772,0.473,0.186,0.952
173,0.001,0.284,0.868,0.806,0.001,0.286,0.891,0.609,0.001,0.284,0.868,0.806
174,0.052,0.032,0.722,0.883,0.053,0.032,0.740,0.699,0.052,0.032,0.722,0.883
175,0.832,0.798,0.764,0.563,0.850,0.804,0.784,0.324,0.832,0.798,0.764,0.563
176,0.420,0.247,0.630,0.921,0.429,0.249,0.647,0.743,0.420,0.247,0.630,0.921
177,0.101,0.787,0.250,0.940,0.103,0.793,0.256,0.766,0.101,0.787,0.250,0.940
178,0.893,0.856,0.540,0.472,0.913,0.862,0.554,0.217,0.893,0.856,0.540,0.472
179,0.049,0.803,0.199,0.898,0.050,0.809,0.204,0.717,0.049,0.803,0.199,0.898
180,0.334,0.402,0.774,0.803,0.341,0.405,0.794,0.606,0.334,0.402,0.774,0.803
181,0.017,0.433,0.771,0.823,0.017,0.436,0.791,0.629,0.017,0.433,0.771,0.823
182,0.486,0.262,0.676,0.904,0.497,0.264,0.694,0.724,0.486,0.262,0.676,0.904
183,0.162,0.899,0.801,0.548,0.166,0.906,0.822,0.307,0.162,0.899,0.801,0.548
184,0.824,0.322,0.484,0.825,0.842,0.324,0.497,0.632,0.824,0.322,0.484,0.825
185,0.096,0.320,0.785,0.827,0.098,0.322,0.806,0.634,0.096,0.320,0.785,0.827
186,0.296,0.271,0.522,0.982,0.302,0.273,0.536,0.815,0.296,0.271,0.522,0.982
187,0.778,0.797,0.360,0.860,0.795,0.803,0.370,0.672,0.778,0.797,0.360,0.860
188,0.754,0.827,0.724,0.698,0.770,0.834,0.743,0.482,0.754,0.827,0.724,0.698
189,0.238,0.010,0.655,0.929,0.243,0.010,0.672,0.754,0.238,0.010,0.655,0.929
190,0.153,0.809,0.792,0.708,0.156,0.816,0.813,0.494,0.153,0.809,0.792,0.708
191,0.011,0.801,0.809,0.713,0.011,0.808,0.830,0.500,0.011,0.801,0.809,0.713
192,0.060,0.854,0.480,0.777,0.061,0.861,0.492,0.575,0.060,0.854,0.480,0.777
193,0.321,0.394,0.438,0.975,0.328,0.397,0.449,0.807,0.321,0.394,0.438,0.975
194,0.846,0.412,0.481,0.767,0.865,0.415,0.493,0.563,0.846,0.412,0.481,0.767
195,0.071,0.253,0.017,1.004,0.072,0.255,0.017,0.840,0.071,0.253,0.017,1.004
196,0.407,0.867,0.667,0.642,0.416,0.874,0.684,0.417,0.407,0.867,0.667,0.642
197,0.765,0.289,0.823,0.781,0.782,0.291,0.845,0.579,0.765,0.289,0.823,0.781
198,0.862,0.863,0.237,0.518,0.881,0.870,0.243,0.272,0.862,0.863,0.237,0.518
199,0.464,0.446,0.759,0.818,0.474,0.449,0.779,0.622,0.464,0.446,0.759,0.818
200,0.445,0.315,0.565,0.946,0.455,0.317,0.580,0.773,0.445,0.315,0.565,0.946
201,0.395,0.151,0.630,0.927,0.404,0.151,0.646,0.751,0.395,0.151,0.630,0.927
202,0.331,0.380,0.788,0.797,0.338,0.383,0.808,0.598,0.331,0.380,0.788,0.797
203,0.085,0.914,0.760,0.572,0.087,0.921,0.780,0.335,0.085,0.914,0.760,0.572
204,0.304,0.211,0.710,0.882,0.311,0.213,0.729,0.698,0.304,0.211,0.710,0.882
205,0.393,0.428,0.536,0.944,0.402,0.431,0.549,0.770,0.393,0.428,0.536,0.944
206,0.456,0.824,0.792,0.650,0.466,0.830,0.813,0.426,0.456,0.824,0.792,0.650
207,0.425,0.418,0.834,0.768,0.434,0.421,0.855,0.564,0.425,0.418,0.834,0.768
208,0.312,0.001,0.326,1.004,0.319,0.001,0.334,0.841,0.312,0.001,0.326,1.004
209,0.841,0.387,0.486,0.777,0.860,0.390,0.499,0.574,0.841,0.387,0.486,0.777
210,0.289,0.104,0.881,0.813,0.295,0.105,0.904,0.617,0.289,0.104,0.881,0.813
211,0.031,0.834,0.291,0.828,0.032,0.840,0.298,0.634,0.031,0.834,0.291,0.828
212,0.785,0.932,0.445,0.674,0.802,0.939,0.457,0.455,0.785,0.932,0.445,0.674
213,0.818,0.869,0.642,0.530,0.835,0.876,0.659,0.286,0.818,0.869,0.642,0.530
214,0.091,0.305,0.598,0.957,0.093,0.307,0.614,0.785,0.091,0.305,0.598,0.957
215,0.414,0.338,0.469,0.967,0.423,0.340,0.481,0.798,0.414,0.338,0.469,0.967
216,0.081,0.769,0.627,0.913,0.083,0.775,0.643,0.734,0.081,0.769,0.627,0.913
217,0.915,0.421,0.765,0.542,0.935,0.424,0.785,0.299,0.915,0.421,0.765,0.542
218,0.901,0.416,0.628,0.636,0.921,0.419,0.645,0.409,0.901,0.416,0.628,0.636
219,0.287,0.873,0.511,0.729,0.294,0.879,0.524,0.519,0.287,0.873,0.511,0.729
220,0.820,0.769,0.141,0.813,0.838,0.775,0.145,0.617,0.820,0.769,0.141,0.813
221,0.859,0.837,0.544,0.552,0.877,0.844,0.558,0.311,0.859,0.837,0.544,0.552
222,0.117,0.372,0.803,0.810,0.120,0.374,0.824,0.614,0.117,0.372,0.803,0.810
223,0.284,0.056,0.119,1.001,0.290,0.056,0.122,0.838,0.284,0.056,0.119,1.001
224,0.895,0.835,0.091,0.530,0.915,0.841,0.094,0.285,0.895,0.835,0.091,0.530
225,0.314,0.880,0.284,0.731,0.321,0.886,0.291,0.521,0.314,0.880,0.284,0.731
226,0.317,0.936,0.682,0.638,0.324,0.943,0.700,0.412,0.317,0.936,0.682,0.638
227,0.781,0.018,0.440,0.949,0.798,0.018,0.451,0.776,0.781,0.018,0.440,0.949
228,0.293,0.336,0.545,0.963,0.299,0.338,0.559,0.792,0.293,0.336,0.545,0.963
229,0.369,0.816,0.706,0.725,0.377,0.822,0.724,0.514,0.369,0.816,0.706,0.725
230,0.138,0.134,0.678,0.924,0.141,0.135,0.695,0.748,0.138,0.134,0.678,0.924
231,0.344,0.233,0.782,0.822,0.352,0.235,0.803,0.628,0.344,0.233,0.782,0.822
232,0.212,0.012,0.618,0.956,0.217,0.012,0.634,0.784,0.212,0.012,0.618,0.956
233,0.375,0.904,0.181,0.700,0.383,0.911,0.186,0.484,0.375,0.904,0.181,0.700
234,0.113,0.240,0.733,0.878,0.115,0.242,0.752,0.693,0.113,0.240,0.733,0.878
235,0.773,0.820,0.893,0.619,0.790,0.826,0.916,0.390,0.773,0.820,0.893,0.619
236,0.466,0.862,0.282,0.755,0.476,0.868,0.289,0.549,0.466,0.862,0.282,0.755
237,0.851,0.241,0.576,0.751,0.869,0.242,0.591,0.544,0.851,0.241,0.576,0.751
238,0.059,0.828,0.618,0.779,0.060,0.834,0.634,0.578,0.059,0.828,0.618,0.779
239,0.422,0.003,0.152,0.983,0.431,0.002,0.156,0.816,0.422,0.003,0.152,0.983
240,0.392,0.341,0.814,0.781,0.401,0.343,0.835,0.579,0.392,0.341,0.814,0.781
241,0.372,0.286,0.216,0.982,0.381,0.288,0.222,0.815,0.372,0.286,0.216,0.982
242,0.007,0.280,0.829,0.810,0.007,0.282,0.851,0.614,0.007,0.280,0.829,0.810
243,0.781,0.314,0.353,0.940,0.798,0.317,0.362,0.766,0.781,0.314,0.353,0.940
244,0.824,0.954,0.832,0.435,0.842,0.961,0.853,0.175,0.824,0.954,0.832,0.435
245,0.854,0.202,0.692,0.675,0.873,0.203,0.710,0.456,0.854,0.202,0.692,0.675
246,0.001,0.014,0.624,0.947,0.001,0.014,0.641,0.774,0.001,0.014,0.624,0.947
247,0.484,0.337,0.614,0.930,0.495,0.339,0.629,0.754,0.484,0.337,0.614,0.930
248,0.252,0.790,0.085,0.919,0.257,0.796,0.087,0.741,0.252,0.790,0.085,0.919
249,0.337,0.194,0.600,0.950,0.344,0.195,0.616,0.778,0.337,0.194,0.600,0.950
250,0.914,0.113,0.591,0.688,0.934,0.114,0.606,0.470,0.914,0.113,0.591,0.688
251,0.366,0.846,0.832,0.579,0.374,0.853,0.853,0.343,0.366,0.846,0.832,0.579
252,0.881,0.811,0.351,0.611,0.900,0.817,0.360,0.380,0.881,0.811,0.351,0.611
253,0.845,0.892,0.306,0.520,0.864,0.899,0.314,0.274,0.845,0.892,0.306,0.520
254,0.358,0.795,0.927,0.733,0.366,0.801,0.951,0.523,0.358,0.795,0.927,0.733
255,0.858,0.263,0.525,0.753,0.877,0.265,0.538,0.546,0.858,0.263,0.525,0.753
256,0.488,0.021,0.597,0.958,0.499,0.021,0.612,0.787,0.488,0.021,0.597,0.958
257,0.403,0.094,0.010,0.982,0.412,0.095,0.010,0.815,0.403,0.094,0.010,0.982
258,0.255,0.420,0.796,0.805,0.260,0.423,0.817,0.608,0.255,0.420,0.796,0.805
259,0.890,0.021,0.603,0.680,0.909,0.021,0.618,0.462,0.890,0.021,0.603,0.680
260,0.264,0.860,0.492,0.758,0.270,0.867,0.504,0.552,0.264,0.860,0.492,0.758
261,0.129,0.896,0.688,0.626,0.132,0.903,0.706,0.398,0.129,0.896,0.688,0.626
262,0.766,0.282,0.456,0.973,0.783,0.284,0.468,0.804,0.766,0.282,0.456,0.973
263,0.898,0.391,0.425,0.705,0.917,0.394,0.436,0.491,0.898,0.391,0.425,0.705
264,0.751,0.348,0.660,0.903,0.768,0.351,0.677,0.723,0.751,0.348,0.660,0.903
265,0.770,0.104,0.815,0.787,0.787,0.104,0.836,0.586,0.770,0.104,0.815,0.787
266,0.171,0.792,0.145,0.924,0.175,0.798,0.149,0.748,0.171,0.792,0.145,0.924
267,0.082,0.062,0.020,1.008,0.084,0.063,0.021,0.846,0.082,0.062,0.020,1.008
268,0.068,0.811,0.431,0.882,0.069,0.817,0.443,0.697,0.068,0.811,0.431,0.882
269,0.136,0.860,0.372,0.781,0.138,0.866,0.382,0.580,0.136,0.860,0.372,0.781
270,0.829,0.899,0.003,0.539,0.847,0.906,0.003,0.296,0.829,0.899,0.003,0.539
271,0.137,0.878,0.518,0.732,0.140,0.885,0.532,0.523,0.137,0.878,0.518,0.732
272,0.068,0.787,0.313,0.942,0.069,0.793,0.321,0.769,0.068,0.787,0.313,0.942
273,0.809,0.410,0.731,0.721,0.826,0.413,0.750,0.510,0.809,0.410,0.731,0.721
274,0.823,0.912,0.495,0.553,0.841,0.919,0.508,0.313,0.823,0.912,0.495,0.553
275,0.115,0.888,0.716,0.611,0.117,0.894,0.734,0.380,0.115,0.888,0.716,0.611
276,0.180,0.285,0.771,0.845,0.184,0.287,0.791,0.654,0.180,0.285,0.771,0.845
277,0.083,0.038,0.063,1.008,0.085,0.039,0.065,0.846,0.083,0.038,0.063,1.008
278,0.849,0.264,0.575,0.752,0.867,0.266,0.589,0.545,0.849,0.264,0.575,0.752
279,0.331,0.392,0.104,0.965,0.338,0.395,0.107,0.796,0.331,0.392,0.104,0.965
280,0.445,0.804,0.853,0.676,0.455,0.810,0.875,0.456,0.445,0.804,0.853,0.676
281,0.860,0.944,0.725,0.392,0.879,0.951,0.744,0.124,0.860,0.944,0.725,0.392
282,0.255,0.095,0.014,1.005,0.261,0.096,0.014,0.841,0.255,0.095,0.014,1.005
283,0.887,0.805,0.812,0.425,0.906,0.811,0.834,0.162,0.887,0.805,0.812,0.425
284,0.914,0.386,0.144,0.699,0.934,0.389,0.147,0.483,0.914,0.386,0.144,0.699
285,0.831,0.389,0.643,0.732,0.849,0.392,0.660,0.522,0.831,0.389,0.643,0.732
286,0.334,0.784,0.629,0.860,0.342,0.790,0.645,0.672,0.334,0.784,0.629,0.860
287,0.780,0.026,0.733,0.810,0.797,0.026,0.752,0.614,0.780,0.026,0.733,0.810
288,0.455,0.124,0.687,0.894,0.465,0.125,0.705,0.712,0.455,0.124,0.687,0.894
289,0.249,0.032,0.160,1.008,0.254,0.032,0.164,0.845,0.249,0.032,0.160,1.008
290,0.264,0.834,0.549,0.794,0.270,0.841,0.563,0.595,0.264,0.834,0.549,0.794
291,0.508,0.829,0.061,0.829,0.519,0.836,0.063,0.636,0.508,0.829,0.061,0.829
292,0.367,0.327,0.591,0.931,0.375,0.330,0.606,0.755,0.367,0.327,0.591,0.931
293,0.927,0.785,0.416,0.668,0.947,0.791,0.427,0.448,0.927,0.785,0.416,0.668
294,0.290,0.904,0.244,0.718,0.296,0.911,0.250,0.506,0.290,0.904,0.244,0.718
295,0.415,0.815,0.615,0.785,0.424,0.822,0.631,0.585,0.415,0.815,0.615,0.785
296,0.826,0.313,0.273,0.833,0.844,0.316,0.280,0.640,0.826,0.313,0.273,0.833
297,0.792,0.066,0.114,0.919,0.809,0.067,0.116,0.741,0.792,0.066,0.114,0.919
298,0.147,0.423,0.787,0.818,0.150,0.426,0.808,0.623,0.147,0.423,0.787,0.818
299,0.775,0.484,0.836,0.757,0.792,0.488,0.858,0.551,0.775,0.484,0.836,0.757
300,0.360,0.383,0.096,0.961,0.367,0.386,0.098,0.790,0.360,0.383,0.096,0.961
301,0.456,0.307,0.753,0.829,0.466,0.310,0.772,0.636,0.456,0.307,0.753,0.829
302,0.311,0.866,0.227,0.748,0.318,0.872,0.233,0.541,0.311,0.866,0.227,0.748
303,0.668,0.001,0.221,1.091,0.682,0.000,0.227,0.942,0.668,0.001,0.221,1.091
304,0.460,0.370,0.826,0.779,0.470,0.372,0.848,0.577,0.460,0.370,0.826,0.779
305,0.091,0.940,0.839,0.567,0.093,0.948,0.861,0.329,0.091,0.940,0.839,0.567
306,0.806,0.379,0.043,0.857,0.824,0.382,0.044,0.668,0.806,0.379,0.043,0.857
307,0.345,0.272,0.665,0.899,0.353,0.274,0.682,0.718,0.345,0.272,0.665,0.899
308,0.910,0.306,0.714,0.589,0.930,0.308,0.732,0.355,0.910,0.306,0.714,0.589
309,0.886,0.347,0.215,0.714,0.906,0.350,0.220,0.501,0.886,0.347,0.215,0.714
310,0.774,0.010,0.280,0.967,0.790,0.010,0.287,0.798,0.774,0.010,0.280,0.967
311,0.377,0.005,0.297,0.992,0.385,0.004,0.305,0.827,0.377,0.005,0.297,0.992
312,0.874,0.864,0.230,0.500,0.893,0.870,0.236,0.250,0.874,0.864,0.230,0.500
313,0.265,0.797,0.676,0.809,0.270,0.804,0.694,0.613,0.265,0.797,0.676,0.809
314,0.352,0.334,0.775,0.807,0.360,0.337,0.795,0.611,0.352,0.334,0.775,0.807
315,0.140,0.887,0.527,0.720,0.143,0.894,0.541,0.508,0.140,0.887,0.527,0.720
316,0.334,0.018,0.192,0.994,0.341,0.018,0.197,0.829,0.334,0.018,0.192,0.994
317,0.809,0.029,0.080,0.874,0.827,0.029,0.082,0.689,0.809,0.029,0.080,0.874
318,0.828,0.881,0.928,0.404,0.846,0.887,0.952,0.138,0.828,0.881,0.928,0.404
319,0.278,0.844,0.024,0.786,0.284,0.850,0.024,0.586,0.278,0.844,0.024,0.786
320,0.126,0.894,0.721,0.603,0.129,0.901,0.740,0.371,0.126,0.894,0.721,0.603
321,0.019,0.480,0.706,0.882,0.019,0.484,0.725,0.698,0.019,0.480,0.706,0.882
322,0.919,0.125,0.575,0.699,0.939,0.126,0.590,0.483,0.919,0.125,0.575,0.699
323,0.054,0.227,0.664,0.927,0.055,0.228,0.681,0.750,0.054,0.227,0.664,0.927
324,0.004,0.243,0.037,1.002,0.004,0.245,0.038,0.838,0.004,0.243,0.037,1.002
325,0.911,0.382,0.851,0.503,0.931,0.384,0.873,0.255,0.911,0.382,0.851,0.503
326,0.256,0.043,0.642,0.937,0.261,0.043,0.659,0.762,0.256,0.043,0.642,0.937
327,0.193,0.074,0.835,0.823,0.197,0.075,0.856,0.629,0.193,0.074,0.835,0.823
328,0.366,0.421,0.842,0.768,0.374,0.424,0.864,0.565,0.366,0.421,0.842,0.768
329,0.783,0.837,0.381,0.754,0.800,0.843,0.391,0.549,0.783,0.837,0.381,0.754
330,0.376,0.094,0.543,0.970,0.384,0.095,0.557,0.801,0.376,0.094,0.543,0.970
331,0.058,0.601,0.003,1.067,0.059,0.606,0.003,0.915,0.058,0.601,0.003,1.067
332,0.777,0.457,0.037,0.931,0.794,0.460,0.038,0.755,0.777,0.457,0.037,0.931
333,0.290,0.039,0.847,0.806,0.296,0.039,0.869,0.609,0.290,0.039,0.847,0.806
334,0.132,0.287,0.710,0.888,0.135,0.289,0.729,0.704,0.132,0.287,0.710,0.888
335,0.416,0.869,0.670,0.638,0.425,0.876,0.687,0.412,0.416,0.869,0.670,0.638
336,0.786,0.865,0.404,0.690,0.803,0.871,0.415,0.473,0.786,0.865,0.404,0.690
337,0.415,0.141,0.728,0.858,0.424,0.142,0.747,0.670,0.415,0.141,0.728,0.858
338,0.277,0.885,0.109,0.723,0.283,0.892,0.112,0.511,0.277,0.885,0.109,0.723
339,0.303,0.813,0.444,0.863,0.309,0.819,0.456,0.676,0.303,0.813,0.444,0.863
340,0.817,0.886,0.293,0.588,0.835,0.893,0.301,0.354,0.817,0.886,0.293,0.588
341,0.257,0.359,0.132,0.984,0.263,0.361,0.135,0.817,0.257,0.359,0.132,0.984
342,0.185,0.002,0.545,0.992,0.189,0.001,0.559,0.827,0.185,0.002,0.545,0.992
343,0.760,0.074,0.692,0.885,0.777,0.074,0.710,0.702,0.760,0.074,0.692,0.885
344,0.281,0.098,0.012,1.000,0.287,0.099,0.012,0.837,0.281,0.098,0.012,1.000
345,0.909,0.011,0.198,0.723,0.929,0.011,0.203,0.512,0.909,0.011,0.198,0.723
346,0.404,0.369,0.863,0.766,0.412,0.372,0.885,0.562,0.404,0.369,0.863,0.766
347,0.075,0.833,0.690,0.722,0.077,0.839,0.708,0.510,0.075,0.833,0.690,0.722
348,0.350,0.508,0.622,0.935,0.358,0.512,0.638,0.759,0.350,0.508,0.622,0.935
349,0.797,0.360,0.905,0.707,0.814,0.363,0.928,0.493,0.797,0.360,0.905,0.707
350,0.882,0.082,0.140,0.736,0.901,0.082,0.144,0.527,0.882,0.082,0.140,0.736
351,0.900,0.075,0.470,0.725,0.920,0.075,0.482,0.514,0.900,0.075,0.470,0.725
352,0.860,0.724,0.789,0.632,0.878,0.730,0.809,0.405,0.860,0.724,0.789,0.632
353,0.349,0.109,0.759,0.839,0.357,0.110,0.779,0.648,0.349,0.109,0.759,0.839
354,0.029,0.397,0.514,0.974,0.029,0.400,0.528,0.806,0.029,0.397,0.514,0.974
355,0.131,0.451,0.700,0.883,0.133,0.455,0.719,0.699,0.131,0.451,0.700,0.883
356,0.245,0.893,0.537,0.707,0.250,0.900,0.551,0.493,0.245,0.893,0.537,0.707
357,0.109,0.195,0.814,0.832,0.112,0.196,0.835,0.639,0.109,0.195,0.814,0.832
358,0.349,0.408,0.471,0.965,0.356,0.411,0.483,0.795,0.349,0.408,0.471,0.965
359,0.442,0.360,0.542,0.947,0.451,0.363,0.556,0.774,0.442,0.360,0.542,0.947
360,0.129,0.785,0.631,0.876,0.131,0.791,0.648,0.691,0.129,0.785,0.631,0.876
361,0.280,0.069,0.078,1.001,0.286,0.070,0.080,0.837,0.280,0.069,0.078,1.001
362,0.821,0.338,0.913,0.661,0.838,0.340,0.937,0.439,0.821,0.338,0.913,0.661
363,0.853,0.118,0.056,0.779,0.872,0.118,0.057,0.577,0.853,0.118,0.056,0.779
364,0.686,0.604,0.000,1.140,0.701,0.608,0.000,1.000,0.686,0.604,0.000,1.140
365,0.362,0.799,0.445,0.886,0.370,0.805,0.457,0.702,0.362,0.799,0.445,0.886
366,0.817,0.887,0.427,0.588,0.834,0.894,0.438,0.354,0.817,0.887,0.427,0.588
367,0.820,0.884,0.496,0.572,0.837,0.890,0.509,0.335,0.820,0.884,0.496,0.572
368,0.060,0.438,0.572,0.957,0.061,0.442,0.587,0.785,0.060,0.438,0.572,0.957
369,0.453,0.218,0.703,0.879,0.463,0.219,0.721,0.694,0.453,0.218,0.703,0.879
370,0.310,0.024,0.099,0.994,0.316,0.024,0.101,0.829,0.310,0.024,0.099,0.994
371,0.880,0.438,0.641,0.645,0.899,0.441,0.657,0.420,0.880,0.438,0.641,0.645
372,0.387,0.220,0.634,0.922,0.395,0.222,0.651,0.744,0.387,0.220,0.634,0.922
373,0.395,0.870,0.511,0.716,0.403,0.877,0.525,0.504,0.395,0.870,0.511,0.716
374,0.377,0.305,0.205,0.977,0.386,0.307,0.210,0.809,0.377,0.305,0.205,0.977
375,0.797,0.256,0.798,0.728,0.814,0.258,0.819,0.518,0.797,0.256,0.798,0.728
376,0.881,0.778,0.535,0.661,0.900,0.784,0.549,0.439,0.881,0.778,0.535,0.661
377,0.280,0.441,0.737,0.842,0.286,0.445,0.757,0.651,0.280,0.441,0.737,0.842
378,0.170,0.781,0.633,0.886,0.173,0.787,0.650,0.702,0.170,0.781,0.633,0.886
379,0.387,0.027,0.532,0.969,0.396,0.027,0.545,0.800,0.387,0.027,0.532,0.969
380,0.037,0.014,0.468,1.009,0.037,0.014,0.480,0.847,0.037,0.014,0.468,1.009
381,0.848,0.805,0.436,0.675,0.867,0.811,0.447,0.455,0.848,0.805,0.436,0.675
382,0.784,0.144,0.005,0.936,0.802,0.145,0.005,0.761,0.784,0.144,0.005,0.936
383,0.092,0.804,0.123,0.892,0.094,0.810,0.126,0.709,0.092,0.804,0.123,0.892
384,0.864,0.830,0.296,0.588,0.883,0.836,0.304,0.354,0.864,0.830,0.296,0.588
385,0.798,0.780,0.351,0.853,0.815,0.786,0.360,0.664,0.798,0.780,0.351,0.853
386,0.446,0.810,0.517,0.846,0.456,0.816,0.530,0.656,0.446,0.810,0.517,0.846
387,0.313,0.903,0.566,0.680,0.320,0.910,0.581,0.461,0.313,0.903,0.566,0.680
388,0.822,0.806,0.735,0.589,0.839,0.812,0.754,0.355,0.822,0.806,0.735,0.589
389,0.467,0.246,0.714,0.872,0.478,0.248,0.732,0.686,0.467,0.246,0.714,0.872
390,0.770,0.249,0.407,0.975,0.787,0.251,0.418,0.807,0.770,0.249,0.407,0.975
391,0.227,0.264,0.595,0.964,0.232,0.266,0.611,0.794,0.227,0.264,0.595,0.964
392,0.189,0.455,0.787,0.823,0.193,0.459,0.807,0.629,0.189,0.455,0.787,0.823
393,0.382,0.004,0.336,0.993,0.390,0.004,0.345,0.828,0.382,0.004,0.336,0.993
394,0.778,0.102,0.210,0.959,0.794,0.103,0.216,0.789,0.778,0.102,0.210,0.959
395,0.897,0.462,0.498,0.701,0.916,0.466,0.511,0.486,0.897,0.462,0.498,0.701
396,0.322,0.877,0.072,0.721,0.329,0.884,0.074,0.510,0.322,0.877,0.072,0.721
397,0.795,0.312,0.332,0.910,0.812,0.315,0.341,0.730,0.795,0.312,0.332,0.910
398,0.926,0.847,0.137,0.516,0.947,0.853,0.140,0.269,0.926,0.847,0.137,0.516
399,0.916,0.787,0.607,0.597,0.936,0.793,0.623,0.364,0.916,0.787,0.607,0.597
400,0.732,0.001,0.281,1.043,0.748,0.001,0.289,0.886,0.732,0.001,0.281,1.043
401,0.039,0.776,0.681,0.860,0.040,0.782,0.698,0.672,0.039,0.776,0.681,0.860
402,0.090,0.026,0.502,1.005,0.092,0.026,0.515,0.842,0.090,0.026,0.502,1.005
403,0.450,0.789,0.643,0.836,0.460,0.795,0.660,0.644,0.450,0.789,0.643,0.836
404,0.446,0.035,0.751,0.840,0.456,0.035,0.770,0.649,0.446,0.035,0.751,0.840
405,0.346,0.314,0.505,0.969,0.353,0.316,0.519,0.800,0.346,0.314,0.505,0.969
406,0.263,0.291,0.612,0.945,0.269,0.293,0.628,0.772,0.263,0.291,0.612,0.945
407,0.135,0.436,0.743,0.849,0.138,0.440,0.762,0.659,0.135,0.436,0.743,0.849
408,0.225,0.369,0.062,0.984,0.230,0.372,0.064,0.817,0.225,0.369,0.062,0.984
409,0.254,0.784,0.074,0.931,0.260,0.790,0.076,0.755,0.254,0.784,0.074,0.931
410,0.447,0.853,0.708,0.642,0.457,0.860,0.726,0.417,0.447,0.853,0.708,0.642
411,0.429,0.018,0.555,0.961,0.438,0.018,0.569,0.790,0.429,0.018,0.555,0.961
412,0.299,0.434,0.031,0.971,0.305,0.437,0.032,0.802,0.299,0.434,0.031,0.971
413,0.827,0.205,0.687,0.738,0.845,0.207,0.704,0.530,0.827,0.205,0.687,0.738
414,0.309,0.784,0.802,0.745,0.316,0.790,0.823,0.538,0.309,0.784,0.802,0.745
415,0.384,0.077,0.758,0.834,0.392,0.077,0.777,0.642,0.384,0.077,0.758,0.834
416,0.584,0.865,0.010,0.803,0.597,0.872,0.011,0.606,0.584,0.865,0.010,0.803
417,0.345,0.836,0.556,0.772,0.352,0.842,0.570,0.569,0.345,0.836,0.556,0.772
418,0.851,0.868,0.939,0.385,0.870,0.874,0.964,0.116,0.851,0.868,0.939,0.385
419,0.044,0.059,0.616,0.957,0.045,0.060,0.632,0.786,0.044,0.059,0.616,0.957
420,0.241,0.161,0.697,0.906,0.246,0.162,0.715,0.725,0.241,0.161,0.697,0.906
421,0.812,0.442,0.841,0.657,0.829,0.445,0.863,0.434,0.812,0.442,0.841,0.657
422,0.205,0.797,0.576,0.877,0.210,0.803,0.591,0.692,0.205,0.797,0.576,0.877
423,0.147,0.807,0.661,0.805,0.150,0.813,0.679,0.608,0.147,0.807,0.661,0.805
424,0.318,0.315,0.679,0.886,0.325,0.318,0.696,0.703,0.318,0.315,0.679,0.886
425,0.884,0.481,0.439,0.727,0.903,0.485,0.450,0.517,0.884,0.481,0.439,0.727
426,0.317,0.487,0.661,0.905,0.323,0.490,0.678,0.724,0.317,0.487,0.661,0.905
427,0.795,0.529,0.724,0.800,0.812,0.533,0.742,0.601,0.795,0.529,0.724,0.800
428,0.263,0.852,0.784,0.607,0.268,0.859,0.805,0.376,0.263,0.852,0.784,0.607
429,0.758,0.296,0.808,0.799,0.775,0.298,0.829,0.601,0.758,0.296,0.808,0.799
430,0.826,0.165,0.723,0.715,0.844,0.166,0.742,0.503,0.826,0.165,0.723,0.715
431,0.256,0.333,0.566,0.961,0.262,0.335,0.580,0.791,0.256,0.333,0.566,0.961
432,0.201,0.017,0.684,0.913,0.205,0.017,0.702,0.734,0.201,0.017,0.684,0.913
433,0.004,0.319,0.419,1.001,0.004,0.321,0.430,0.837,0.004,0.319,0.419,1.001
434,0.315,0.212,0.043,0.994,0.321,0.214,0.044,0.829,0.315,0.212,0.043,0.994
435,0.115,0.323,0.644,0.927,0.118,0.325,0.661,0.751,0.115,0.323,0.644,0.927
436,0.518,0.831,0.526,0.823,0.529,0.837,0.540,0.628,0.518,0.831,0.526,0.823
437,0.204,0.833,0.843,0.631,0.208,0.839,0.865,0.404,0.204,0.833,0.843,0.631
438,0.825,0.768,0.706,0.687,0.843,0.774,0.725,0.469,0.825,0.768,0.706,0.687
439,0.007,0.044,0.023,1.003,0.007,0.044,0.023,0.840,0.007,0.044,0.023,1.003
440,0.081,0.281,0.067,1.001,0.083,0.283,0.069,0.837,0.081,0.281,0.067,1.001
441,0.862,0.260,0.453,0.763,0.881,0.261,0.465,0.558,0.862,0.260,0.453,0.763
442,0.833,0.889,0.446,0.546,0.851,0.895,0.457,0.304,0.833,0.889,0.446,0.546
443,0.363,0.358,0.845,0.772,0.371,0.360,0.867,0.569,0.363,0.358,0.845,0.772
444,0.002,0.313,0.383,1.004,0.002,0.315,0.393,0.841,0.002,0.313,0.383,1.004
445,0.061,0.820,0.833,0.662,0.063,0.826,0.854,0.440,0.061,0.820,0.833,0.662
446,0.474,0.411,0.035,0.966,0.484,0.414,0.036,0.796,0.474,0.411,0.035,0.966
447,0.149,0.283,0.808,0.824,0.152,0.285,0.829,0.630,0.149,0.283,0.808,0.824
448,0.775,0.297,0.273,0.954,0.792,0.299,0.280,0.783,0.775,0.297,0.273,0.954
449,0.403,0.911,0.119,0.696,0.411,0.918,0.122,0.480,0.403,0.911,0.119,0.696
450,0.100,0.390,0.692,0.883,0.102,0.393,0.710,0.699,0.100,0.390,0.692,0.883
451,0.095,0.392,0.060,0.983,0.097,0.395,0.061,0.817,0.095,0.392,0.060,0.983
452,0.883,0.816,0.253,0.591,0.902,0.823,0.259,0.357,0.883,0.816,0.253,0.591
453,0.399,0.332,0.616,0.913,0.408,0.334,0.632,0.735,0.399,0.332,0.616,0.913
454,0.368,0.028,0.170,0.987,0.375,0.028,0.175,0.821,0.368,0.028,0.170,0.987
455,0.067,0.862,0.265,0.771,0.069,0.868,0.272,0.568,0.067,0.862,0.265,0.771
456,0.326,0.774,0.177,0.946,0.333,0.780,0.181,0.773,0.326,0.774,0.177,0.946
457,0.834,0.497,0.583,0.780,0.852,0.501,0.599,0.578,0.834,0.497,0.583,0.780
458,0.848,0.278,0.885,0.593,0.866,0.280,0.908,0.360,0.848,0.278,0.885,0.593
459,0.309,0.199,0.503,0.994,0.316,0.200,0.516,0.829,0.309,0.199,0.503,0.994
460,0.468,0.773,0.700,0.835,0.478,0.779,0.718,0.643,0.468,0.773,0.700,0.835
461,0.825,0.303,0.275,0.837,0.843,0.305,0.282,0.645,0.825,0.303,0.275,0.837
462,0.210,0.174,0.532,1.002,0.214,0.175,0.546,0.838,0.210,0.174,0.532,1.002
463,0.723,0.891,0.798,0.588,0.738,0.898,0.819,0.354,0.723,0.891,0.798,0.588
464,0.427,0.407,0.107,0.958,0.436,0.410,0.109,0.787,0.427,0.407,0.107,0.958
465,0.263,0.767,0.534,0.955,0.268,0.773,0.548,0.783,0.263,0.767,0.534,0.955
466,0.839,0.389,0.521,0.771,0.858,0.392,0.534,0.568,0.839,0.389,0.521,0.771
467,0.882,0.376,0.524,0.699,0.901,0.379,0.537,0.483,0.882,0.376,0.524,0.699
468,0.225,0.924,0.730,0.599,0.230,0.931,0.749,0.367,0.225,0.924,0.730,0.599
469,0.850,0.404,0.017,0.754,0.869,0.407,0.017,0.548,0.850,0.404,0.017,0.754
470,0.894,0.393,0.753,0.550,0.914,0.395,0.772,0.309,0.894,0.393,0.753,0.550
471,0.182,0.268,0.747,0.864,0.186,0.270,0.766,0.677,0.182,0.268,0.747,0.864
472,0.282,0.007,0.585,0.964,0.288,0.007,0.600,0.793,0.282,0.007,0.585,0.964
473,0.842,0.321,0.819,0.601,0.860,0.324,0.841,0.369,0.842,0.321,0.819,0.601
474,0.924,0.399,0.523,0.694,0.944,0.402,0.537,0.478,0.924,0.399,0.523,0.694
475,0.288,0.218,0.793,0.828,0.294,0.220,0.814,0.635,0.288,0.218,0.793,0.828
476,0.767,0.872,0.070,0.709,0.783,0.879,0.072,0.495,0.767,0.872,0.070,0.709
477,0.441,0.432,0.715,0.841,0.450,0.435,0.734,0.650,0.441,0.432,0.715,0.841
478,0.328,0.831,0.144,0.810,0.335,0.838,0.148,0.613,0.328,0.831,0.144,0.810
479,0.480,0.807,0.719,0.749,0.491,0.813,0.738,0.542,0.480,0.807,0.719,0.749
480,0.121,0.388,0.058,0.985,0.124,0.390,0.060,0.818,0.121,0.388,0.058,0.985
481,0.276,0.231,0.645,0.932,0.282,0.233,0.662,0.757,0.276,0.231,0.645,0.932
482,0.046,0.828,0.502,0.827,0.047,0.835,0.515,0.633,0.046,0.828,0.502,0.827
483,0.036,0.870,0.121,0.748,0.037,0.877,0.124,0.541,0.036,0.870,0.121,0.748
484,0.766,0.425,0.476,0.952,0.783,0.429,0.488,0.779,0.766,0.425,0.476,0.952
485,0.465,0.777,0.627,0.876,0.475,0.783,0.643,0.691,0.465,0.777,0.627,0.876
486,0.501,0.809,0.378,0.889,0.512,0.815,0.388,0.706,0.501,0.809,0.378,0.889
487,0.826,0.780,0.936,0.629,0.844,0.786,0.960,0.402,0.826,0.780,0.936,0.629
488,0.292,0.907,0.797,0.535,0.299,0.914,0.818,0.292,0.292,0.907,0.797,0.535
489,0.888,0.257,0.840,0.533,0.907,0.258,0.861,0.289,0.888,0.257,0.840,0.533
490,0.266,0.881,0.052,0.727,0.271,0.888,0.053,0.516,0.266,0.881,0.052,0.727
491,0.144,0.916,0.710,0.612,0.147,0.923,0.728,0.381,0.144,0.916,0.710,0.612
492,0.870,0.072,0.380,0.761,0.889,0.072,0.389,0.556,0.870,0.072,0.380,0.761
493,0.050,0.845,0.849,0.601,0.051,0.852,0.871,0.369,0.050,0.845,0.849,0.601
494,0.333,0.405,0.517,0.957,0.340,0.408,0.531,0.785,0.333,0.405,0.517,0.957
495,0.423,0.400,0.172,0.961,0.432,0.403,0.176,0.790,0.423,0.400,0.172,0.961
496,0.424,0.128,0.625,0.930,0.433,0.129,0.641,0.754,0.424,0.128,0.625,0.930
497,0.088,0.276,0.576,0.973,0.090,0.278,0.591,0.805,0.088,0.276,0.576,0.973
498,0.107,0.907,0.837,0.533,0.109,0.914,0.858,0.289,0.107,0.907,0.837,0.533
499,0.306,0.910,0.691,0.606,0.313,0.917,0.709,0.375,0.306,0.910,0.691,0.606
500,0.332,0.302,0.561,0.955,0.339,0.304,0.576,0.784,0.332,0.302,0.561,0.955
501,0.426,0.297,0.701,0.864,0.436,0.299,0.719,0.676,0.426,0.297,0.701,0.864
502,0.341,0.036,0.533,0.975,0.349,0.036,0.547,0.807,0.341,0.036,0.533,0.975
503,0.896,0.260,0.607,0.671,0.916,0.262,0.623,0.451,0.896,0.260,0.607,0.671
504,0.821,0.133,0.505,0.848,0.839,0.133,0.518,0.658,0.821,0.133,0.505,0.848
505,0.150,0.327,0.691,0.894,0.154,0.329,0.709,0.712,0.150,0.327,0.691,0.894
506,0.979,0.017,0.138,0.888,1.000,0.017,0.142,0.705,0.979,0.017,0.138,0.888
507,0.776,0.753,0.132,0.948,0.793,0.759,0.136,0.775,0.776,0.753,0.132,0.948
508,0.883,0.057,0.580,0.700,0.902,0.057,0.595,0.485,0.883,0.057,0.580,0.700
509,0.790,0.224,0.568,0.897,0.807,0.225,0.582,0.716,0.790,0.224,0.568,0.897
510,0.320,0.413,0.793,0.794,0.326,0.416,0.814,0.595,0.320,0.413,0.793,0.794
511,0.049,0.362,0.481,0.987,0.050,0.365,0.494,0.821,0.049,0.362,0.481,0.987
512,0.922,0.025,0.704,0.615,0.942,0.025,0.723,0.385,0.922,0.025,0.704,0.615
513,0.059,0.363,0.879,0.797,0.060,0.366,0.902,0.598,0.059,0.363,0.879,0.797
514,0.363,0.902,0.716,0.577,0.370,0.909,0.735,0.341,0.363,0.902,0.716,0.577
515,0.785,0.009,0.543,0.915,0.802,0.009,0.557,0.737,0.785,0.009,0.543,0.915
516,0.244,0.082,0.000,1.005,0.250,0.082,0.000,0.842,0.244,0.082,0.000,1.005
517,0.847,0.219,0.236,0.798,0.866,0.220,0.242,0.600,0.847,0.219,0.236,0.798
518,0.804,0.316,0.599,0.833,0.821,0.318,0.614,0.641,0.804,0.316,0.599,0.833
519,0.794,0.090,0.491,0.914,0.811,0.090,0.504,0.736,0.794,0.090,0.491,0.914
520,0.134,0.878,0.669,0.655,0.136,0.885,0.686,0.433,0.134,0.878,0.669,0.655
521,0.894,0.308,0.568,0.683,0.913,0.310,0.583,0.465,0.894,0.308,0.568,0.683
522,0.323,0.319,0.680,0.884,0.330,0.322,0.698,0.700,0.323,0.319,0.680,0.884
523,0.188,0.876,0.887,0.557,0.192,0.883,0.910,0.317,0.188,0.876,0.887,0.557
524,0.018,0.247,0.611,0.956,0.018,0.249,0.627,0.784,0.018,0.247,0.611,0.956
525,0.006,0.862,0.080,0.757,0.006,0.869,0.082,0.552,0.006,0.862,0.080,0.757
526,0.857,0.786,0.581,0.659,0.876,0.792,0.596,0.437,0.857,0.786,0.581,0.659
527,0.803,0.116,0.564,0.870,0.820,0.117,0.578,0.684,0.803,0.116,0.564,0.870
528,0.087,0.790,0.807,0.745,0.089,0.796,0.828,0.538,0.087,0.790,0.807,0.745
529,0.461,0.349,0.044,0.967,0.471,0.351,0.045,0.798,0.461,0.349,0.044,0.967
530,0.249,0.455,0.609,0.938,0.254,0.458,0.625,0.764,0.249,0.455,0.609,0.938
531,0.469,0.240,0.749,0.847,0.480,0.242,0.769,0.657,0.469,0.240,0.749,0.847
532,0.879,0.172,0.756,0.591,0.898,0.173,0.775,0.357,0.879,0.172,0.756,0.591
533,0.845,0.867,0.106,0.539,0.863,0.874,0.109,0.296,0.845,0.867,0.106,0.539
534,0.513,0.781,0.729,0.819,0.524,0.786,0.748,0.624,0.513,0.781,0.729,0.819
535,0.357,0.476,0.548,0.954,0.365,0.479,0.563,0.783,0.357,0.476,0.548,0.954
536,0.077,0.296,0.858,0.807,0.078,0.298,0.881,0.610,0.077,0.296,0.858,0.807
537,0.235,0.009,0.332,1.018,0.240,0.009,0.340,0.857,0.235,0.009,0.332,1.018
538,0.908,0.014,0.852,0.526,0.928,0.014,0.875,0.280,0.908,0.014,0.852,0.526
539,0.877,0.186,0.409,0.753,0.896,0.187,0.420,0.547,0.877,0.186,0.409,0.753
540,0.768,0.203,0.583,0.939,0.785,0.205,0.598,0.765,0.768,0.203,0.583,0.939
541,0.009,0.209,0.664,0.926,0.009,0.210,0.682,0.749,0.009,0.209,0.664,0.926
542,0.837,0.267,0.108,0.806,0.855,0.269,0.111,0.609,0.837,0.267,0.108,0.806
543,0.783,0.894,0.716,0.533,0.800,0.901,0.734,0.289,0.783,0.894,0.716,0.533
544,0.094,0.878,0.581,0.706,0.096,0.885,0.596,0.492,0.094,0.878,0.581,0.706
545,0.142,0.085,0.699,0.907,0.145,0.085,0.717,0.727,0.142,0.085,0.699,0.907
546,0.906,0.806,0.167,0.598,0.925,0.813,0.171,0.366,0.906,0.806,0.167,0.598
547,0.381,0.020,0.559,0.959,0.390,0.019,0.574,0.788,0.381,0.020,0.559,0.959
548,0.241,0.035,0.613,0.956,0.246,0.035,0.629,0.785,0.241,0.035,0.613,0.956
549,0.279,0.087,0.545,0.986,0.285,0.087,0.559,0.819,0.279,0.087,0.545,0.986
550,0.887,0.414,0.566,0.676,0.906,0.417,0.581,0.456,0.887,0.414,0.566,0.676
551,0.354,0.860,0.902,0.565,0.361,0.867,0.926,0.326,0.354,0.860,0.902,0.565
552,0.322,0.078,0.807,0.815,0.329,0.079,0.828,0.619,0.322,0.078,0.807,0.815
553,0.787,0.081,0.829,0.742,0.805,0.081,0.850,0.534,0.787,0.081,0.829,0.742
554,0.228,0.904,0.515,0.713,0.233,0.910,0.529,0.500,0.228,0.904,0.515,0.713
555,0.276,0.197,0.720,0.881,0.282,0.198,0.739,0.697,0.276,0.197,0.720,0.881
556,0.003,0.337,0.229,0.995,0.003,0.339,0.235,0.830,0.003,0.337,0.229,0.995
557,0.827,0.184,0.119,0.839,0.845,0.186,0.122,0.648,0.827,0.184,0.119,0.839
558,0.783,0.472,0.505,0.919,0.800,0.476,0.518,0.741,0.783,0.472,0.505,0.919
559,0.219,0.796,0.171,0.914,0.224,0.802,0.175,0.735,0.219,0.796,0.171,0.914
560,0.396,0.856,0.337,0.758,0.405,0.863,0.346,0.552,0.396,0.856,0.337,0.758
561,0.178,0.030,0.723,0.886,0.182,0.030,0.742,0.702,0.178,0.030,0.723,0.886
562,0.326,0.419,0.895,0.784,0.333,0.422,0.918,0.583,0.326,0.419,0.895,0.784
563,0.074,0.288,0.560,0.977,0.076,0.291,0.574,0.810,0.074,0.288,0.560,0.977
564,0.417,0.417,0.645,0.887,0.426,0.420,0.662,0.704,0.417,0.417,0.645,0.887
565,0.096,0.352,0.645,0.920,0.098,0.355,0.662,0.742,0.096,0.352,0.645,0.920
566,0.016,0.799,0.239,0.908,0.016,0.805,0.245,0.728,0.016,0.799,0.239,0.908
567,0.384,0.350,0.763,0.808,0.392,0.352,0.783,0.612,0.384,0.350,0.763,0.808
568,0.054,0.138,0.715,0.893,0.055,0.139,0.733,0.711,0.054,0.138,0.715,0.893
569,0.033,0.930,0.162,0.739,0.033,0.937,0.166,0.531,0.033,0.930,0.162,0.739
570,0.374,0.393,0.726,0.831,0.382,0.396,0.745,0.638,0.374,0.393,0.726,0.831
571,0.172,0.858,0.439,0.780,0.176,0.865,0.450,0.579,0.172,0.858,0.439,0.780
572,0.083,0.367,0.703,0.876,0.085,0.369,0.722,0.691,0.083,0.367,0.703,0.876
573,0.775,0.755,0.857,0.752,0.792,0.761,0.880,0.546,0.775,0.755,0.857,0.752
574,0.118,0.838,0.100,0.813,0.120,0.844,0.103,0.617,0.118,0.838,0.100,0.813
575,0.901,0.199,0.426,0.732,0.920,0.200,0.437,0.523,0.901,0.199,0.426,0.732
576,0.152,0.909,0.792,0.552,0.155,0.916,0.812,0.312,0.152,0.909,0.792,0.552
577,0.828,0.470,0.377,0.829,0.846,0.473,0.387,0.636,0.828,0.470,0.377,0.829
578,0.844,0.019,0.703,0.684,0.862,0.019,0.721,0.466,0.844,0.019,0.703,0.684
579,0.075,0.925,0.734,0.598,0.076,0.932,0.753,0.366,0.075,0.925,0.734,0.598
580,0.764,0.187,0.686,0.884,0.781,0.188,0.704,0.701,0.764,0.187,0.686,0.884
581,0.410,0.495,0.753,0.830,0.419,0.498,0.773,0.637,0.410,0.495,0.753,0.830
582,0.036,0.426,0.864,0.790,0.036,0.429,0.887,0.590,0.036,0.426,0.864,0.790
583,0.801,0.046,0.446,0.904,0.818,0.047,0.458,0.723,0.801,0.046,0.446,0.904
584,0.170,0.486,0.002,1.000,0.173,0.489,0.002,0.836,0.170,0.486,0.002,1.000
585,0.815,0.274,0.669,0.772,0.832,0.276,0.686,0.569,0.815,0.274,0.669,0.772
586,0.281,0.335,0.194,0.988,0.287,0.337,0.199,0.822,0.281,0.335,0.194,0.988
587,0.043,0.208,0.657,0.933,0.044,0.210,0.674,0.757,0.043,0.208,0.657,0.933
588,0.372,0.318,0.317,0.981,0.380,0.321,0.325,0.814,0.372,0.318,0.317,0.981
589,0.177,0.042,0.762,0.859,0.181,0.042,0.781,0.671,0.177,0.042,0.762,0.859
590,0.371,0.081,0.631,0.925,0.379,0.081,0.648,0.749,0.371,0.081,0.631,0.925
591,0.419,0.866,0.097,0.729,0.428,0.872,0.099,0.519,0.419,0.866,0.097,0.729
592,0.017,0.831,0.771,0.663,0.017,0.838,0.791,0.442,0.017,0.831,0.771,0.663
593,0.807,0.033,0.482,0.882,0.825,0.033,0.495,0.698,0.807,0.033,0.482,0.882
594,0.923,0.389,0.115,0.704,0.943,0.392,0.117,0.489,0.923,0.389,0.115,0.704
595,0.351,0.766,0.694,0.851,0.358,0.772,0.712,0.662,0.351,0.766,0.694,0.851
596,0.351,0.779,0.792,0.753,0.359,0.785,0.813,0.547,0.351,0.779,0.792,0.753
597,0.755,0.869,0.040,0.735,0.771,0.876,0.041,0.526,0.755,0.869,0.040,0.735
598,0.008,0.367,0.154,0.985,0.008,0.370,0.158,0.819,0.008,0.367,0.154,0.985
599,0.795,0.848,0.401,0.702,0.812,0.854,0.411,0.487,0.795,0.848,0.401,0.702
600,0.839,0.875,0.363,0.553,0.857,0.881,0.373,0.313,0.839,0.875,0.363,0.553
601,0.014,0.100,0.513,1.002,0.014,0.100,0.526,0.839,0.014,0.100,0.513,1.002
602,0.469,0.868,0.909,0.562,0.479,0.875,0.933,0.324,0.469,0.868,0.909,0.562
603,0.025,0.923,0.254,0.736,0.026,0.930,0.260,0.526,0.025,0.923,0.254,0.736
604,0.967,0.837,0.062,0.641,0.989,0.843,0.064,0.416,0.967,0.837,0.062,0.641
605,0.145,0.026,0.160,1.014,0.148,0.026,0.165,0.853,0.145,0.026,0.160,1.014
606,0.824,0.450,0.633,0.758,0.842,0.453,0.650,0.553,0.824,0.450,0.633,0.758
607,0.195,0.382,0.702,0.877,0.199,0.385,0.721,0.692,0.195,0.382,0.702,0.877
608,0.393,0.375,0.513,0.952,0.401,0.378,0.527,0.779,0.393,0.375,0.513,0.952
609,0.359,0.340,0.487,0.967,0.367,0.342,0.500,0.797,0.359,0.340,0.487,0.967
610,0.202,0.858,0.834,0.580,0.207,0.865,0.856,0.345,0.202,0.858,0.834,0.580
611,0.764,0.405,0.697,0.848,0.780,0.408,0.715,0.658,0.764,0.405,0.697,0.848
612,0.075,0.930,0.656,0.661,0.076,0.937,0.673,0.440,0.075,0.930,0.656,0.661
613,0.791,0.238,0.177,0.923,0.809,0.239,0.182,0.745,0.791,0.238,0.177,0.923
614,0.129,0.899,0.777,0.561,0.132,0.906,0.798,0.322,0.129,0.899,0.777,0.561
615,0.184,0.855,0.162,0.780,0.188,0.862,0.167,0.579,0.184,0.855,0.162,0.780
616,0.211,0.342,0.666,0.907,0.216,0.344,0.683,0.728,0.211,0.342,0.666,0.907
617,0.144,0.031,0.567,0.985,0.147,0.031,0.582,0.818,0.144,0.031,0.567,0.985
618,0.861,0.477,0.046,0.748,0.880,0.481,0.047,0.541,0.861,0.477,0.046,0.748
619,0.294,0.834,0.857,0.616,0.300,0.840,0.879,0.386,0.294,0.834,0.857,0.616
620,0.218,0.879,0.151,0.740,0.223,0.886,0.155,0.531,0.218,0.879,0.151,0.740
621,0.845,0.335,0.735,0.642,0.863,0.338,0.754,0.417,0.845,0.335,0.735,0.642
622,0.289,0.280,0.584,0.957,0.295,0.282,0.600,0.786,0.289,0.280,0.584,0.957
623,0.220,0.378,0.027,0.982,0.225,0.380,0.028,0.815,0.220,0.378,0.027,0.982
624,0.327,0.875,0.698,0.618,0.334,0.882,0.716,0.388,0.327,0.875,0.698,0.618
625,0.095,0.129,0.779,0.850,0.097,0.130,0.799,0.661,0.095,0.129,0.779,0.850
626,0.120,0.874,0.535,0.732,0.122,0.881,0.549,0.522,0.120,0.874,0.535,0.732
627,0.849,0.100,0.413,0.798,0.868,0.101,0.424,0.600,0.849,0.100,0.413,0.798
628,0.282,0.456,0.755,0.833,0.288,0.459,0.774,0.640,0.282,0.456,0.755,0.833
629,0.309,0.087,0.620,0.944,0.315,0.088,0.636,0.770,0.309,0.087,0.620,0.944
630,0.294,0.908,0.065,0.708,0.301,0.915,0.067,0.494,0.294,0.908,0.065,0.708
631,0.149,0.314,0.783,0.832,0.152,0.316,0.803,0.639,0.149,0.314,0.783,0.832
632,0.739,0.790,0.618,0.886,0.755,0.796,0.634,0.703,0.739,0.790,0.618,0.886
633,0.874,0.920,0.112,0.461,0.893,0.927,0.115,0.205,0.874,0.920,0.112,0.461
634,0.178,0.232,0.551,0.992,0.181,0.233,0.565,0.827,0.178,0.232,0.551,0.992
635,0.313,0.897,0.767,0.551,0.320,0.904,0.787,0.310,0.313,0.897,0.767,0.551
636,0.865,0.180,0.822,0.574,0.884,0.181,0.844,0.337,0.865,0.180,0.822,0.574
637,0.189,0.898,0.566,0.699,0.193,0.905,0.581,0.483,0.189,0.898,0.566,0.699
638,0.080,0.390,0.549,0.965,0.082,0.393,0.563,0.796,0.080,0.390,0.549,0.965
639,0.211,0.916,0.781,0.560,0.215,0.923,0.801,0.320,0.211,0.916,0.781,0.560
640,0.293,0.841,0.316,0.805,0.300,0.847,0.324,0.608,0.293,0.841,0.316,0.805
641,0.110,0.465,0.676,0.904,0.112,0.468,0.693,0.724,0.110,0.465,0.676,0.904
642,0.002,0.493,0.008,0.997,0.002,0.497,0.008,0.833,0.002,0.493,0.008,0.997
643,0.378,0.157,0.027,0.985,0.387,0.158,0.028,0.819,0.378,0.157,0.027,0.985
644,0.234,0.339,0.715,0.870,0.239,0.341,0.734,0.683,0.234,0.339,0.715,0.870
645,0.240,0.147,0.554,0.990,0.245,0.148,0.568,0.825,0.240,0.147,0.554,0.990
646,0.006,0.034,0.885,0.818,0.006,0.034,0.908,0.622,0.006,0.034,0.885,0.818
647,0.200,0.415,0.019,0.983,0.204,0.418,0.019,0.816,0.200,0.415,0.019,0.983
648,0.296,0.131,0.741,0.863,0.302,0.132,0.760,0.676,0.296,0.131,0.741,0.863
649,0.909,0.114,0.024,0.721,0.929,0.115,0.025,0.509,0.909,0.114,0.024,0.721
650,0.118,0.362,0.621,0.935,0.120,0.364,0.637,0.759,0.118,0.362,0.621,0.935
651,0.896,0.299,0.399,0.722,0.916,0.301,0.409,0.510,0.896,0.299,0.399,0.722
652,0.187,0.368,0.024,0.986,0.191,0.371,0.025,0.819,0.187,0.368,0.024,0.986
653,0.347,0.475,0.557,0.952,0.355,0.478,0.572,0.780,0.347,0.475,0.557,0.952
654,0.506,0.010,0.030,1.004,0.517,0.010,0.031,0.841,0.506,0.010,0.030,1.004
655,0.385,0.768,0.452,0.953,0.393,0.774,0.464,0.781,0.385,0.768,0.452,0.953
656,0.857,0.140,0.516,0.765,0.876,0.141,0.530,0.561,0.857,0.140,0.516,0.765
657,0.126,0.279,0.826,0.817,0.128,0.281,0.847,0.622,0.126,0.279,0.826,0.817
658,0.329,0.923,0.749,0.568,0.336,0.930,0.768,0.330,0.329,0.923,0.749,0.568
659,0.831,0.273,0.741,0.679,0.850,0.275,0.761,0.460,0.831,0.273,0.741,0.679
660,0.296,0.079,0.568,0.973,0.302,0.079,0.583,0.804,0.296,0.079,0.568,0.973
661,0.792,0.762,0.676,0.802,0.809,0.768,0.693,0.604,0.792,0.762,0.676,0.802
662,0.234,0.786,0.164,0.935,0.239,0.792,0.168,0.760,0.234,0.786,0.164,0.935
663,0.806,0.011,0.713,0.765,0.823,0.011,0.731,0.561,0.806,0.011,0.713,0.765
664,0.902,0.826,0.605,0.503,0.922,0.832,0.620,0.254,0.902,0.826,0.605,0.503
665,0.763,0.269,0.061,0.974,0.779,0.270,0.062,0.806,0.763,0.269,0.061,0.974
666,0.769,0.845,0.683,0.659,0.786,0.851,0.701,0.436,0.769,0.845,0.683,0.659
667,0.472,0.040,0.848,0.801,0.482,0.040,0.870,0.603,0.472,0.040,0.848,0.801
668,0.350,0.778,0.058,0.928,0.357,0.784,0.060,0.752,0.350,0.778,0.058,0.928
669,0.426,0.083,0.774,0.824,0.435,0.083,0.794,0.630,0.426,0.083,0.774,0.824
670,0.371,0.120,0.892,0.804,0.379,0.121,0.915,0.607,0.371,0.120,0.892,0.804
671,0.041,0.898,0.338,0.733,0.042,0.905,0.347,0.523,0.041,0.898,0.338,0.733
672,0.934,0.019,0.786,0.573,0.954,0.019,0.807,0.336,0.934,0.019,0.786,0.573
673,0.210,0.779,0.133,0.952,0.215,0.785,0.136,0.779,0.210,0.779,0.133,0.952
674,0.409,0.039,0.514,0.975,0.418,0.039,0.527,0.806,0.409,0.039,0.514,0.975
675,0.896,0.828,0.322,0.558,0.915,0.834,0.330,0.318,0.896,0.828,0.322,0.558
676,0.905,0.296,0.882,0.521,0.925,0.298,0.905,0.275,0.905,0.296,0.882,0.521
677,0.436,0.766,0.775,0.789,0.445,0.772,0.796,0.588,0.436,0.766,0.775,0.789
678,0.882,0.826,0.084,0.560,0.902,0.832,0.086,0.321,0.882,0.826,0.084,0.560
679,0.489,0.284,0.593,0.953,0.500,0.286,0.609,0.781,0.489,0.284,0.593,0.953
680,0.200,0.834,0.923,0.661,0.204,0.841,0.947,0.439,0.200,0.834,0.923,0.661
681,0.139,0.166,0.769,0.859,0.142,0.168,0.789,0.670,0.139,0.166,0.769,0.859
682,0.786,0.941,0.246,0.688,0.803,0.948,0.252,0.470,0.786,0.941,0.246,0.688
683,0.827,0.058,0.873,0.645,0.845,0.058,0.896,0.420,0.827,0.058,0.873,0.645
684,0.256,0.849,0.074,0.781,0.262,0.855,0.076,0.580,0.256,0.849,0.074,0.781
685,0.776,0.777,0.330,0.910,0.793,0.782,0.338,0.731,0.776,0.777,0.330,0.910
686,0.850,0.416,0.796,0.584,0.868,0.419,0.817,0.349,0.850,0.416,0.796,0.584
687,0.236,0.173,0.554,0.991,0.242,0.174,0.569,0.825,0.236,0.173,0.554,0.991
688,0.005,0.572,0.804,0.871,0.005,0.576,0.825,0.685,0.005,0.572,0.804,0.871
689,0.228,0.899,0.124,0.722,0.233,0.906,0.127,0.511,0.228,0.899,0.124,0.722
690,0.910,0.380,0.229,0.703,0.930,0.383,0.235,0.488,0.910,0.380,0.229,0.703
691,0.028,0.768,0.459,0.975,0.029,0.774,0.471,0.807,0.028,0.768,0.459,0.975
692,0.911,0.495,0.694,0.611,0.931,0.499,0.712,0.381,0.911,0.495,0.694,0.611
693,0.114,0.770,0.717,0.849,0.116,0.776,0.736,0.659,0.114,0.770,0.717,0.849
694,0.023,0.308,0.101,0.994,0.024,0.310,0.103,0.829,0.023,0.308,0.101,0.994
695,0.048,0.880,0.589,0.697,0.049,0.887,0.605,0.482,0.048,0.880,0.589,0.697
696,0.921,0.773,0.597,0.638,0.941,0.779,0.613,0.412,0.921,0.773,0.597,0.638
697,0.885,0.106,0.669,0.647,0.904,0.107,0.687,0.422,0.885,0.106,0.669,0.647
698,0.467,0.853,0.680,0.667,0.477,0.860,0.698,0.446,0.467,0.853,0.680,0.667
699,0.125,0.297,0.583,0.967,0.127,0.299,0.598,0.798,0.125,0.297,0.583,0.967
700,0.787,0.469,0.489,0.914,0.804,0.473,0.502,0.735,0.787,0.469,0.489,0.914
701,0.520,0.818,0.798,0.690,0.531,0.824,0.819,0.473,0.520,0.818,0.798,0.690
702,0.442,0.887,0.888,0.519,0.451,0.894,0.911,0.273,0.442,0.887,0.888,0.519
703,0.844,0.309,0.001,0.780,0.862,0.311,0.001,0.579,0.844,0.309,0.001,0.780
704,0.768,0.800,0.204,0.866,0.785,0.807,0.210,0.679,0.768,0.800,0.204,0.866
705,0.276,0.859,0.776,0.597,0.282,0.865,0.796,0.365,0.276,0.859,0.776,0.597
706,0.445,0.924,0.673,0.619,0.454,0.931,0.690,0.390,0.445,0.924,0.673,0.619
707,0.085,0.855,0.624,0.719,0.087,0.862,0.640,0.507,0.085,0.855,0.624,0.719
708,0.350,0.499,0.013,0.982,0.358,0.503,0.013,0.815,0.350,0.499,0.013,0.982
709,0.788,0.845,0.723,0.589,0.805,0.852,0.741,0.354,0.788,0.845,0.723,0.589
710,0.898,0.114,0.848,0.532,0.918,0.115,0.870,0.288,0.898,0.114,0.848,0.532
711,0.755,0.174,0.678,0.908,0.772,0.175,0.696,0.728,0.755,0.174,0.678,0.908
712,0.212,0.296,0.761,0.847,0.216,0.298,0.780,0.657,0.212,0.296,0.761,0.847
713,0.840,0.847,0.572,0.557,0.858,0.853,0.586,0.318,0.840,0.847,0.572,0.557
714,0.109,0.294,0.511,0.995,0.111,0.296,0.524,0.830,0.109,0.294,0.511,0.995
715,0.850,0.372,0.120,0.760,0.869,0.375,0.123,0.555,0.850,0.372,0.120,0.760
716,0.917,0.173,0.004,0.724,0.936,0.175,0.004,0.513,0.917,0.173,0.004,0.724
717,0.039,0.798,0.862,0.710,0.040,0.805,0.885,0.496,0.039,0.798,0.862,0.710
718,0.843,0.016,0.754,0.649,0.861,0.016,0.773,0.425,0.843,0.016,0.754,0.649
719,0.123,0.906,0.066,0.722,0.126,0.913,0.067,0.511,0.123,0.906,0.066,0.722
720,0.141,0.285,0.584,0.970,0.144,0.287,0.599,0.801,0.141,0.285,0.584,0.970
721,0.343,0.085,0.796,0.816,0.350,0.085,0.817,0.621,0.343,0.085,0.796,0.816
722,0.441,0.306,0.524,0.963,0.451,0.308,0.538,0.792,0.441,0.306,0.524,0.963
723,0.277,0.825,0.227,0.839,0.282,0.831,0.232,0.648,0.277,0.825,0.227,0.839
724,0.897,0.736,0.011,0.739,0.917,0.742,0.012,0.530,0.897,0.736,0.011,0.739
725,0.266,0.887,0.839,0.532,0.272,0.894,0.861,0.288,0.266,0.887,0.839,0.532
726,0.057,0.203,0.560,0.988,0.059,0.204,0.575,0.822,0.057,0.203,0.560,0.988
727,0.419,0.403,0.636,0.893,0.428,0.406,0.652,0.711,0.419,0.403,0.636,0.893
728,0.913,0.011,0.325,0.731,0.932,0.011,0.334,0.521,0.913,0.011,0.325,0.731
729,0.135,0.422,0.051,0.985,0.138,0.425,0.053,0.819,0.135,0.422,0.051,0.985
730,0.825,0.408,0.671,0.726,0.843,0.411,0.689,0.516,0.825,0.408,0.671,0.726
731,0.072,0.888,0.050,0.726,0.073,0.895,0.051,0.515,0.072,0.888,0.050,0.726
732,0.774,0.812,0.516,0.814,0.791,0.818,0.529,0.618,0.774,0.812,0.516,0.814
733,0.383,0.903,0.913,0.525,0.391,0.910,0.936,0.279,0.383,0.903,0.913,0.525
734,0.231,0.287,0.534,0.986,0.236,0.289,0.548,0.819,0.231,0.287,0.534,0.986
735,0.437,0.992,0.001,0.933,0.446,1.000,0.001,0.758,0.437,0.992,0.001,0.933
736,0.394,0.788,0.346,0.914,0.402,0.794,0.355,0.736,0.394,0.788,0.346,0.914
737,0.837,0.913,0.907,0.351,0.855,0.920,0.931,0.076,0.837,0.913,0.907,0.351
738,0.035,0.086,0.739,0.873,0.035,0.086,0.758,0.687,0.035,0.086,0.739,0.873
739,0.042,0.428,0.029,0.980,0.043,0.431,0.030,0.813,0.042,0.428,0.029,0.980
740,0.922,0.773,0.693,0.577,0.942,0.779,0.711,0.341,0.922,0.773,0.693,0.577
741,0.900,0.337,0.816,0.518,0.919,0.340,0.837,0.272,0.900,0.337,0.816,0.518
742,0.392,0.839,0.530,0.768,0.400,0.846,0.544,0.565,0.392,0.839,0.530,0.768
743,0.827,0.118,0.731,0.706,0.845,0.119,0.751,0.491,0.827,0.118,0.731,0.706
744,0.140,0.271,0.673,0.918,0.143,0.273,0.690,0.740,0.140,0.271,0.673,0.918
745,0.014,0.849,0.304,0.794,0.014,0.856,0.312,0.595,0.014,0.849,0.304,0.794
746,0.365,0.813,0.157,0.847,0.373,0.819,0.161,0.657,0.365,0.813,0.157,0.847
747,0.198,0.916,0.580,0.693,0.202,0.923,0.595,0.477,0.198,0.916,0.580,0.693
748,0.229,0.395,0.643,0.915,0.233,0.397,0.659,0.736,0.229,0.395,0.643,0.915
749,0.133,0.044,0.534,0.998,0.136,0.044,0.548,0.834,0.133,0.044,0.534,0.998
750,0.299,0.241,0.688,0.897,0.305,0.243,0.706,0.715,0.299,0.241,0.688,0.897
751,0.805,0.348,0.220,0.873,0.823,0.350,0.226,0.687,0.805,0.348,0.220,0.873
752,0.921,0.895,0.042,0.438,0.941,0.902,0.043,0.178,0.921,0.895,0.042,0.438
753,0.218,0.776,0.167,0.958,0.222,0.782,0.171,0.787,0.218,0.776,0.167,0.958
754,0.175,0.307,0.021,0.997,0.178,0.309,0.022,0.832,0.175,0.307,0.021,0.997
755,0.893,0.286,0.580,0.682,0.913,0.288,0.595,0.464,0.893,0.286,0.580,0.682
756,0.919,0.860,0.315,0.493,0.939,0.866,0.323,0.242,0.919,0.860,0.315,0.493
757,0.904,0.132,0.197,0.729,0.924,0.133,0.202,0.519,0.904,0.132,0.197,0.729
758,0.855,0.168,0.900,0.598,0.874,0.169,0.923,0.365,0.855,0.168,0.900,0.598
759,0.866,0.495,0.679,0.655,0.885,0.499,0.697,0.433,0.866,0.495,0.679,0.655
760,0.046,0.798,0.915,0.737,0.047,0.804,0.939,0.528,0.046,0.798,0.915,0.737
761,0.091,0.023,0.591,0.971,0.092,0.023,0.607,0.802,0.091,0.023,0.591,0.971
762,0.904,0.882,0.482,0.445,0.924,0.889,0.494,0.186,0.904,0.882,0.482,0.445
763,0.831,0.092,0.589,0.791,0.849,0.093,0.604,0.591,0.831,0.092,0.589,0.791
764,0.786,0.030,0.925,0.774,0.803,0.030,0.950,0.571,0.786,0.030,0.925,0.774
765,0.917,0.400,0.041,0.696,0.937,0.403,0.043,0.480,0.917,0.400,0.041,0.696
766,0.418,0.338,0.668,0.879,0.427,0.341,0.685,0.694,0.418,0.338,0.668,0.879
767,0.265,0.316,0.184,0.993,0.271,0.319,0.188,0.828,0.265,0.316,0.184,0.993
768,0.312,0.913,0.016,0.705,0.319,0.920,0.016,0.490,0.312,0.913,0.016,0.705
769,0.237,0.779,0.644,0.878,0.242,0.785,0.660,0.693,0.237,0.779,0.644,0.878
770,0.088,0.042,0.496,1.008,0.089,0.042,0.509,0.845,0.088,0.042,0.496,1.008
771,0.284,0.407,0.039,0.972,0.290,0.410,0.040,0.803,0.284,0.407,0.039,0.972
772,0.358,0.770,0.173,0.948,0.366,0.776,0.178,0.775,0.358,0.770,0.173,0.948
773,0.270,0.200,0.634,0.943,0.276,0.202,0.651,0.769,0.270,0.200,0.634,0.943
774,0.015,0.448,0.018,0.982,0.015,0.451,0.018,0.815,0.015,0.448,0.018,0.982
775,0.834,0.863,0.242,0.578,0.852,0.869,0.248,0.342,0.834,0.863,0.242,0.578
776,0.316,0.843,0.460,0.788,0.323,0.850,0.472,0.588,0.316,0.843,0.460,0.788
777,0.805,0.190,0.569,0.863,0.822,0.191,0.584,0.676,0.805,0.190,0.569,0.863
778,0.818,0.028,0.306,0.864,0.836,0.028,0.314,0.677,0.818,0.028,0.306,0.864
779,0.163,0.361,0.610,0.942,0.166,0.364,0.626,0.768,0.163,0.361,0.610,0.942
780,0.323,0.817,0.466,0.846,0.330,0.823,0.478,0.656,0.323,0.817,0.466,0.846
781,0.065,0.838,0.126,0.811,0.066,0.845,0.129,0.614,0.065,0.838,0.126,0.811
782,0.025,0.814,0.319,0.875,0.025,0.821,0.327,0.689,0.025,0.814,0.319,0.875
783,0.828,0.529,0.870,0.654,0.846,0.533,0.892,0.431,0.828,0.529,0.870,0.654
784,0.892,0.177,0.233,0.735,0.911,0.178,0.239,0.526,0.892,0.177,0.233,0.735
785,0.890,0.480,0.755,0.565,0.910,0.483,0.775,0.326,0.890,0.480,0.755,0.565
786,0.225,0.078,0.650,0.938,0.230,0.078,0.667,0.763,0.225,0.078,0.650,0.938
787,0.272,0.156,0.777,0.844,0.277,0.157,0.797,0.653,0.272,0.156,0.777,0.844
788,0.151,0.813,0.349,0.883,0.155,0.820,0.358,0.699,0.151,0.813,0.349,0.883
789,0.315,0.156,0.681,0.904,0.322,0.157,0.699,0.723,0.315,0.156,0.681,0.904
790,0.376,0.095,0.860,0.794,0.384,0.095,0.882,0.595,0.376,0.095,0.860,0.794
791,0.837,0.800,0.848,0.509,0.856,0.806,0.870,0.261,0.837,0.800,0.848,0.509
792,0.925,0.944,0.775,0.325,0.945,0.951,0.795,0.046,0.925,0.944,0.775,0.325
793,0.084,0.016,0.247,1.017,0.086,0.016,0.254,0.856,0.084,0.016,0.247,1.017
794,0.224,0.152,0.529,1.001,0.228,0.153,0.543,0.838,0.224,0.152,0.529,1.001
795,0.458,0.912,0.857,0.509,0.468,0.919,0.879,0.261,0.458,0.912,0.857,0.509
796,0.205,0.402,0.639,0.919,0.209,0.405,0.656,0.741,0.205,0.402,0.639,0.919
797,0.898,0.050,0.864,0.529,0.917,0.050,0.886,0.284,0.898,0.050,0.864,0.529
798,0.361,0.802,0.547,0.854,0.368,0.808,0.561,0.665,0.361,0.802,0.547,0.854
799,0.021,0.782,0.649,0.866,0.022,0.788,0.666,0.680,0.021,0.782,0.649,0.866
800,0.841,0.023,0.059,0.800,0.859,0.023,0.060,0.601,0.841,0.023,0.059,0.800
801,0.099,0.002,0.845,0.817,0.101,0.002,0.867,0.621,0.099,0.002,0.845,0.817
802,0.323,0.147,0.736,0.862,0.330,0.147,0.756,0.674,0.323,0.147,0.736,0.862
803,0.335,0.214,0.113,0.992,0.342,0.216,0.116,0.827,0.335,0.214,0.113,0.992
804,0.935,0.373,0.672,0.634,0.956,0.376,0.690,0.407,0.935,0.373,0.672,0.634
805,0.038,0.919,0.370,0.737,0.038,0.926,0.380,0.528,0.038,0.919,0.370,0.737
806,0.523,0.803,0.666,0.818,0.534,0.809,0.684,0.623,0.523,0.803,0.666,0.818
807,0.773,0.300,0.811,0.767,0.790,0.302,0.832,0.563,0.773,0.300,0.811,0.767
808,0.354,0.399,0.512,0.955,0.361,0.402,0.525,0.783,0.354,0.399,0.512,0.955
809,0.423,0.816,0.658,0.758,0.432,0.822,0.675,0.553,0.423,0.816,0.658,0.758
810,0.005,0.435,0.844,0.791,0.005,0.438,0.866,0.591,0.005,0.435,0.844,0.791
811,0.318,0.280,0.690,0.885,0.325,0.282,0.708,0.701,0.318,0.280,0.690,0.885
812,0.069,0.345,0.093,0.989,0.070,0.348,0.095,0.823,0.069,0.345,0.093,0.989
813,0.897,0.396,0.858,0.503,0.917,0.399,0.881,0.254,0.897,0.396,0.858,0.503
814,0.899,0.316,0.032,0.704,0.919,0.318,0.032,0.489,0.899,0.316,0.032,0.704
815,0.433,0.348,0.559,0.941,0.442,0.350,0.573,0.767,0.433,0.348,0.559,0.941
816,0.819,0.185,0.726,0.728,0.837,0.187,0.745,0.518,0.819,0.185,0.726,0.728
817,0.029,0.499,0.609,0.956,0.029,0.503,0.625,0.785,0.029,0.499,0.609,0.956
818,0.869,0.547,0.647,0.705,0.888,0.551,0.663,0.490,0.869,0.547,0.647,0.705
819,0.447,0.038,0.790,0.815,0.457,0.038,0.811,0.619,0.447,0.038,0.790,0.815
820,0.239,0.821,0.002,0.845,0.244,0.827,0.002,0.654,0.239,0.821,0.002,0.845
821,0.783,0.823,0.159,0.777,0.800,0.829,0.164,0.575,0.783,0.823,0.159,0.777
822,0.300,0.139,0.053,0.999,0.306,0.140,0.054,0.835,0.300,0.139,0.053,0.999
823,0.374,0.417,0.878,0.769,0.382,0.420,0.901,0.565,0.374,0.417,0.878,0.769
824,0.437,0.257,0.499,0.978,0.447,0.259,0.512,0.811,0.437,0.257,0.499,0.978
825,0.044,0.137,0.600,0.969,0.045,0.138,0.616,0.800,0.044,0.137,0.600,0.969
826,0.340,0.347,0.076,0.968,0.348,0.350,0.078,0.799,0.340,0.347,0.076,0.968
827,0.131,0.249,0.537,0.995,0.134,0.251,0.551,0.831,0.131,0.249,0.537,0.995
828,0.362,0.380,0.215,0.967,0.369,0.382,0.221,0.798,0.362,0.380,0.215,0.967
829,0.895,0.100,0.612,0.676,0.914,0.100,0.628,0.456,0.895,0.100,0.612,0.676
830,0.388,0.885,0.490,0.703,0.397,0.892,0.503,0.488,0.388,0.885,0.490,0.703
831,0.790,0.384,0.473,0.899,0.808,0.387,0.485,0.718,0.790,0.384,0.473,0.899
832,0.221,0.831,0.371,0.838,0.226,0.837,0.381,0.647,0.221,0.831,0.371,0.838
833,0.886,0.273,0.584,0.688,0.905,0.275,0.599,0.471,0.886,0.273,0.584,0.688
834,0.244,0.037,0.861,0.813,0.249,0.037,0.884,0.618,0.244,0.037,0.861,0.813
835,0.074,0.290,0.633,0.938,0.076,0.292,0.649,0.764,0.074,0.290,0.633,0.938
836,0.163,0.387,0.495,0.985,0.167,0.389,0.508,0.819,0.163,0.387,0.495,0.985
837,0.796,0.043,0.596,0.869,0.813,0.043,0.611,0.682,0.796,0.043,0.596,0.869
838,0.121,0.241,0.576,0.980,0.123,0.243,0.591,0.813,0.121,0.241,0.576,0.980
839,0.044,0.849,0.815,0.602,0.045,0.856,0.837,0.369,0.044,0.849,0.815,0.602
840,0.841,0.266,0.207,0.804,0.859,0.268,0.213,0.606,0.841,0.266,0.207,0.804
841,0.125,0.145,0.561,0.992,0.128,0.146,0.575,0.827,0.125,0.145,0.561,0.992
842,0.209,0.771,0.611,0.918,0.213,0.777,0.627,0.740,0.209,0.771,0.611,0.918
843,0.869,0.913,0.349,0.475,0.888,0.920,0.358,0.221,0.869,0.913,0.349,0.475
844,0.812,0.911,0.393,0.593,0.830,0.918,0.404,0.359,0.812,0.911,0.393,0.593
845,0.173,0.793,0.759,0.768,0.177,0.799,0.779,0.565,0.173,0.793,0.759,0.768
846,0.819,0.970,0.835,0.504,0.836,0.977,0.857,0.255,0.819,0.970,0.835,0.504
847,0.037,0.934,0.590,0.705,0.038,0.941,0.605,0.490,0.037,0.934,0.590,0.705
848,0.325,0.207,0.608,0.947,0.332,0.208,0.624,0.774,0.325,0.207,0.608,0.947
849,0.869,0.322,0.052,0.732,0.888,0.324,0.053,0.522,0.869,0.322,0.052,0.732
850,0.493,0.048,0.662,0.921,0.504,0.048,0.680,0.744,0.493,0.048,0.662,0.921
851,0.916,0.174,0.577,0.696,0.936,0.175,0.592,0.480,0.916,0.174,0.577,0.696
852,0.030,0.460,0.790,0.818,0.030,0.463,0.810,0.623,0.030,0.460,0.790,0.818
853,0.117,0.389,0.826,0.799,0.119,0.392,0.847,0.601,0.117,0.389,0.826,0.799
854,0.455,0.376,0.698,0.857,0.464,0.379,0.716,0.669,0.455,0.376,0.698,0.857
855,0.204,0.190,0.651,0.941,0.209,0.192,0.668,0.767,0.204,0.190,0.651,0.941
856,0.330,0.336,0.182,0.977,0.337,0.338,0.186,0.809,0.330,0.336,0.182,0.977
857,0.153,0.373,0.809,0.808,0.156,0.376,0.830,0.611,0.153,0.373,0.809,0.808
858,0.019,0.133,0.793,0.838,0.019,0.134,0.813,0.647,0.019,0.133,0.793,0.838
859,0.804,0.821,0.467,0.735,0.821,0.827,0.479,0.525,0.804,0.821,0.467,0.735
860,0.021,0.403,0.468,0.984,0.021,0.406,0.481,0.818,0.021,0.403,0.468,0.984
861,0.079,0.344,0.655,0.914,0.080,0.346,0.672,0.736,0.079,0.344,0.655,0.914
862,0.003,0.136,0.041,1.008,0.003,0.137,0.042,0.845,0.003,0.136,0.041,1.008
863,0.774,0.816,0.906,0.634,0.791,0.822,0.930,0.408,0.774,0.816,0.906,0.634
864,0.756,0.011,0.102,0.993,0.772,0.011,0.105,0.828,0.756,0.011,0.102,0.993
865,0.058,0.342,0.797,0.814,0.059,0.345,0.818,0.619,0.058,0.342,0.797,0.814
866,0.264,0.374,0.142,0.982,0.269,0.376,0.146,0.815,0.264,0.374,0.142,0.982
867,0.342,0.818,0.558,0.813,0.349,0.824,0.573,0.617,0.342,0.818,0.558,0.813
868,0.262,0.771,0.006,0.958,0.268,0.776,0.006,0.787,0.262,0.771,0.006,0.958
869,0.901,0.246,0.417,0.728,0.921,0.248,0.428,0.518,0.901,0.246,0.417,0.728
870,0.920,0.317,0.677,0.619,0.940,0.319,0.695,0.390,0.920,0.317,0.677,0.619
871,0.410,0.191,0.686,0.888,0.419,0.192,0.703,0.705,0.410,0.191,0.686,0.888
872,0.769,0.488,0.795,0.788,0.785,0.492,0.815,0.588,0.769,0.488,0.795,0.788
873,0.858,0.354,0.559,0.724,0.877,0.357,0.574,0.512,0.858,0.354,0.559,0.724
874,0.273,0.824,0.872,0.643,0.279,0.831,0.895,0.418,0.273,0.824,0.872,0.643
875,0.297,0.829,0.429,0.828,0.303,0.835,0.441,0.635,0.297,0.829,0.429,0.828
876,0.190,0.810,0.156,0.881,0.194,0.816,0.160,0.696,0.190,0.810,0.156,0.881
877,0.275,0.812,0.325,0.874,0.281,0.819,0.333,0.689,0.275,0.812,0.325,0.874
878,0.809,0.164,0.044,0.879,0.827,0.165,0.045,0.695,0.809,0.164,0.044,0.879
879,0.215,0.200,0.007,1.010,0.220,0.201,0.007,0.847,0.215,0.200,0.007,1.010
880,0.079,0.031,0.180,1.013,0.080,0.031,0.185,0.851,0.079,0.031,0.180,1.013
881,0.889,0.141,0.846,0.538,0.908,0.142,0.868,0.295,0.889,0.141,0.846,0.538
882,0.253,0.782,0.888,0.751,0.259,0.788,0.911,0.544,0.253,0.782,0.888,0.751
883,0.430,0.155,0.655,0.912,0.440,0.156,0.672,0.733,0.430,0.155,0.655,0.912
884,0.266,0.841,0.218,0.804,0.272,0.847,0.223,0.606,0.266,0.841,0.218,0.804
885,0.941,0.902,0.766,0.314,0.962,0.909,0.786,0.033,0.941,0.902,0.766,0.314
886,0.764,0.424,0.519,0.945,0.781,0.427,0.533,0.772,0.764,0.424,0.519,0.945
887,0.243,0.222,0.684,0.911,0.249,0.224,0.701,0.732,0.243,0.222,0.684,0.911
888,0.056,0.950,0.876,0.591,0.057,0.958,0.899,0.357,0.056,0.950,0.876,0.591
889,0.820,0.826,0.501,0.675,0.838,0.833,0.514,0.455,0.820,0.826,0.501,0.675
890,0.880,0.749,0.593,0.695,0.899,0.755,0.608,0.479,0.880,0.749,0.593,0.695
891,0.822,0.259,0.231,0.849,0.840,0.261,0.237,0.660,0.822,0.259,0.231,0.849
892,0.475,0.068,0.660,0.916,0.485,0.068,0.677,0.738,0.475,0.068,0.660,0.916
893,0.060,0.792,0.034,0.915,0.061,0.798,0.035,0.737,0.060,0.792,0.034,0.915
894,0.411,0.435,0.028,0.956,0.419,0.438,0.028,0.784,0.411,0.435,0.028,0.956
895,0.245,0.800,0.510,0.891,0.251,0.806,0.523,0.709,0.245,0.800,0.510,0.891
896,0.811,0.270,0.212,0.872,0.829,0.272,0.218,0.687,0.811,0.270,0.212,0.872
897,0.246,0.064,0.774,0.846,0.251,0.065,0.794,0.656,0.246,0.064,0.774,0.846
898,0.054,0.842,0.509,0.796,0.055,0.848,0.522,0.597,0.054,0.842,0.509,0.796
899,0.800,0.253,0.330,0.909,0.817,0.255,0.339,0.729,0.800,0.253,0.330,0.909
900,0.779,0.342,0.801,0.750,0.796,0.344,0.822,0.544,0.779,0.342,0.801,0.750
901,0.803,0.871,0.531,0.618,0.820,0.878,0.545,0.388,0.803,0.871,0.531,0.618
902,0.788,0.440,0.162,0.907,0.805,0.443,0.166,0.727,0.788,0.440,0.162,0.907
903,0.197,0.378,0.063,0.985,0.201,0.381,0.064,0.819,0.197,0.378,0.063,0.985
904,0.159,0.376,0.754,0.840,0.163,0.379,0.774,0.649,0.159,0.376,0.754,0.840
905,0.776,0.175,0.175,0.962,0.793,0.176,0.179,0.792,0.776,0.175,0.175,0.962
906,0.648,0.008,0.005,1.082,0.662,0.008,0.005,0.932,0.648,0.008,0.005,1.082
907,0.141,0.117,0.840,0.825,0.144,0.117,0.862,0.631,0.141,0.117,0.840,0.825
908,0.306,0.431,0.486,0.971,0.312,0.434,0.499,0.803,0.306,0.431,0.486,0.971
909,0.884,0.060,0.912,0.560,0.904,0.061,0.936,0.321,0.884,0.060,0.912,0.560
910,0.030,0.310,0.569,0.967,0.030,0.312,0.584,0.797,0.030,0.310,0.569,0.967
911,0.036,0.857,0.454,0.775,0.037,0.864,0.466,0.573,0.036,0.857,0.454,0.775
912,0.095,0.067,0.018,1.009,0.097,0.068,0.018,0.847,0.095,0.067,0.018,1.009
913,0.123,0.331,0.019,0.992,0.126,0.333,0.020,0.827,0.123,0.331,0.019,0.992
914,0.863,0.142,0.139,0.765,0.882,0.143,0.143,0.561,0.863,0.142,0.139,0.765
915,0.912,0.939,0.709,0.350,0.932,0.946,0.728,0.075,0.912,0.939,0.709,0.350
916,0.938,0.024,0.099,0.749,0.958,0.024,0.102,0.542,0.938,0.024,0.099,0.749
917,0.752,0.419,0.030,0.975,0.768,0.422,0.031,0.807,0.752,0.419,0.030,0.975
918,0.053,0.763,0.855,0.788,0.055,0.769,0.877,0.588,0.053,0.763,0.855,0.788
919,0.164,0.851,0.874,0.595,0.168,0.858,0.897,0.361,0.164,0.851,0.874,0.595
920,0.231,0.162,0.824,0.826,0.236,0.163,0.846,0.632,0.231,0.162,0.824,0.826
921,0.883,0.162,0.893,0.552,0.903,0.163,0.916,0.311,0.883,0.162,0.893,0.552
922,0.200,0.057,0.596,0.971,0.205,0.057,0.612,0.802,0.200,0.057,0.596,0.971
923,0.866,0.783,0.104,0.685,0.885,0.789,0.106,0.468,0.866,0.783,0.104,0.685
924,0.771,0.139,0.245,0.977,0.788,0.139,0.251,0.809,0.771,0.139,0.245,0.977
925,0.014,0.373,0.526,0.972,0.014,0.376,0.539,0.803,0.014,0.373,0.526,0.972
926,0.269,0.848,0.639,0.716,0.275,0.855,0.655,0.503,0.269,0.848,0.639,0.716
927,0.196,0.874,0.808,0.565,0.200,0.881,0.829,0.327,0.196,0.874,0.808,0.565
928,0.876,0.293,0.898,0.548,0.895,0.295,0.921,0.307,0.876,0.293,0.898,0.548
929,0.319,0.171,0.693,0.895,0.326,0.173,0.711,0.713,0.319,0.171,0.693,0.895
930,0.316,0.167,0.652,0.924,0.323,0.168,0.669,0.747,0.316,0.167,0.652,0.924
931,0.533,0.807,0.641,0.833,0.545,0.813,0.658,0.640,0.533,0.807,0.641,0.833
932,0.792,0.167,0.646,0.851,0.810,0.168,0.663,0.662,0.792,0.167,0.646,0.851
933,0.035,0.794,0.592,0.875,0.036,0.800,0.608,0.689,0.035,0.794,0.592,0.875
934,0.254,0.423,0.725,0.853,0.259,0.427,0.744,0.664,0.254,0.423,0.725,0.853
935,0.934,0.881,0.927,0.314,0.955,0.888,0.951,0.032,0.934,0.881,0.927,0.314
936,0.165,0.769,0.158,0.975,0.169,0.775,0.162,0.807,0.165,0.769,0.158,0.975
937,0.024,0.216,0.601,0.965,0.025,0.218,0.617,0.795,0.024,0.216,0.601,0.965
938,0.802,0.020,0.495,0.890,0.820,0.020,0.508,0.707,0.802,0.020,0.495,0.890
939,0.086,0.370,0.555,0.965,0.088,0.373,0.569,0.795,0.086,0.370,0.555,0.965
940,0.448,0.345,0.516,0.959,0.458,0.347,0.529,0.788,0.448,0.345,0.516,0.959
941,0.114,0.026,0.517,1.002,0.117,0.026,0.530,0.839,0.114,0.026,0.517,1.002
942,0.778,0.103,0.176,0.956,0.795,0.104,0.180,0.785,0.778,0.103,0.176,0.956
943,0.856,0.911,0.850,0.292,0.874,0.918,0.872,0.007,0.856,0.911,0.850,0.292
944,0.838,0.207,0.524,0.802,0.856,0.208,0.538,0.604,0.838,0.207,0.524,0.802
945,0.275,0.918,0.755,0.569,0.280,0.925,0.774,0.332,0.275,0.918,0.755,0.569
946,0.843,0.317,0.820,0.599,0.861,0.320,0.842,0.366,0.843,0.317,0.820,0.599
947,0.365,0.219,0.057,0.985,0.373,0.220,0.059,0.818,0.365,0.219,0.057,0.985
948,0.072,0.178,0.555,0.992,0.074,0.179,0.570,0.827,0.072,0.178,0.555,0.992
949,0.328,0.187,0.847,0.803,0.336,0.188,0.869,0.605,0.328,0.187,0.847,0.803
950,0.439,0.450,0.656,0.887,0.448,0.453,0.673,0.704,0.439,0.450,0.656,0.887
951,0.082,0.854,0.630,0.718,0.083,0.860,0.647,0.505,0.082,0.854,0.630,0.718
952,0.772,0.108,0.222,0.973,0.788,0.108,0.228,0.805,0.772,0.108,0.222,0.973
953,0.423,0.390,0.164,0.961,0.432,0.393,0.168,0.790,0.423,0.390,0.164,0.961
954,0.779,0.013,0.371,0.957,0.796,0.013,0.381,0.786,0.779,0.013,0.371,0.957
955,0.334,0.770,0.373,0.962,0.341,0.775,0.383,0.792,0.334,0.770,0.373,0.962
956,0.046,0.492,0.749,0.857,0.047,0.496,0.769,0.669,0.046,0.492,0.749,0.857
957,0.003,0.239,0.400,1.016,0.003,0.240,0.410,0.855,0.003,0.239,0.400,1.016
958,0.389,0.135,0.558,0.964,0.397,0.136,0.572,0.794,0.389,0.135,0.558,0.964
959,0.391,0.061,0.805,0.804,0.400,0.062,0.826,0.607,0.391,0.061,0.805,0.804
960,0.047,0.106,0.746,0.869,0.048,0.106,0.765,0.683,0.047,0.106,0.746,0.869
961,0.153,0.010,0.745,0.869,0.157,0.010,0.765,0.682,0.153,0.010,0.745,0.869
962,0.814,0.873,0.272,0.609,0.832,0.880,0.279,0.379,0.814,0.873,0.272,0.609
963,0.780,0.326,0.635,0.866,0.797,0.328,0.651,0.679,0.780,0.326,0.635,0.866
964,0.868,0.852,0.089,0.523,0.887,0.858,0.091,0.278,0.868,0.852,0.089,0.523
965,0.931,0.081,0.838,0.550,0.952,0.082,0.860,0.309,0.931,0.081,0.838,0.550
966,0.352,0.146,0.554,0.970,0.360,0.147,0.569,0.801,0.352,0.146,0.554,0.970
967,0.810,0.425,0.029,0.848,0.827,0.428,0.029,0.658,0.810,0.425,0.029,0.848
968,0.851,0.842,0.091,0.572,0.869,0.849,0.093,0.335,0.851,0.842,0.091,0.572
969,0.868,0.104,0.374,0.766,0.887,0.104,0.384,0.562,0.868,0.104,0.374,0.766
970,0.402,0.029,0.794,0.808,0.411,0.029,0.814,0.611,0.402,0.029,0.794,0.808
971,0.817,0.130,0.202,0.867,0.835,0.131,0.207,0.680,0.817,0.130,0.202,0.867
972,0.157,0.871,0.031,0.749,0.160,0.877,0.031,0.542,0.157,0.871,0.031,0.749
973,0.472,0.850,0.719,0.645,0.482,0.857,0.738,0.421,0.472,0.850,0.719,0.645
974,0.801,0.354,0.480,0.875,0.819,0.357,0.493,0.690,0.801,0.354,0.480,0.875
975,0.833,0.487,0.082,0.811,0.851,0.491,0.085,0.615,0.833,0.487,0.082,0.811
976,0.398,0.926,0.877,0.516,0.407,0.933,0.900,0.269,0.398,0.926,0.877,0.516
977,0.402,0.267,0.832,0.788,0.411,0.269,0.854,0.588,0.402,0.267,0.832,0.788
978,0.857,0.922,0.242,0.498,0.875,0.929,0.249,0.248,0.857,0.922,0.242,0.498
979,0.013,0.025,0.632,0.944,0.013,0.025,0.648,0.771,0.013,0.025,0.632,0.944
980,0.822,0.422,0.392,0.833,0.840,0.425,0.403,0.640,0.822,0.422,0.392,0.833
981,0.002,0.239,0.262,1.014,0.002,0.241,0.269,0.852,0.002,0.239,0.262,1.014
982,0.329,0.290,0.546,0.964,0.336,0.292,0.560,0.794,0.329,0.290,0.546,0.964
983,0.326,0.350,0.635,0.908,0.333,0.353,0.651,0.728,0.326,0.350,0.635,0.908
984,0.839,0.748,0.635,0.746,0.857,0.753,0.652,0.539,0.839,0.748,0.635,0.746
985,0.091,0.815,0.462,0.870,0.093,0.821,0.474,0.683,0.091,0.815,0.462,0.870
986,0.129,0.020,0.709,0.896,0.132,0.020,0.727,0.714,0.129,0.020,0.709,0.896
987,0.120,0.054,0.819,0.827,0.123,0.054,0.840,0.634,0.120,0.054,0.819,0.827
988,0.264,0.801,0.056,0.890,0.270,0.807,0.058,0.707,0.264,0.801,0.056,0.890
989,0.835,0.141,0.604,0.775,0.853,0.141,0.620,0.572,0.835,0.141,0.604,0.775
990,0.203,0.835,0.094,0.818,0.207,0.841,0.096,0.623,0.203,0.835,0.094,0.818
991,0.799,0.304,0.338,0.902,0.816,0.306,0.347,0.721,0.799,0.304,0.338,0.902
992,0.925,0.928,0.665,0.374,0.945,0.935,0.683,0.103,0.925,0.928,0.665,0.374
993,0.207,0.404,0.578,0.953,0.212,0.407,0.593,0.781,0.207,0.404,0.578,0.953
994,0.349,0.817,0.350,0.849,0.357,0.823,0.359,0.660,0.349,0.817,0.350,0.849
995,0.471,0.920,0.737,0.575,0.482,0.927,0.756,0.339,0.471,0.920,0.737,0.575
996,0.387,0.441,0.729,0.830,0.395,0.444,0.748,0.637,0.387,0.441,0.729,0.830
997,0.168,0.850,0.779,0.623,0.172,0.856,0.799,0.395,0.168,0.850,0.779,0.623
998,0.047,0.242,0.800,0.830,0.048,0.244,0.821,0.637,0.047,0.242,0.800,0.830
999,0.215,0.827,0.865,0.644,0.219,0.833,0.887,0.419,0.215,0.827,0.865,0.644
1000,0.011,0.333,0.137,0.990,0.011,0.335,0.141,0.825,0.011,0.333,0.137,0.990
1001,0.832,0.772,0.277,0.786,0.850,0.778,0.284,0.585,0.832,0.772,0.277,0.786
1002,0.382,0.314,0.104,0.970,0.390,0.316,0.107,0.800,0.382,0.314,0.104,0.970
1003,0.785,0.332,0.418,0.926,0.802,0.334,0.429,0.749,0.785,0.332,0.418,0.926
1004,0.298,0.119,0.509,0.995,0.305,0.119,0.522,0.831,0.298,0.119,0.509,0.995
1005,0.027,0.000,0.932,0.855,0.028,0.000,0.956,0.667,0.027,0.000,0.932,0.855
1006,0.078,0.845,0.388,0.808,0.080,0.851,0.399,0.611,0.078,0.845,0.388,0.808
1007,0.393,0.750,0.697,0.874,0.402,0.756,0.715,0.688,0.393,0.750,0.697,0.874
1008,0.379,0.013,0.034,0.979,0.387,0.013,0.035,0.812,0.379,0.013,0.034,0.979
1009,0.319,0.280,0.595,0.946,0.326,0.282,0.610,0.773,0.319,0.280,0.595,0.946
1010,0.271,0.444,0.493,0.978,0.277,0.448,0.506,0.811,0.271,0.444,0.493,0.978
1011,0.935,0.765,0.011,0.711,0.955,0.771,0.011,0.497,0.935,0.765,0.011,0.711
1012,0.020,0.339,0.538,0.973,0.020,0.341,0.552,0.804,0.020,0.339,0.538,0.973
1013,0.307,0.277,0.136,0.990,0.314,0.279,0.139,0.825,0.307,0.277,0.136,0.990
1014,0.369,0.915,0.050,0.697,0.377,0.922,0.052,0.481,0.369,0.915,0.050,0.697
1015,0.887,0.430,0.203,0.708,0.907,0.433,0.209,0.495,0.887,0.430,0.203,0.708
1016,0.233,0.819,0.094,0.852,0.238,0.826,0.096,0.663,0.233,0.819,0.094,0.852
1017,0.846,0.061,0.736,0.658,0.864,0.061,0.755,0.435,0.846,0.061,0.736,0.658
1018,0.916,0.843,0.212,0.519,0.936,0.849,0.217,0.273,0.916,0.843,0.212,0.519
1019,0.871,0.318,0.685,0.634,0.890,0.320,0.703,0.408,0.871,0.318,0.685,0.634
1020,0.490,0.808,0.671,0.784,0.501,0.815,0.688,0.583,0.490,0.808,0.671,0.784
1021,0.212,0.790,0.454,0.929,0.216,0.796,0.466,0.753,0.212,0.790,0.454,0.929
1022,0.865,0.919,0.291,0.482,0.884,0.926,0.299,0.230,0.865,0.919,0.291,0.482
1023,0.143,0.368,0.074,0.988,0.146,0.370,0.075,0.822,0.143,0.368,0.074,0.988
1024,0.804,0.140,0.004,0.890,0.822,0.141,0.004,0.707,0.804,0.140,0.004,0.890
1025,0.458,0.897,0.770,0.544,0.468,0.904,0.790,0.302,0.458,0.897,0.770,0.544
1026,0.347,0.826,0.540,0.802,0.354,0.832,0.554,0.604,0.347,0.826,0.540,0.802
1027,0.788,0.304,0.148,0.917,0.805,0.306,0.152,0.739,0.788,0.304,0.148,0.917
1028,0.398,0.059,0.541,0.967,0.407,0.059,0.555,0.797,0.398,0.059,0.541,0.967
1029,0.019,0.840,0.324,0.815,0.020,0.846,0.332,0.619,0.019,0.840,0.324,0.815
1030,0.892,0.894,0.613,0.389,0.911,0.901,0.629,0.121,0.892,0.894,0.613,0.389
1031,0.443,0.453,0.617,0.913,0.452,0.456,0.633,0.735,0.443,0.453,0.617,0.913
1032,0.750,0.900,0.858,0.525,0.766,0.907,0.880,0.280,0.750,0.900,0.858,0.525
1033,0.234,0.221,0.744,0.868,0.239,0.222,0.764,0.682,0.234,0.221,0.744,0.868
1034,0.317,0.292,0.139,0.986,0.324,0.294,0.143,0.819,0.317,0.292,0.139,0.986
1035,0.292,0.497,0.691,0.893,0.298,0.501,0.709,0.711,0.292,0.497,0.691,0.893
1036,0.294,0.294,0.072,0.987,0.301,0.297,0.073,0.821,0.294,0.294,0.072,0.987
1037,0.809,0.857,0.080,0.638,0.826,0.864,0.082,0.412,0.809,0.857,0.080,0.638
1038,0.196,0.378,0.861,0.794,0.200,0.381,0.883,0.595,0.196,0.378,0.861,0.794
1039,0.625,0.003,0.086,1.079,0.638,0.003,0.089,0.928,0.625,0.003,0.086,1.079
1040,0.778,0.187,0.030,0.951,0.795,0.189,0.030,0.778,0.778,0.187,0.030,0.951
1041,0.327,0.858,0.607,0.705,0.334,0.864,0.623,0.491,0.327,0.858,0.607,0.705
1042,0.172,0.812,0.740,0.736,0.175,0.818,0.759,0.527,0.172,0.812,0.740,0.736
1043,0.829,0.292,0.453,0.825,0.847,0.294,0.464,0.631,0.829,0.292,0.453,0.825
1044,0.380,0.436,0.034,0.957,0.388,0.439,0.035,0.786,0.380,0.436,0.034,0.957
1045,0.327,0.926,0.856,0.523,0.334,0.933,0.878,0.277,0.327,0.926,0.856,0.523
1046,0.073,0.948,0.019,0.772,0.075,0.955,0.019,0.570,0.073,0.948,0.019,0.772
1047,0.347,0.777,0.601,0.889,0.354,0.783,0.616,0.706,0.347,0.777,0.601,0.889
1048,0.199,0.252,0.013,1.005,0.203,0.254,0.013,0.842,0.199,0.252,0.013,1.005
1049,0.388,0.199,0.812,0.804,0.396,0.201,0.833,0.606,0.388,0.199,0.812,0.804
1050,0.767,0.055,0.753,0.825,0.784,0.055,0.773,0.631,0.767,0.055,0.753,0.825
1051,0.867,0.832,0.745,0.426,0.886,0.838,0.764,0.164,0.867,0.832,0.745,0.426
1052,0.352,0.825,0.374,0.830,0.359,0.831,0.383,0.637,0.352,0.825,0.374,0.830
1053,0.813,0.906,0.261,0.589,0.830,0.913,0.268,0.355,0.813,0.906,0.261,0.589
1054,0.222,0.896,0.090,0.722,0.227,0.903,0.092,0.511,0.222,0.896,0.090,0.722
1055,0.389,0.889,0.166,0.704,0.398,0.896,0.171,0.489,0.389,0.889,0.166,0.704
1056,0.798,0.456,0.497,0.881,0.816,0.459,0.510,0.696,0.798,0.456,0.497,0.881
1057,0.923,0.793,0.871,0.444,0.943,0.799,0.893,0.185,0.923,0.793,0.871,0.444
1058,0.022,0.464,0.565,0.964,0.022,0.467,0.579,0.794,0.022,0.464,0.565,0.964
1059,0.173,0.846,0.658,0.716,0.176,0.853,0.676,0.504,0.173,0.846,0.658,0.716
1060,0.468,0.814,0.884,0.661,0.478,0.820,0.907,0.439,0.468,0.814,0.884,0.661
1061,0.460,0.387,0.066,0.963,0.470,0.390,0.067,0.793,0.460,0.387,0.066,0.963
1062,0.756,0.295,0.020,0.981,0.773,0.297,0.021,0.814,0.756,0.295,0.020,0.981
1063,0.773,0.832,0.736,0.641,0.790,0.838,0.755,0.415,0.773,0.832,0.736,0.641
1064,0.878,0.763,0.236,0.717,0.897,0.769,0.242,0.504,0.878,0.763,0.236,0.717
1065,0.771,0.250,0.797,0.787,0.788,0.251,0.818,0.587,0.771,0.250,0.797,0.787
1066,0.418,0.049,0.715,0.863,0.427,0.049,0.733,0.676,0.418,0.049,0.715,0.863
1067,0.329,0.905,0.752,0.556,0.336,0.912,0.772,0.316,0.329,0.905,0.752,0.556
1068,0.360,0.013,0.732,0.852,0.368,0.013,0.751,0.663,0.360,0.013,0.732,0.852
1069,0.746,0.888,0.659,0.653,0.762,0.895,0.676,0.430,0.746,0.888,0.659,0.653
1070,0.311,0.399,0.720,0.846,0.318,0.402,0.738,0.656,0.311,0.399,0.720,0.846
1071,0.863,0.442,0.180,0.741,0.882,0.445,0.185,0.532,0.863,0.442,0.180,0.741
1072,0.138,0.355,0.522,0.981,0.140,0.357,0.535,0.814,0.138,0.355,0.522,0.981
1073,0.238,0.198,0.826,0.823,0.243,0.200,0.848,0.629,0.238,0.198,0.826,0.823
1074,0.194,0.295,0.786,0.833,0.198,0.297,0.807,0.640,0.194,0.295,0.786,0.833
1075,0.000,0.526,0.271,1.028,0.000,0.530,0.278,0.868,0.000,0.526,0.271,1.028
1076,0.343,0.232,0.689,0.889,0.351,0.233,0.707,0.706,0.343,0.232,0.689,0.889
1077,0.008,0.820,0.493,0.846,0.009,0.827,0.506,0.656,0.008,0.820,0.493,0.846
1078,0.373,0.047,0.880,0.795,0.381,0.047,0.902,0.596,0.373,0.047,0.880,0.795
1079,0.759,0.776,0.893,0.751,0.776,0.782,0.916,0.544,0.759,0.776,0.893,0.751
1080,0.400,0.183,0.720,0.863,0.408,0.184,0.739,0.676,0.400,0.183,0.720,0.863
1081,0.875,0.133,0.445,0.752,0.894,0.134,0.456,0.546,0.875,0.133,0.445,0.752
1082,0.425,0.129,0.724,0.861,0.434,0.130,0.743,0.673,0.425,0.129,0.724,0.861
1083,0.222,0.292,0.694,0.896,0.226,0.294,0.712,0.714,0.222,0.292,0.694,0.896
1084,0.353,0.872,0.573,0.695,0.361,0.878,0.588,0.479,0.353,0.872,0.573,0.695
1085,0.478,0.008,0.809,0.813,0.488,0.008,0.830,0.617,0.478,0.008,0.809,0.813
1086,0.867,0.325,0.056,0.734,0.886,0.327,0.057,0.525,0.867,0.325,0.056,0.734
1087,0.221,0.903,0.656,0.644,0.226,0.910,0.673,0.419,0.221,0.903,0.656,0.644
1088,0.814,0.840,0.494,0.660,0.832,0.846,0.507,0.438,0.814,0.840,0.494,0.660
1089,0.293,0.837,0.431,0.810,0.299,0.844,0.442,0.613,0.293,0.837,0.431,0.810
1090,0.321,0.317,0.638,0.913,0.327,0.319,0.654,0.735,0.321,0.317,0.638,0.913
1091,0.098,0.463,0.806,0.814,0.100,0.467,0.827,0.618,0.098,0.463,0.806,0.814
1092,0.843,0.261,0.159,0.796,0.862,0.263,0.163,0.597,0.843,0.261,0.159,0.796
1093,0.796,0.126,0.011,0.909,0.813,0.126,0.011,0.730,0.796,0.126,0.011,0.909
1094,0.000,0.961,0.245,0.821,0.000,0.969,0.252,0.626,0.000,0.961,0.245,0.821
1095,0.320,0.817,0.422,0.851,0.327,0.824,0.433,0.662,0.320,0.817,0.422,0.851
1096,0.864,0.328,0.565,0.716,0.882,0.331,0.580,0.503,0.864,0.328,0.565,0.716
1097,0.222,0.023,0.829,0.819,0.227,0.023,0.851,0.625,0.222,0.023,0.829,0.819
1098,0.877,0.919,0.546,0.437,0.896,0.926,0.560,0.177,0.877,0.919,0.546,0.437
1099,0.001,0.468,0.465,0.994,0.001,0.472,0.477,0.829,0.001,0.468,0.465,0.994
1100,0.396,0.000,0.864,0.788,0.404,0.000,0.886,0.587,0.396,0.000,0.864,0.788
1101,0.191,0.007,0.501,1.006,0.195,0.007,0.514,0.843,0.191,0.007,0.501,1.006
1102,0.022,0.746,0.002,1.008,0.023,0.751,0.002,0.846,0.022,0.746,0.002,1.008
1103,0.797,0.028,0.338,0.916,0.815,0.028,0.346,0.738,0.797,0.028,0.338,0.916
1104,0.853,0.937,0.233,0.526,0.871,0.944,0.239,0.281,0.853,0.937,0.233,0.526
1105,0.821,0.108,0.458,0.856,0.839,0.109,0.469,0.668,0.821,0.108,0.458,0.856
1106,0.195,0.909,0.709,0.608,0.199,0.916,0.728,0.377,0.195,0.909,0.709,0.608
1107,0.151,0.498,0.620,0.955,0.154,0.501,0.636,0.783,0.151,0.498,0.620,0.955
1108,0.297,0.447,0.026,0.973,0.303,0.450,0.027,0.805,0.297,0.447,0.026,0.973
1109,0.197,0.273,0.875,0.815,0.201,0.275,0.898,0.619,0.197,0.273,0.875,0.815
1110,0.008,0.137,0.725,0.883,0.008,0.138,0.744,0.700,0.008,0.137,0.725,0.883
1111,0.829,0.155,0.109,0.835,0.847,0.156,0.111,0.643,0.829,0.155,0.109,0.835
1112,0.791,0.748,0.847,0.729,0.808,0.754,0.869,0.519,0.791,0.748,0.847,0.729
1113,0.777,0.154,0.559,0.933,0.794,0.155,0.573,0.757,0.777,0.154,0.559,0.933
1114,0.104,0.885,0.280,0.743,0.106,0.892,0.287,0.535,0.104,0.885,0.280,0.743
1115,0.128,0.402,0.875,0.796,0.131,0.405,0.897,0.597,0.128,0.402,0.875,0.796
1116,0.287,0.424,0.663,0.893,0.293,0.428,0.680,0.711,0.287,0.424,0.663,0.893
1117,0.353,0.415,0.154,0.964,0.361,0.418,0.158,0.794,0.353,0.415,0.154,0.964
1118,0.891,0.175,0.756,0.580,0.910,0.177,0.776,0.344,0.891,0.175,0.756,0.580
1119,0.431,0.850,0.544,0.742,0.441,0.857,0.558,0.534,0.431,0.850,0.544,0.742
1120,0.843,0.869,0.873,0.349,0.861,0.875,0.895,0.074,0.843,0.869,0.873,0.349
1121,0.887,0.970,0.837,0.377,0.906,0.977,0.859,0.106,0.887,0.970,0.837,0.377
1122,0.117,0.410,0.677,0.894,0.119,0.413,0.695,0.712,0.117,0.410,0.677,0.894
1123,0.794,0.884,0.670,0.548,0.812,0.891,0.687,0.307,0.794,0.884,0.670,0.548
1124,0.001,0.507,0.959,0.901,0.001,0.510,0.984,0.720,0.001,0.507,0.959,0.901
1125,0.876,0.838,0.734,0.407,0.895,0.845,0.753,0.141,0.876,0.838,0.734,0.407
1126,0.813,0.262,0.068,0.862,0.830,0.264,0.069,0.675,0.813,0.262,0.068,0.862
1127,0.943,0.038,0.693,0.657,0.963,0.038,0.711,0.435,0.943,0.038,0.693,0.657
1128,0.421,0.800,0.802,0.697,0.430,0.806,0.822,0.481,0.421,0.800,0.802,0.697
1129,0.023,0.279,0.889,0.814,0.023,0.281,0.912,0.618,0.023,0.279,0.889,0.814
1130,0.286,0.205,0.597,0.961,0.292,0.206,0.612,0.791,0.286,0.205,0.597,0.961
1131,0.799,0.493,0.448,0.902,0.816,0.496,0.460,0.722,0.799,0.493,0.448,0.902
