# {'f_': [3, 5], 'y_': [13, 14], 'x': [6, 8], 'y': [11, 12], 'f': [0, 2], 'N': 3, 'M': 3, 'mu_': [10, 10], 'n': 578, 'mu': [9, 9]}
348,0.257,0.002,0.999,0.277,0.002,0.987,0.257,0.002,0.999,2.750,2.792,-8.575,-71.187,0.369,0.021
289,0.005,0.018,1.002,0.006,0.019,0.990,0.005,0.018,1.002,2.176,2.212,-46.731,-3.984,0.036,0.550
524,0.000,0.881,0.591,0.000,0.935,0.516,0.000,0.881,0.591,1.615,1.728,-5.274,39.978,0.398,0.896
525,0.900,0.890,0.151,0.971,0.945,0.008,0.900,0.890,0.151,1.500,1.558,57.249,13.705,0.944,0.689
444,0.885,0.198,0.594,0.954,0.210,0.520,0.885,0.198,0.594,1.145,1.539,-14.032,-45.115,0.321,0.226
264,0.885,0.007,0.586,0.955,0.007,0.510,0.885,0.007,0.586,1.136,1.199,-36.529,-38.585,0.125,0.278
304,0.221,0.290,0.995,0.239,0.308,0.982,0.221,0.290,0.995,1.029,1.385,10.008,6.182,0.531,0.630
488,0.251,0.258,0.998,0.270,0.274,0.986,0.251,0.258,0.998,0.971,1.357,11.497,6.781,0.544,0.635
265,0.909,0.001,0.572,0.980,0.001,0.494,0.909,0.001,0.572,0.880,0.899,-37.061,-39.311,0.120,0.272
320,0.873,0.000,0.608,0.941,0.000,0.535,0.873,0.000,0.608,0.840,0.893,-36.001,-37.789,0.129,0.284
505,0.219,0.294,0.994,0.236,0.312,0.982,0.219,0.294,0.994,0.750,1.005,9.712,5.950,0.529,0.628
180,0.887,0.869,0.198,0.957,0.923,0.062,0.887,0.869,0.198,0.667,0.745,57.959,12.638,0.950,0.681
352,0.867,0.889,0.202,0.935,0.943,0.066,0.867,0.889,0.202,0.655,0.747,57.242,12.343,0.944,0.678
547,0.868,0.893,0.195,0.936,0.948,0.059,0.868,0.893,0.195,0.648,0.729,56.890,12.578,0.941,0.680
460,0.901,0.879,0.166,0.972,0.933,0.026,0.901,0.879,0.166,0.632,0.668,57.633,13.311,0.947,0.686
194,0.010,0.891,0.579,0.011,0.945,0.503,0.010,0.891,0.579,0.619,0.663,-5.259,39.415,0.398,0.891
6,0.879,0.007,0.596,0.948,0.007,0.522,0.879,0.007,0.596,0.583,0.620,-36.219,-38.273,0.127,0.280
183,0.903,0.211,0.578,0.974,0.224,0.501,0.903,0.211,0.578,0.559,0.745,-13.574,-45.444,0.325,0.224
185,0.903,0.211,0.578,0.974,0.224,0.501,0.903,0.211,0.578,0.559,0.745,-13.328,-45.493,0.327,0.223
442,0.899,0.217,0.579,0.969,0.230,0.502,0.899,0.217,0.579,0.514,0.696,-13.228,-45.140,0.328,0.226
75,0.875,0.863,0.234,0.943,0.916,0.104,0.875,0.863,0.234,0.500,0.596,57.966,11.472,0.950,0.671
270,0.895,0.218,0.581,0.965,0.231,0.504,0.895,0.218,0.581,0.500,0.681,-13.509,-44.881,0.326,0.228
385,0.219,0.296,0.994,0.236,0.314,0.981,0.219,0.296,0.994,0.500,0.671,9.643,5.701,0.528,0.626
455,0.867,0.888,0.203,0.934,0.943,0.068,0.867,0.888,0.203,0.500,0.571,57.312,12.181,0.945,0.677
91,0.017,0.898,0.574,0.018,0.953,0.496,0.017,0.898,0.574,0.467,0.499,-5.862,38.890,0.393,0.887
164,0.887,0.913,0.156,0.957,0.969,0.014,0.887,0.913,0.156,0.467,0.489,56.652,13.554,0.939,0.688
125,0.038,0.002,1.003,0.041,0.002,0.992,0.038,0.002,1.003,0.459,0.464,-46.611,-4.182,0.037,0.548
308,0.907,0.884,0.159,0.978,0.938,0.017,0.907,0.884,0.159,0.438,0.455,58.189,13.641,0.952,0.689
127,0.344,0.243,0.976,0.371,0.258,0.960,0.344,0.243,0.976,0.416,0.592,18.077,5.526,0.602,0.625
26,0.325,0.246,0.980,0.350,0.261,0.966,0.325,0.246,0.980,0.413,0.585,16.827,5.882,0.591,0.627
200,0.897,0.860,0.211,0.967,0.913,0.077,0.897,0.860,0.211,0.400,0.449,58.278,12.305,0.953,0.678
527,0.863,0.891,0.207,0.931,0.946,0.073,0.863,0.891,0.207,0.375,0.430,56.973,11.915,0.942,0.675
179,0.854,0.855,0.304,0.921,0.908,0.185,0.854,0.855,0.304,0.370,0.503,58.954,7.979,0.959,0.644
443,0.253,0.012,1.000,0.273,0.012,0.988,0.253,0.012,1.000,0.364,0.373,-8.358,-70.605,0.371,0.026
252,0.011,0.910,0.573,0.012,0.966,0.495,0.011,0.910,0.573,0.364,0.381,-5.384,38.915,0.397,0.887
380,0.840,0.865,0.321,0.906,0.918,0.204,0.840,0.865,0.321,0.363,0.508,58.747,7.250,0.957,0.638
72,0.305,0.252,0.985,0.328,0.268,0.971,0.305,0.252,0.985,0.362,0.515,14.882,6.253,0.574,0.630
237,0.832,0.876,0.326,0.898,0.929,0.210,0.832,0.876,0.326,0.352,0.490,58.368,7.015,0.954,0.636
203,0.847,0.001,0.675,0.914,0.000,0.613,0.847,0.001,0.675,0.346,0.379,-32.735,-36.356,0.158,0.295
39,0.011,0.844,0.687,0.012,0.896,0.626,0.011,0.844,0.687,0.320,0.362,-6.637,42.590,0.386,0.916
309,0.847,0.850,0.340,0.914,0.902,0.227,0.847,0.850,0.340,0.310,0.451,59.248,6.666,0.962,0.634
241,0.872,0.830,0.343,0.940,0.881,0.229,0.872,0.830,0.343,0.304,0.428,60.140,6.536,0.969,0.633
193,0.826,0.897,0.321,0.890,0.952,0.204,0.826,0.897,0.321,0.299,0.400,57.913,7.371,0.950,0.639
119,0.900,0.838,0.279,0.970,0.889,0.155,0.900,0.838,0.279,0.296,0.364,59.123,10.186,0.960,0.661
136,0.013,0.837,0.709,0.013,0.888,0.652,0.013,0.837,0.709,0.296,0.339,-6.762,43.330,0.385,0.922
23,0.850,0.830,0.397,0.917,0.881,0.292,0.850,0.830,0.397,0.290,0.464,60.144,4.626,0.969,0.618
38,0.321,0.286,0.971,0.346,0.304,0.955,0.321,0.286,0.971,0.290,0.445,15.253,4.330,0.577,0.615
243,0.822,0.879,0.355,0.887,0.933,0.244,0.822,0.879,0.355,0.289,0.420,58.207,6.058,0.952,0.629
50,0.309,0.277,0.978,0.333,0.294,0.962,0.309,0.277,0.978,0.289,0.433,14.545,5.139,0.571,0.622
343,0.861,0.801,0.472,0.928,0.850,0.378,0.861,0.801,0.472,0.289,0.525,62.205,1.435,0.987,0.592
4,0.003,0.769,0.946,0.003,0.816,0.926,0.003,0.769,0.946,0.288,0.312,-6.256,50.572,0.389,0.979
377,0.321,0.006,0.981,0.346,0.006,0.966,0.321,0.006,0.981,0.288,0.300,-7.592,-72.423,0.378,0.011
66,0.335,0.281,0.969,0.361,0.299,0.952,0.335,0.281,0.969,0.286,0.438,16.604,4.277,0.589,0.615
424,0.886,0.794,0.445,0.955,0.843,0.347,0.886,0.794,0.445,0.286,0.470,62.563,2.717,0.991,0.603
81,0.852,0.855,0.310,0.919,0.908,0.192,0.852,0.855,0.310,0.286,0.393,59.123,7.672,0.960,0.642
472,0.335,0.249,0.977,0.361,0.264,0.962,0.335,0.249,0.977,0.286,0.409,17.445,5.602,0.596,0.625
541,0.347,0.005,0.974,0.374,0.006,0.958,0.347,0.005,0.974,0.286,0.300,-7.099,-72.987,0.382,0.007
263,0.913,0.905,0.144,0.984,0.960,0.000,0.913,0.905,0.144,0.286,0.290,57.118,14.392,0.943,0.694
310,0.006,0.776,0.923,0.006,0.824,0.899,0.006,0.776,0.923,0.285,0.320,-6.522,50.082,0.387,0.975
142,0.006,0.778,0.918,0.007,0.825,0.893,0.006,0.778,0.918,0.285,0.321,-6.428,49.931,0.388,0.974
479,0.887,0.800,0.424,0.957,0.849,0.323,0.887,0.800,0.424,0.284,0.447,62.140,3.476,0.987,0.609
152,0.827,0.837,0.451,0.892,0.888,0.354,0.827,0.837,0.451,0.283,0.527,59.404,2.143,0.963,0.598
445,0.329,0.340,0.953,0.355,0.361,0.934,0.329,0.340,0.953,0.283,0.489,13.655,-0.410,0.563,0.578
435,0.884,0.785,0.479,0.953,0.833,0.386,0.884,0.785,0.479,0.282,0.498,63.055,1.571,0.995,0.594
84,0.233,0.329,0.982,0.251,0.349,0.967,0.233,0.329,0.982,0.280,0.391,9.602,4.400,0.528,0.616
126,0.813,0.854,0.450,0.876,0.906,0.353,0.813,0.854,0.450,0.280,0.505,58.625,2.153,0.956,0.598
122,0.801,0.893,0.413,0.864,0.948,0.311,0.801,0.893,0.413,0.279,0.438,57.590,3.422,0.947,0.608
143,0.361,0.349,0.943,0.389,0.370,0.922,0.361,0.349,0.943,0.279,0.506,17.685,-3.452,0.598,0.554
195,0.771,0.892,0.515,0.832,0.946,0.428,0.771,0.892,0.515,0.279,0.538,58.037,-0.643,0.951,0.576
106,0.848,0.833,0.393,0.914,0.885,0.288,0.848,0.833,0.393,0.279,0.445,59.962,4.778,0.968,0.619
470,0.324,0.350,0.952,0.350,0.372,0.933,0.324,0.350,0.952,0.279,0.478,13.367,-0.860,0.561,0.574
262,0.882,0.784,0.485,0.951,0.832,0.394,0.882,0.784,0.485,0.278,0.500,63.052,1.181,0.995,0.590
156,0.816,0.847,0.456,0.880,0.899,0.360,0.816,0.847,0.456,0.278,0.516,58.906,1.900,0.959,0.596
564,0.759,0.857,0.624,0.818,0.909,0.553,0.759,0.857,0.624,0.278,0.781,60.559,-5.353,0.973,0.539
139,0.804,0.886,0.411,0.867,0.941,0.308,0.804,0.886,0.411,0.278,0.439,57.809,3.563,0.949,0.609
272,0.278,0.263,0.990,0.300,0.280,0.976,0.278,0.263,0.990,0.278,0.399,12.871,6.517,0.556,0.632
387,0.896,0.796,0.427,0.966,0.845,0.326,0.896,0.796,0.427,0.277,0.433,62.618,3.509,0.991,0.609
138,0.814,0.867,0.410,0.877,0.920,0.307,0.814,0.867,0.410,0.276,0.451,58.452,3.709,0.955,0.610
224,0.861,0.764,0.596,0.929,0.810,0.522,0.861,0.764,0.596,0.276,0.678,63.417,-2.677,0.998,0.560
367,0.899,0.329,0.551,0.969,0.350,0.469,0.899,0.329,0.551,0.275,0.444,-9.297,-43.365,0.363,0.240
49,0.303,0.343,0.960,0.327,0.364,0.942,0.303,0.343,0.960,0.275,0.447,12.178,0.424,0.550,0.585
337,0.882,0.771,0.529,0.951,0.818,0.445,0.882,0.771,0.529,0.275,0.543,63.441,-0.522,0.998,0.577
42,0.866,0.232,0.627,0.934,0.246,0.557,0.866,0.232,0.627,0.274,0.398,-13.986,-43.923,0.322,0.236
19,0.254,0.285,0.990,0.274,0.303,0.977,0.254,0.285,0.990,0.273,0.388,11.183,5.910,0.542,0.628
74,0.770,0.854,0.596,0.830,0.907,0.521,0.770,0.854,0.596,0.272,0.705,60.490,-4.563,0.972,0.545
414,0.902,0.340,0.547,0.973,0.360,0.465,0.902,0.340,0.547,0.272,0.444,-8.737,-43.093,0.368,0.242
371,0.322,0.302,0.966,0.347,0.321,0.949,0.322,0.302,0.966,0.271,0.432,14.734,3.462,0.573,0.608
158,0.843,0.811,0.487,0.909,0.861,0.395,0.843,0.811,0.487,0.271,0.527,61.785,0.575,0.984,0.586
395,0.320,0.312,0.964,0.345,0.331,0.947,0.320,0.312,0.964,0.270,0.438,14.268,2.875,0.569,0.604
397,0.317,0.315,0.964,0.342,0.334,0.947,0.317,0.315,0.964,0.270,0.440,13.914,2.650,0.565,0.602
336,0.876,0.797,0.451,0.945,0.846,0.354,0.876,0.797,0.451,0.269,0.456,62.365,2.353,0.989,0.600
491,0.831,0.860,0.366,0.897,0.913,0.256,0.831,0.860,0.366,0.269,0.410,58.831,5.672,0.958,0.626
388,0.355,0.291,0.961,0.383,0.309,0.943,0.355,0.291,0.961,0.269,0.424,17.950,3.647,0.601,0.610
555,0.297,0.365,0.957,0.320,0.388,0.938,0.297,0.365,0.957,0.269,0.434,11.386,-1.473,0.543,0.570
249,0.345,0.281,0.966,0.372,0.298,0.949,0.345,0.281,0.966,0.268,0.412,17.481,4.118,0.597,0.614
360,0.769,0.843,0.633,0.829,0.895,0.565,0.769,0.843,0.633,0.268,0.813,61.004,-5.497,0.977,0.538
21,0.340,0.369,0.944,0.366,0.391,0.923,0.340,0.369,0.944,0.268,0.482,15.597,-4.057,0.580,0.549
396,0.293,0.327,0.968,0.315,0.347,0.951,0.293,0.327,0.968,0.268,0.421,12.217,2.028,0.551,0.597
436,0.892,0.337,0.554,0.962,0.358,0.473,0.892,0.337,0.554,0.268,0.443,-9.171,-42.698,0.364,0.245
531,0.290,0.339,0.965,0.312,0.359,0.948,0.290,0.339,0.965,0.268,0.421,11.574,1.174,0.545,0.590
15,0.773,0.003,0.931,0.834,0.003,0.909,0.773,0.003,0.931,0.268,0.295,-28.654,-30.296,0.193,0.343
277,0.773,0.759,0.907,0.834,0.805,0.881,0.773,0.759,0.907,0.268,3.520,62.485,-9.580,0.990,0.506
161,0.870,0.769,0.556,0.939,0.816,0.476,0.870,0.769,0.556,0.267,0.577,63.369,-1.503,0.998,0.569
256,0.872,0.767,0.559,0.941,0.814,0.479,0.872,0.767,0.559,0.267,0.578,63.499,-1.601,0.999,0.569
323,0.032,0.847,0.679,0.034,0.899,0.617,0.032,0.847,0.679,0.267,0.308,-6.959,42.169,0.383,0.913
549,0.799,0.862,0.477,0.861,0.915,0.384,0.799,0.862,0.477,0.267,0.502,58.368,1.060,0.954,0.590
0,0.873,0.818,0.380,0.942,0.869,0.272,0.873,0.818,0.380,0.267,0.398,60.840,5.200,0.975,0.622
487,0.774,0.832,0.652,0.835,0.883,0.587,0.774,0.832,0.652,0.266,0.899,61.305,-6.017,0.980,0.534
426,0.291,0.316,0.972,0.313,0.335,0.955,0.291,0.316,0.972,0.265,0.413,12.438,2.964,0.553,0.605
481,0.302,0.308,0.971,0.326,0.326,0.954,0.302,0.308,0.971,0.265,0.422,13.252,3.379,0.560,0.608
412,0.894,0.378,0.543,0.964,0.401,0.460,0.894,0.378,0.543,0.265,0.470,-7.557,-42.200,0.378,0.249
418,0.779,0.766,0.866,0.840,0.813,0.834,0.779,0.766,0.866,0.265,9.799,62.497,-9.319,0.990,0.508
465,0.771,0.897,0.513,0.831,0.953,0.426,0.771,0.897,0.513,0.265,0.502,57.790,-0.534,0.949,0.577
51,0.901,0.768,0.519,0.972,0.815,0.433,0.901,0.768,0.519,0.264,0.490,63.645,0.121,1.000,0.582
511,0.845,0.802,0.515,0.911,0.851,0.428,0.845,0.802,0.515,0.264,0.547,62.163,-0.480,0.987,0.577
484,0.890,0.318,0.561,0.960,0.337,0.481,0.890,0.318,0.561,0.264,0.424,-10.091,-43.241,0.356,0.241
375,0.284,0.276,0.985,0.306,0.293,0.971,0.284,0.276,0.985,0.263,0.388,12.983,5.818,0.557,0.627
341,0.319,0.010,0.982,0.344,0.011,0.967,0.319,0.010,0.982,0.263,0.275,-7.407,-72.152,0.379,0.013
560,0.888,0.325,0.561,0.957,0.345,0.482,0.888,0.325,0.561,0.263,0.430,-9.849,-42.866,0.358,0.244
70,0.898,0.801,0.410,0.969,0.850,0.307,0.898,0.801,0.410,0.263,0.398,62.212,4.137,0.987,0.614
568,0.900,0.819,0.344,0.970,0.869,0.231,0.900,0.819,0.344,0.263,0.356,60.940,6.324,0.976,0.631
296,0.783,0.824,0.652,0.844,0.875,0.586,0.783,0.824,0.652,0.263,0.910,61.753,-5.849,0.983,0.535
366,0.295,0.287,0.979,0.319,0.305,0.964,0.295,0.287,0.979,0.263,0.398,13.526,4.991,0.562,0.620
197,0.366,0.278,0.962,0.395,0.295,0.944,0.366,0.278,0.962,0.262,0.404,18.853,3.600,0.609,0.610
219,0.772,0.804,0.762,0.832,0.853,0.713,0.772,0.804,0.762,0.262,1.871,61.966,-8.200,0.985,0.517
399,0.767,0.808,0.762,0.827,0.858,0.713,0.767,0.808,0.762,0.262,1.806,61.782,-8.217,0.984,0.517
500,0.797,0.767,0.802,0.860,0.814,0.759,0.797,0.767,0.802,0.262,2.591,62.654,-8.690,0.991,0.513
510,0.787,0.770,0.828,0.849,0.817,0.790,0.787,0.770,0.828,0.261,4.432,62.195,-9.022,0.987,0.510
171,0.805,0.820,0.587,0.868,0.871,0.511,0.805,0.820,0.587,0.261,0.725,61.508,-3.855,0.981,0.551
411,0.814,0.816,0.571,0.878,0.866,0.492,0.814,0.816,0.571,0.261,0.676,61.613,-3.130,0.982,0.557
24,0.791,0.788,0.753,0.853,0.836,0.703,0.791,0.788,0.753,0.260,1.736,62.588,-7.972,0.991,0.518
303,0.800,0.828,0.577,0.863,0.879,0.500,0.800,0.828,0.577,0.260,0.687,61.070,-3.628,0.977,0.553
498,0.791,0.825,0.620,0.853,0.876,0.550,0.791,0.825,0.620,0.260,0.798,61.537,-4.988,0.982,0.542
464,0.781,0.800,0.745,0.842,0.849,0.694,0.781,0.800,0.745,0.259,1.673,62.241,-7.764,0.988,0.520
28,0.792,0.845,0.550,0.854,0.897,0.468,0.792,0.845,0.550,0.259,0.604,60.397,-2.911,0.972,0.558
90,0.819,0.781,0.675,0.884,0.829,0.613,0.819,0.781,0.675,0.259,0.955,62.475,-6.438,0.990,0.531
56,0.827,0.815,0.528,0.892,0.865,0.443,0.827,0.815,0.528,0.258,0.576,61.656,-1.372,0.983,0.570
58,0.275,0.262,0.991,0.297,0.278,0.978,0.275,0.262,0.991,0.258,0.369,12.571,6.538,0.554,0.633
173,0.281,0.320,0.973,0.303,0.340,0.957,0.281,0.320,0.973,0.258,0.395,11.703,2.916,0.546,0.604
326,0.764,0.902,0.532,0.824,0.957,0.448,0.764,0.902,0.532,0.258,0.507,57.874,-1.194,0.950,0.572
95,0.824,0.802,0.585,0.889,0.851,0.509,0.824,0.802,0.585,0.258,0.678,62.284,-3.410,0.988,0.554
20,0.284,0.371,0.959,0.307,0.394,0.941,0.284,0.371,0.959,0.257,0.406,10.510,-1.624,0.536,0.568
359,0.308,0.301,0.971,0.332,0.319,0.955,0.308,0.301,0.971,0.257,0.405,13.903,3.790,0.565,0.611
362,0.789,0.868,0.496,0.851,0.922,0.406,0.789,0.868,0.496,0.257,0.499,58.226,0.259,0.953,0.583
46,0.814,0.806,0.608,0.878,0.855,0.535,0.814,0.806,0.608,0.256,0.746,62.245,-4.320,0.988,0.547
573,0.369,0.269,0.964,0.398,0.286,0.946,0.369,0.269,0.964,0.255,0.386,19.326,3.935,0.613,0.612
227,0.012,0.804,0.825,0.013,0.854,0.786,0.012,0.804,0.825,0.254,0.302,-6.396,47.559,0.388,0.955
516,0.276,0.359,0.964,0.298,0.381,0.947,0.276,0.359,0.964,0.253,0.390,10.233,-0.571,0.533,0.577
565,0.015,0.809,0.809,0.016,0.858,0.768,0.015,0.809,0.809,0.252,0.299,-6.333,46.966,0.389,0.951
96,0.781,0.015,0.905,0.843,0.016,0.879,0.781,0.015,0.905,0.252,0.292,-28.541,-30.792,0.194,0.339
246,0.285,0.324,0.971,0.307,0.344,0.955,0.285,0.324,0.971,0.250,0.386,11.797,2.427,0.547,0.600
215,0.268,0.259,0.994,0.289,0.275,0.981,0.268,0.259,0.994,0.250,0.354,12.195,6.734,0.550,0.634
503,0.362,0.267,0.966,0.390,0.283,0.949,0.362,0.267,0.966,0.250,0.375,18.877,4.255,0.609,0.615
65,0.839,0.803,0.528,0.905,0.853,0.443,0.839,0.803,0.528,0.250,0.541,62.128,-1.112,0.987,0.572
144,0.818,0.010,0.777,0.882,0.010,0.731,0.818,0.010,0.777,0.250,0.287,-30.134,-34.373,0.181,0.311
184,0.280,0.352,0.965,0.302,0.374,0.948,0.280,0.352,0.965,0.250,0.387,10.659,0.047,0.537,0.582
389,0.292,0.288,0.979,0.315,0.306,0.965,0.292,0.288,0.979,0.250,0.379,13.214,4.962,0.559,0.620
169,0.909,0.885,0.158,0.981,0.939,0.016,0.909,0.885,0.158,0.250,0.259,57.944,13.835,0.950,0.690
322,0.255,0.340,0.974,0.275,0.361,0.958,0.255,0.340,0.974,0.250,0.366,9.902,2.369,0.530,0.600
532,0.805,0.815,0.607,0.868,0.865,0.535,0.805,0.815,0.607,0.250,0.751,61.784,-4.451,0.984,0.546
540,0.907,0.350,0.544,0.978,0.371,0.461,0.907,0.350,0.544,0.250,0.412,-8.281,-42.843,0.371,0.244
330,0.312,0.368,0.952,0.337,0.390,0.933,0.312,0.368,0.952,0.250,0.419,12.262,-2.049,0.551,0.565
528,0.035,0.852,0.663,0.038,0.905,0.599,0.035,0.852,0.663,0.248,0.286,-6.784,41.592,0.385,0.908
295,0.842,0.789,0.568,0.909,0.838,0.489,0.842,0.789,0.568,0.245,0.583,62.607,-2.425,0.991,0.562
496,0.256,0.370,0.967,0.276,0.393,0.950,0.256,0.370,0.967,0.242,0.360,9.051,-1.200,0.523,0.572
520,0.781,0.813,0.698,0.843,0.863,0.640,0.781,0.813,0.698,0.241,1.080,61.840,-7.003,0.984,0.526
201,0.790,0.022,0.878,0.851,0.023,0.847,0.790,0.022,0.878,0.240,0.290,-28.583,-31.343,0.194,0.335
440,0.824,0.015,0.756,0.888,0.016,0.706,0.824,0.015,0.756,0.239,0.274,-30.576,-34.815,0.177,0.307
188,0.360,0.247,0.971,0.388,0.262,0.955,0.360,0.247,0.971,0.238,0.344,19.055,5.022,0.610,0.621
230,0.007,0.765,0.957,0.008,0.812,0.938,0.007,0.765,0.957,0.235,0.253,-6.517,50.869,0.387,0.981
99,0.906,0.289,0.561,0.977,0.307,0.481,0.906,0.289,0.561,0.233,0.347,-10.888,-44.028,0.349,0.235
404,0.377,0.266,0.963,0.407,0.282,0.946,0.377,0.266,0.963,0.231,0.348,19.764,3.562,0.617,0.609
25,0.251,0.312,0.983,0.271,0.331,0.969,0.251,0.312,0.983,0.231,0.331,10.377,4.654,0.535,0.618
176,0.370,0.006,0.969,0.399,0.007,0.952,0.370,0.006,0.969,0.231,0.244,-6.608,-73.452,0.386,0.003
452,0.894,0.284,0.567,0.965,0.301,0.488,0.894,0.284,0.567,0.229,0.344,-11.373,-43.955,0.344,0.235
335,0.840,0.008,0.698,0.906,0.008,0.640,0.840,0.008,0.698,0.229,0.255,-31.890,-36.038,0.165,0.298
113,0.270,0.295,0.983,0.291,0.313,0.969,0.270,0.295,0.983,0.228,0.336,11.837,5.146,0.547,0.622
118,0.774,0.916,0.503,0.835,0.972,0.415,0.774,0.916,0.503,0.227,0.407,57.356,-0.323,0.945,0.579
571,0.891,0.388,0.544,0.961,0.411,0.462,0.891,0.388,0.544,0.226,0.412,-7.346,-41.719,0.380,0.253
80,0.400,0.321,0.945,0.431,0.341,0.925,0.400,0.321,0.945,0.225,0.385,20.933,-0.849,0.627,0.575
129,0.864,0.015,0.629,0.932,0.015,0.560,0.864,0.015,0.629,0.225,0.245,-35.034,-37.623,0.138,0.285
407,0.898,0.393,0.538,0.968,0.417,0.455,0.898,0.393,0.538,0.224,0.406,-6.873,-41.980,0.384,0.251
287,0.013,0.885,0.587,0.014,0.939,0.512,0.013,0.885,0.587,0.222,0.240,-5.769,39.600,0.393,0.893
196,0.886,0.286,0.575,0.956,0.303,0.497,0.886,0.286,0.575,0.222,0.340,-11.590,-43.567,0.343,0.238
36,0.244,0.395,0.966,0.263,0.419,0.949,0.244,0.395,0.966,0.220,0.320,8.389,-2.437,0.517,0.562
363,0.356,0.381,0.938,0.384,0.405,0.916,0.356,0.381,0.938,0.219,0.411,16.446,-5.096,0.588,0.541
485,0.888,0.389,0.547,0.958,0.413,0.465,0.888,0.389,0.547,0.218,0.400,-7.482,-41.457,0.378,0.255
141,0.825,0.020,0.751,0.890,0.021,0.701,0.825,0.020,0.751,0.216,0.249,-30.517,-35.045,0.177,0.305
552,0.393,0.345,0.939,0.424,0.366,0.918,0.393,0.345,0.939,0.216,0.392,19.960,-2.765,0.618,0.559
474,0.381,0.251,0.966,0.411,0.267,0.949,0.381,0.251,0.966,0.214,0.314,20.230,4.190,0.621,0.614
298,0.343,0.378,0.941,0.370,0.401,0.920,0.343,0.378,0.941,0.214,0.390,15.588,-4.666,0.580,0.544
508,0.370,0.379,0.935,0.399,0.402,0.913,0.370,0.379,0.935,0.214,0.417,17.620,-5.215,0.598,0.540
259,0.308,0.385,0.950,0.332,0.409,0.931,0.308,0.385,0.950,0.212,0.354,11.861,-3.256,0.547,0.556
44,0.294,0.379,0.955,0.318,0.402,0.937,0.294,0.379,0.955,0.211,0.340,11.016,-2.391,0.540,0.562
450,0.865,0.019,0.628,0.932,0.020,0.558,0.865,0.019,0.628,0.209,0.229,-34.932,-37.795,0.139,0.284
405,0.383,0.359,0.937,0.413,0.380,0.915,0.383,0.359,0.937,0.206,0.385,18.963,-4.006,0.610,0.550
45,0.303,0.019,0.987,0.327,0.020,0.973,0.303,0.019,0.987,0.206,0.216,-7.409,-71.512,0.379,0.018
83,0.399,0.311,0.948,0.430,0.330,0.929,0.399,0.311,0.948,0.206,0.344,21.104,-0.097,0.628,0.580
415,0.765,0.016,0.958,0.825,0.017,0.940,0.765,0.016,0.958,0.200,0.217,-28.251,-29.908,0.197,0.346
370,0.899,0.244,0.574,0.970,0.259,0.496,0.899,0.244,0.574,0.200,0.281,-12.674,-44.747,0.333,0.229
172,0.226,0.295,0.993,0.244,0.313,0.980,0.226,0.295,0.993,0.200,0.272,10.076,5.680,0.532,0.626
545,0.256,0.375,0.966,0.276,0.398,0.949,0.256,0.375,0.966,0.200,0.297,8.915,-1.561,0.522,0.569
558,0.376,0.906,0.538,0.405,0.961,0.455,0.376,0.906,0.538,0.200,0.360,-22.728,32.757,0.245,0.839
513,0.037,0.814,0.791,0.039,0.864,0.747,0.037,0.814,0.791,0.198,0.240,-6.667,46.361,0.386,0.946
54,0.334,0.398,0.942,0.360,0.423,0.921,0.334,0.398,0.942,0.194,0.346,14.286,-5.366,0.569,0.539
234,0.052,0.861,0.639,0.056,0.914,0.571,0.052,0.861,0.639,0.189,0.221,-7.074,40.749,0.382,0.902
453,0.794,0.045,0.865,0.856,0.047,0.832,0.794,0.045,0.865,0.188,0.233,-28.221,-31.783,0.197,0.331
274,0.291,0.391,0.955,0.313,0.415,0.936,0.291,0.391,0.955,0.185,0.297,10.665,-3.193,0.537,0.556
434,0.259,0.383,0.964,0.279,0.406,0.947,0.259,0.383,0.964,0.182,0.272,9.063,-2.079,0.523,0.565
160,0.323,0.405,0.945,0.348,0.430,0.924,0.323,0.405,0.945,0.176,0.306,13.268,-5.347,0.560,0.539
231,0.009,0.878,0.597,0.010,0.932,0.523,0.009,0.878,0.597,0.176,0.191,-5.739,40.206,0.394,0.898
537,0.296,0.382,0.954,0.320,0.405,0.935,0.296,0.382,0.954,0.176,0.287,11.158,-2.710,0.541,0.560
509,0.044,0.787,0.889,0.047,0.835,0.860,0.044,0.787,0.889,0.176,0.216,-7.093,49.390,0.382,0.970
5,0.037,0.823,0.761,0.040,0.873,0.712,0.037,0.823,0.761,0.172,0.207,-6.696,45.492,0.385,0.939
60,0.861,0.314,0.619,0.928,0.333,0.548,0.861,0.314,0.619,0.172,0.289,-12.362,-40.836,0.336,0.260
63,0.853,0.285,0.649,0.920,0.302,0.583,0.853,0.285,0.649,0.171,0.276,-14.115,-40.181,0.321,0.265
334,0.852,0.049,0.664,0.919,0.052,0.601,0.852,0.049,0.664,0.167,0.192,-33.018,-37.550,0.155,0.286
497,0.012,0.763,0.963,0.012,0.810,0.946,0.012,0.763,0.963,0.167,0.178,-6.812,51.016,0.384,0.983
369,0.363,0.353,0.942,0.391,0.374,0.921,0.363,0.353,0.942,0.167,0.305,17.747,-3.638,0.599,0.553
457,0.873,0.329,0.586,0.941,0.349,0.510,0.873,0.329,0.586,0.165,0.280,-10.583,-41.808,0.351,0.252
76,0.864,0.306,0.612,0.932,0.325,0.540,0.864,0.306,0.612,0.163,0.268,-12.417,-41.424,0.335,0.255
575,0.830,0.032,0.734,0.895,0.034,0.682,0.830,0.032,0.734,0.162,0.188,-30.876,-35.484,0.174,0.302
458,0.870,0.279,0.606,0.938,0.296,0.533,0.870,0.279,0.606,0.162,0.252,-12.849,-42.673,0.332,0.245
461,0.397,0.895,0.540,0.428,0.950,0.457,0.397,0.895,0.540,0.161,0.309,-23.664,33.013,0.237,0.841
57,0.272,0.010,0.995,0.293,0.011,0.983,0.272,0.010,0.995,0.160,0.165,-8.167,-71.469,0.372,0.019
174,0.845,0.326,0.661,0.911,0.346,0.596,0.845,0.326,0.661,0.158,0.279,-13.295,-38.901,0.328,0.275
187,0.404,0.295,0.953,0.436,0.313,0.934,0.404,0.295,0.953,0.158,0.254,21.197,0.824,0.629,0.588
35,0.379,0.876,0.568,0.408,0.930,0.489,0.379,0.876,0.568,0.157,0.301,-23.253,34.483,0.241,0.853
533,0.395,0.274,0.959,0.425,0.291,0.941,0.395,0.274,0.959,0.156,0.240,20.602,2.540,0.624,0.601
530,0.277,0.400,0.958,0.299,0.425,0.940,0.277,0.400,0.958,0.156,0.243,9.696,-3.297,0.529,0.555
286,0.391,0.254,0.965,0.422,0.269,0.947,0.391,0.254,0.965,0.154,0.227,20.577,3.490,0.624,0.609
178,0.316,0.403,0.947,0.340,0.427,0.927,0.316,0.403,0.947,0.150,0.256,12.626,-4.954,0.554,0.542
92,0.875,0.255,0.602,0.944,0.270,0.528,0.875,0.255,0.602,0.147,0.218,-13.181,-43.750,0.329,0.237
475,0.869,0.374,0.584,0.937,0.397,0.507,0.869,0.374,0.584,0.146,0.270,-8.968,-40.600,0.365,0.262
52,0.871,0.349,0.585,0.939,0.370,0.509,0.871,0.349,0.585,0.143,0.251,-9.882,-41.241,0.358,0.257
157,0.247,0.399,0.966,0.266,0.423,0.948,0.247,0.399,0.966,0.143,0.209,8.521,-2.778,0.518,0.559
217,0.813,0.866,0.416,0.877,0.919,0.314,0.813,0.866,0.416,0.143,0.236,58.453,3.298,0.955,0.607
317,0.394,0.251,0.965,0.425,0.266,0.948,0.394,0.251,0.965,0.143,0.209,20.914,3.641,0.627,0.610
462,0.407,0.291,0.954,0.439,0.309,0.935,0.407,0.291,0.954,0.143,0.228,21.054,1.211,0.628,0.591
467,0.043,0.826,0.748,0.046,0.877,0.697,0.043,0.826,0.748,0.141,0.170,-6.951,44.989,0.383,0.935
361,0.917,0.812,0.373,0.988,0.862,0.264,0.917,0.812,0.373,0.137,0.190,61.754,5.380,0.983,0.624
109,0.858,0.330,0.622,0.925,0.350,0.552,0.858,0.330,0.622,0.135,0.234,-11.989,-40.168,0.339,0.265
357,0.031,0.831,0.730,0.034,0.882,0.676,0.031,0.831,0.730,0.133,0.157,-6.854,44.223,0.384,0.929
494,0.418,0.338,0.941,0.451,0.359,0.920,0.418,0.338,0.941,0.132,0.235,20.995,-2.056,0.627,0.565
162,0.390,0.381,0.932,0.420,0.404,0.910,0.390,0.381,0.932,0.130,0.258,18.967,-5.533,0.610,0.538
410,0.396,0.396,0.930,0.427,0.420,0.907,0.396,0.396,0.930,0.130,0.268,19.097,-6.514,0.611,0.530
429,0.849,0.344,0.643,0.916,0.365,0.576,0.849,0.344,0.643,0.130,0.237,-12.128,-38.898,0.338,0.275
41,0.847,0.935,0.287,0.913,0.993,0.165,0.847,0.935,0.287,0.129,0.156,57.404,9.139,0.945,0.653
223,0.902,0.917,0.148,0.973,0.974,0.004,0.902,0.917,0.148,0.129,0.133,56.590,14.087,0.938,0.692
439,0.856,0.305,0.634,0.923,0.324,0.565,0.856,0.305,0.634,0.128,0.214,-13.121,-40.379,0.329,0.263
269,0.869,0.322,0.595,0.937,0.342,0.521,0.869,0.322,0.595,0.128,0.215,-11.243,-41.559,0.346,0.254
181,0.806,0.057,0.822,0.869,0.061,0.783,0.806,0.057,0.822,0.126,0.156,-28.313,-32.933,0.196,0.322
521,0.384,0.386,0.932,0.415,0.410,0.910,0.384,0.386,0.932,0.125,0.250,18.506,-5.831,0.606,0.535
229,0.376,0.387,0.933,0.406,0.411,0.911,0.376,0.387,0.933,0.125,0.248,17.861,-5.815,0.600,0.535
299,0.855,0.061,0.655,0.922,0.065,0.590,0.855,0.061,0.655,0.125,0.146,-33.198,-38.055,0.154,0.282
515,0.860,0.343,0.613,0.927,0.364,0.541,0.860,0.343,0.613,0.125,0.222,-11.186,-40.140,0.346,0.265
425,0.352,0.007,0.973,0.380,0.008,0.957,0.352,0.007,0.973,0.125,0.132,-6.609,-72.829,0.386,0.008
168,0.900,0.405,0.537,0.971,0.430,0.453,0.900,0.405,0.537,0.125,0.231,-6.595,-41.558,0.386,0.254
170,0.368,0.898,0.541,0.397,0.954,0.458,0.368,0.898,0.541,0.122,0.219,-22.515,33.206,0.247,0.842
561,0.813,0.927,0.385,0.877,0.984,0.278,0.813,0.927,0.385,0.118,0.167,57.354,4.524,0.945,0.617
278,0.794,0.920,0.440,0.857,0.977,0.342,0.794,0.920,0.440,0.117,0.184,57.235,2.511,0.944,0.601
507,0.348,0.397,0.938,0.376,0.421,0.917,0.348,0.397,0.938,0.115,0.213,15.370,-5.778,0.578,0.536
401,0.411,0.872,0.574,0.443,0.925,0.496,0.411,0.872,0.574,0.115,0.238,-24.428,34.388,0.230,0.852
408,0.409,0.880,0.559,0.441,0.934,0.479,0.409,0.880,0.559,0.114,0.231,-24.292,33.824,0.232,0.847
290,0.857,0.301,0.632,0.925,0.320,0.563,0.857,0.301,0.632,0.113,0.186,-13.229,-40.754,0.328,0.261
447,0.089,0.865,0.632,0.096,0.918,0.563,0.089,0.865,0.632,0.111,0.135,-8.177,40.225,0.372,0.898
312,0.398,0.381,0.931,0.429,0.404,0.909,0.398,0.381,0.931,0.111,0.220,19.513,-5.685,0.614,0.536
116,0.363,0.888,0.551,0.391,0.943,0.470,0.363,0.888,0.551,0.109,0.197,-22.439,33.815,0.248,0.847
43,0.004,0.375,0.968,0.005,0.398,0.951,0.004,0.375,0.968,0.106,0.112,-50.617,0.946,0.002,0.589
350,0.776,0.048,0.925,0.837,0.051,0.901,0.776,0.048,0.925,0.105,0.124,-27.853,-30.479,0.200,0.341
542,0.833,0.049,0.726,0.898,0.052,0.672,0.833,0.049,0.726,0.105,0.124,-30.686,-35.956,0.176,0.298
128,0.892,0.046,0.581,0.962,0.048,0.505,0.892,0.046,0.581,0.104,0.114,-36.107,-39.855,0.128,0.268
78,0.883,0.426,0.556,0.952,0.453,0.475,0.883,0.426,0.556,0.103,0.207,-6.854,-40.607,0.384,0.262
315,0.404,0.009,0.965,0.436,0.009,0.948,0.404,0.009,0.965,0.103,0.109,-5.957,-73.840,0.392,0.000
222,0.851,0.375,0.632,0.917,0.398,0.563,0.851,0.375,0.632,0.103,0.198,-10.767,-38.144,0.350,0.281
297,0.378,0.395,0.932,0.407,0.420,0.910,0.378,0.395,0.932,0.100,0.199,17.771,-6.412,0.599,0.531
437,0.381,0.866,0.588,0.411,0.920,0.513,0.381,0.866,0.588,0.100,0.196,-23.446,35.355,0.239,0.859
214,0.385,0.395,0.931,0.416,0.419,0.909,0.385,0.395,0.931,0.100,0.203,18.379,-6.497,0.604,0.530
376,0.416,0.290,0.955,0.448,0.308,0.936,0.416,0.290,0.955,0.100,0.159,21.771,1.135,0.634,0.590
534,0.279,0.408,0.958,0.301,0.433,0.939,0.279,0.408,0.958,0.100,0.157,9.658,-3.794,0.528,0.551
123,0.408,0.883,0.554,0.440,0.937,0.473,0.408,0.883,0.554,0.098,0.198,-24.130,33.549,0.233,0.845
12,0.006,0.356,0.972,0.007,0.378,0.955,0.006,0.356,0.972,0.097,0.103,-50.385,0.370,0.004,0.584
221,0.849,0.370,0.637,0.916,0.392,0.569,0.849,0.370,0.637,0.097,0.186,-11.186,-38.103,0.346,0.281
364,0.917,0.903,0.148,0.989,0.958,0.005,0.917,0.903,0.148,0.097,0.098,57.641,14.399,0.948,0.694
105,0.354,0.906,0.543,0.382,0.962,0.460,0.354,0.906,0.543,0.097,0.166,-21.795,33.106,0.253,0.842
191,0.885,0.423,0.552,0.954,0.449,0.471,0.885,0.423,0.552,0.095,0.189,-6.564,-40.836,0.386,0.260
438,0.802,0.081,0.837,0.865,0.085,0.801,0.802,0.081,0.837,0.095,0.122,-27.513,-32.608,0.203,0.325
553,0.394,0.406,0.930,0.425,0.431,0.907,0.394,0.406,0.930,0.094,0.195,18.594,-7.300,0.606,0.524
199,0.352,0.888,0.554,0.379,0.942,0.474,0.352,0.888,0.554,0.091,0.162,-21.860,34.010,0.253,0.849
186,0.406,0.325,0.944,0.438,0.345,0.924,0.406,0.325,0.944,0.091,0.157,21.084,-1.233,0.628,0.571
9,0.284,0.413,0.956,0.306,0.438,0.938,0.284,0.413,0.956,0.091,0.144,9.879,-4.254,0.530,0.548
100,0.835,0.384,0.680,0.901,0.408,0.618,0.835,0.384,0.680,0.091,0.184,-12.045,-35.938,0.339,0.298
441,0.055,0.853,0.661,0.059,0.906,0.597,0.055,0.853,0.661,0.091,0.107,-7.394,41.360,0.379,0.907
468,0.016,0.367,0.970,0.017,0.390,0.953,0.016,0.367,0.970,0.091,0.097,-50.084,1.038,0.006,0.589
220,0.337,0.407,0.941,0.363,0.431,0.920,0.337,0.407,0.941,0.091,0.163,14.298,-5.942,0.569,0.534
154,0.416,0.902,0.536,0.449,0.958,0.453,0.416,0.902,0.536,0.089,0.175,-24.231,32.600,0.232,0.838
104,0.884,0.928,0.181,0.953,0.985,0.043,0.884,0.928,0.181,0.089,0.094,56.355,13.080,0.936,0.684
204,0.010,0.343,0.975,0.010,0.364,0.959,0.010,0.343,0.975,0.089,0.094,-50.053,0.083,0.006,0.582
151,0.410,0.280,0.957,0.442,0.297,0.939,0.410,0.280,0.957,0.087,0.135,21.128,1.896,0.628,0.596
423,0.332,0.417,0.943,0.358,0.443,0.922,0.332,0.417,0.943,0.087,0.154,13.699,-6.046,0.564,0.534
67,0.855,0.380,0.619,0.922,0.403,0.548,0.855,0.380,0.619,0.086,0.165,-10.208,-38.476,0.355,0.278
392,0.889,0.037,0.584,0.958,0.039,0.507,0.889,0.037,0.584,0.086,0.093,-36.045,-39.247,0.129,0.272
47,0.043,0.772,0.939,0.046,0.819,0.918,0.043,0.772,0.939,0.085,0.097,-7.159,50.477,0.381,0.978
499,0.927,0.855,0.244,1.000,0.907,0.115,0.927,0.855,0.244,0.085,0.095,58.901,11.574,0.959,0.672
140,0.066,0.871,0.616,0.072,0.925,0.544,0.066,0.871,0.616,0.084,0.099,-7.273,39.975,0.380,0.896
422,0.380,0.404,0.931,0.410,0.429,0.909,0.380,0.404,0.931,0.083,0.167,17.778,-7.039,0.599,0.526
535,0.288,0.413,0.955,0.311,0.438,0.937,0.288,0.413,0.955,0.083,0.133,10.224,-4.291,0.533,0.547
506,0.368,0.416,0.934,0.396,0.442,0.912,0.368,0.416,0.934,0.082,0.158,16.690,-7.046,0.590,0.526
59,0.768,0.918,0.526,0.828,0.975,0.441,0.768,0.918,0.526,0.081,0.152,57.437,-0.986,0.946,0.573
130,0.341,0.034,0.978,0.367,0.036,0.962,0.341,0.034,0.978,0.078,0.085,-5.879,-71.870,0.392,0.016
338,0.828,0.387,0.704,0.893,0.410,0.647,0.828,0.387,0.704,0.077,0.159,-12.575,-35.050,0.334,0.305
209,0.890,0.047,0.583,0.960,0.050,0.506,0.890,0.047,0.583,0.077,0.085,-35.794,-39.750,0.131,0.268
16,0.024,0.335,0.978,0.026,0.355,0.963,0.024,0.335,0.978,0.076,0.081,-49.502,0.346,0.011,0.584
311,0.876,0.450,0.573,0.945,0.478,0.495,0.876,0.450,0.573,0.074,0.159,-6.689,-39.925,0.385,0.267
554,0.336,0.884,0.563,0.362,0.938,0.484,0.336,0.884,0.563,0.074,0.129,-21.153,34.616,0.259,0.854
489,0.317,0.034,0.984,0.342,0.035,0.970,0.317,0.034,0.984,0.074,0.079,-6.784,-71.446,0.385,0.019
332,0.863,0.412,0.595,0.931,0.438,0.520,0.863,0.412,0.595,0.073,0.148,-7.862,-39.593,0.375,0.270
544,0.877,0.455,0.572,0.946,0.482,0.494,0.877,0.455,0.572,0.073,0.157,-6.469,-39.951,0.387,0.267
13,0.002,0.303,0.986,0.002,0.322,0.972,0.002,0.303,0.986,0.073,0.075,-49.599,-0.622,0.010,0.576
165,0.829,0.350,0.709,0.894,0.371,0.653,0.829,0.350,0.709,0.072,0.138,-13.821,-35.501,0.323,0.302
261,0.828,0.051,0.742,0.893,0.054,0.690,0.828,0.051,0.742,0.071,0.085,-30.088,-35.568,0.181,0.301
432,0.377,0.012,0.968,0.407,0.013,0.951,0.377,0.012,0.968,0.071,0.076,-5.972,-73.141,0.392,0.006
147,0.827,0.390,0.709,0.892,0.413,0.652,0.827,0.390,0.709,0.071,0.149,-12.657,-34.765,0.333,0.308
30,0.324,0.911,0.552,0.349,0.967,0.471,0.324,0.911,0.552,0.071,0.115,-20.428,33.745,0.265,0.847
8,0.846,0.397,0.644,0.912,0.421,0.577,0.846,0.397,0.644,0.070,0.143,-10.809,-37.066,0.349,0.290
251,0.413,0.351,0.937,0.446,0.373,0.916,0.413,0.351,0.937,0.069,0.127,20.729,-2.887,0.625,0.558
493,0.419,0.317,0.947,0.452,0.337,0.927,0.419,0.317,0.947,0.069,0.117,21.573,-0.554,0.632,0.577
393,0.252,0.024,1.001,0.272,0.025,0.990,0.252,0.024,1.001,0.067,0.069,-7.850,-70.250,0.375,0.028
98,0.357,0.410,0.936,0.385,0.435,0.914,0.357,0.410,0.936,0.065,0.122,15.833,-6.613,0.582,0.529
576,0.874,0.028,0.606,0.943,0.029,0.533,0.874,0.028,0.606,0.065,0.071,-35.456,-38.512,0.134,0.278
267,0.365,0.025,0.971,0.393,0.026,0.955,0.365,0.025,0.971,0.065,0.069,-5.729,-72.551,0.394,0.010
327,0.433,0.890,0.547,0.467,0.945,0.465,0.433,0.890,0.547,0.064,0.134,-24.874,33.218,0.227,0.843
522,0.378,0.863,0.597,0.408,0.916,0.523,0.378,0.863,0.597,0.064,0.126,-23.317,35.859,0.240,0.863
149,0.840,0.398,0.664,0.906,0.422,0.600,0.840,0.398,0.664,0.063,0.129,-11.305,-36.366,0.345,0.295
384,0.044,0.875,0.606,0.048,0.929,0.533,0.044,0.875,0.606,0.063,0.071,-6.595,40.002,0.386,0.896
10,0.354,0.873,0.578,0.382,0.927,0.501,0.354,0.873,0.578,0.062,0.115,-22.123,35.210,0.251,0.858
64,0.027,0.318,0.983,0.029,0.338,0.969,0.027,0.318,0.983,0.061,0.065,-48.998,0.198,0.016,0.583
86,0.339,0.033,0.978,0.366,0.035,0.963,0.339,0.033,0.978,0.061,0.066,-6.346,-72.130,0.388,0.014
225,0.432,0.004,0.968,0.466,0.004,0.951,0.432,0.004,0.968,0.060,0.063,-5.310,-73.859,0.397,0.000
378,0.366,0.853,0.627,0.395,0.905,0.557,0.366,0.853,0.627,0.060,0.117,-23.039,37.460,0.243,0.876
471,0.319,0.915,0.556,0.344,0.971,0.475,0.319,0.915,0.556,0.059,0.095,-20.045,33.912,0.269,0.848
433,0.345,0.408,0.939,0.372,0.433,0.918,0.345,0.408,0.939,0.059,0.108,14.863,-6.268,0.574,0.532
114,0.869,0.051,0.620,0.937,0.054,0.550,0.869,0.051,0.620,0.058,0.066,-34.465,-38.661,0.143,0.277
382,0.820,0.049,0.770,0.885,0.052,0.723,0.820,0.049,0.770,0.057,0.068,-29.610,-34.810,0.185,0.307
501,0.299,0.892,0.564,0.322,0.947,0.485,0.299,0.892,0.564,0.056,0.089,-19.253,34.926,0.276,0.856
347,0.296,0.054,0.992,0.319,0.057,0.979,0.296,0.054,0.992,0.056,0.060,-6.763,-70.762,0.385,0.024
314,0.162,0.793,0.873,0.175,0.842,0.842,0.162,0.793,0.873,0.055,0.083,-12.473,50.938,0.335,0.982
502,0.421,0.271,0.960,0.453,0.288,0.943,0.421,0.271,0.960,0.053,0.080,21.811,2.269,0.634,0.599
469,0.022,0.356,0.973,0.024,0.377,0.957,0.022,0.356,0.973,0.053,0.056,-49.641,0.911,0.010,0.588
218,0.925,0.791,0.458,0.997,0.840,0.362,0.925,0.791,0.458,0.053,0.083,63.474,2.649,0.999,0.602
340,0.419,0.261,0.963,0.452,0.277,0.945,0.419,0.261,0.963,0.053,0.079,21.648,2.777,0.633,0.603
358,0.846,0.277,0.674,0.912,0.293,0.612,0.846,0.277,0.674,0.052,0.083,-15.486,-38.486,0.309,0.278
398,0.811,0.121,0.810,0.874,0.128,0.769,0.811,0.121,0.810,0.051,0.069,-26.236,-33.408,0.215,0.318
133,0.027,0.315,0.984,0.029,0.334,0.970,0.027,0.315,0.984,0.051,0.054,-48.527,0.397,0.020,0.584
254,0.408,0.778,0.879,0.440,0.826,0.849,0.408,0.778,0.879,0.051,0.124,-21.723,51.230,0.254,0.984
226,0.820,0.398,0.731,0.885,0.422,0.677,0.820,0.398,0.731,0.051,0.109,-12.912,-33.912,0.331,0.314
449,0.788,0.360,0.853,0.849,0.383,0.819,0.788,0.360,0.853,0.051,0.109,-16.897,-29.438,0.296,0.350
79,0.905,0.071,0.576,0.976,0.075,0.499,0.905,0.071,0.576,0.051,0.056,-35.610,-40.511,0.133,0.262
212,0.313,0.858,0.627,0.337,0.911,0.557,0.313,0.858,0.627,0.050,0.088,-19.606,38.593,0.273,0.885
324,0.127,0.868,0.628,0.137,0.921,0.559,0.127,0.868,0.628,0.050,0.064,-10.431,39.616,0.353,0.893
101,0.921,0.793,0.446,0.993,0.841,0.349,0.921,0.793,0.446,0.050,0.078,63.264,3.115,0.997,0.606
134,0.836,0.422,0.678,0.901,0.448,0.616,0.836,0.422,0.678,0.050,0.110,-11.424,-35.391,0.344,0.303
238,0.409,0.843,0.655,0.442,0.894,0.590,0.409,0.843,0.655,0.050,0.110,-24.374,42.684,0.231,0.917
293,0.289,0.907,0.561,0.312,0.963,0.481,0.289,0.907,0.561,0.049,0.076,-18.602,34.807,0.281,0.855
135,0.415,0.849,0.634,0.447,0.901,0.566,0.415,0.849,0.634,0.048,0.106,-24.644,42.170,0.229,0.913
166,0.787,0.403,0.851,0.848,0.428,0.816,0.787,0.403,0.851,0.047,0.113,-15.371,-29.682,0.310,0.348
107,0.788,0.365,0.851,0.850,0.387,0.816,0.788,0.365,0.851,0.047,0.102,-16.641,-29.473,0.298,0.349
117,0.023,0.300,0.988,0.025,0.318,0.975,0.023,0.300,0.988,0.047,0.050,-49.076,-0.366,0.015,0.578
102,0.375,0.786,0.858,0.404,0.834,0.824,0.375,0.786,0.858,0.047,0.108,-20.898,50.711,0.261,0.980
353,0.440,0.782,0.870,0.475,0.830,0.839,0.440,0.782,0.870,0.047,0.128,-22.565,51.057,0.247,0.983
271,0.859,0.115,0.650,0.926,0.122,0.584,0.859,0.115,0.650,0.046,0.057,-32.405,-39.140,0.161,0.273
301,0.330,0.789,0.857,0.356,0.837,0.823,0.330,0.789,0.857,0.045,0.093,-19.106,51.014,0.277,0.983
232,0.923,0.858,0.226,0.995,0.911,0.094,0.923,0.858,0.226,0.044,0.049,58.802,12.124,0.958,0.677
146,0.798,0.420,0.813,0.860,0.445,0.772,0.798,0.420,0.813,0.044,0.105,-14.311,-30.513,0.319,0.341
566,0.291,0.791,0.862,0.314,0.839,0.829,0.291,0.791,0.862,0.044,0.083,-17.044,51.228,0.295,0.984
284,0.264,0.017,0.998,0.284,0.018,0.986,0.264,0.017,0.998,0.043,0.045,-7.815,-70.795,0.376,0.024
216,0.848,0.390,0.638,0.915,0.414,0.570,0.848,0.390,0.638,0.043,0.087,-10.613,-37.478,0.351,0.286
159,0.812,0.404,0.761,0.876,0.429,0.712,0.812,0.404,0.761,0.043,0.096,-13.313,-32.695,0.328,0.324
386,0.074,0.824,0.759,0.080,0.875,0.710,0.074,0.824,0.759,0.043,0.054,-7.527,45.565,0.378,0.940
145,0.331,0.873,0.586,0.357,0.926,0.510,0.331,0.873,0.586,0.042,0.074,-20.812,35.827,0.262,0.863
319,0.856,0.082,0.654,0.924,0.087,0.589,0.856,0.082,0.654,0.042,0.050,-32.808,-38.508,0.157,0.278
379,0.064,0.773,0.938,0.069,0.820,0.917,0.064,0.773,0.938,0.042,0.049,-7.565,50.594,0.378,0.979
33,0.337,0.871,0.587,0.363,0.925,0.511,0.337,0.871,0.587,0.041,0.074,-21.231,35.812,0.258,0.863
351,0.226,0.789,0.882,0.243,0.838,0.852,0.226,0.789,0.882,0.040,0.066,-14.536,51.495,0.317,0.986
69,0.870,0.058,0.619,0.938,0.062,0.548,0.870,0.058,0.619,0.040,0.046,-34.247,-39.005,0.145,0.274
394,0.294,0.851,0.652,0.317,0.903,0.587,0.294,0.851,0.652,0.040,0.068,-19.012,40.093,0.278,0.897
82,0.801,0.431,0.805,0.863,0.458,0.763,0.801,0.431,0.805,0.040,0.098,-13.781,-30.622,0.323,0.340
189,0.091,0.820,0.776,0.098,0.870,0.730,0.091,0.820,0.776,0.039,0.051,-7.871,46.182,0.375,0.945
477,0.371,0.808,0.779,0.400,0.858,0.733,0.371,0.808,0.779,0.039,0.086,-21.835,47.333,0.253,0.954
1,0.798,0.158,0.856,0.861,0.167,0.822,0.798,0.158,0.856,0.039,0.056,-24.966,-32.146,0.226,0.328
205,0.802,0.424,0.800,0.864,0.450,0.757,0.802,0.424,0.800,0.039,0.093,-13.946,-31.037,0.322,0.337
87,0.805,0.336,0.797,0.868,0.356,0.754,0.805,0.336,0.797,0.038,0.074,-16.996,-33.301,0.295,0.319
121,0.380,0.829,0.702,0.410,0.880,0.645,0.380,0.829,0.702,0.038,0.080,-22.639,43.923,0.246,0.927
213,0.382,0.773,0.898,0.412,0.821,0.870,0.382,0.773,0.898,0.037,0.082,-21.262,51.693,0.258,0.988
577,0.016,0.389,0.967,0.017,0.413,0.950,0.016,0.389,0.967,0.037,0.040,-50.128,1.672,0.006,0.594
402,0.197,0.796,0.863,0.213,0.845,0.830,0.197,0.796,0.863,0.037,0.058,-13.703,50.997,0.324,0.982
294,0.420,0.832,0.692,0.453,0.883,0.632,0.420,0.832,0.692,0.037,0.086,-24.057,43.839,0.234,0.926
551,0.346,0.792,0.843,0.373,0.840,0.807,0.346,0.792,0.843,0.037,0.079,-19.909,50.614,0.270,0.979
572,0.860,0.099,0.646,0.928,0.105,0.579,0.860,0.099,0.646,0.037,0.045,-32.819,-39.065,0.157,0.274
354,0.439,0.782,0.869,0.473,0.831,0.837,0.439,0.782,0.869,0.037,0.101,-22.451,50.989,0.248,0.982
306,0.406,0.790,0.840,0.438,0.838,0.803,0.406,0.790,0.840,0.036,0.090,-21.828,50.237,0.253,0.977
403,0.793,0.341,0.839,0.855,0.362,0.802,0.793,0.341,0.839,0.036,0.073,-17.370,-30.095,0.292,0.344
328,0.294,0.857,0.633,0.317,0.910,0.565,0.294,0.857,0.633,0.036,0.060,-18.876,38.978,0.279,0.888
486,0.808,0.271,0.805,0.871,0.287,0.764,0.808,0.271,0.805,0.035,0.061,-18.856,-34.047,0.279,0.313
273,0.777,0.354,0.890,0.838,0.376,0.862,0.777,0.354,0.890,0.035,0.073,-17.639,-28.509,0.290,0.357
31,0.315,0.874,0.587,0.340,0.928,0.511,0.315,0.874,0.587,0.035,0.060,-20.056,36.154,0.269,0.866
305,0.280,0.786,0.882,0.302,0.834,0.852,0.280,0.786,0.882,0.035,0.064,-16.401,51.708,0.301,0.988
454,0.333,0.792,0.845,0.359,0.841,0.809,0.333,0.792,0.845,0.035,0.073,-19.344,50.723,0.275,0.980
150,0.778,0.325,0.896,0.839,0.344,0.869,0.778,0.325,0.896,0.035,0.067,-18.633,-28.539,0.281,0.357
275,0.799,0.145,0.852,0.862,0.154,0.818,0.799,0.145,0.852,0.035,0.049,-25.413,-32.218,0.222,0.328
490,0.320,0.842,0.673,0.345,0.894,0.610,0.320,0.842,0.673,0.035,0.063,-20.247,41.620,0.267,0.909
279,0.266,0.429,0.963,0.287,0.456,0.945,0.266,0.429,0.963,0.034,0.052,8.937,-4.185,0.522,0.548
276,0.366,0.817,0.746,0.394,0.867,0.695,0.366,0.817,0.746,0.034,0.073,-21.835,45.725,0.253,0.941
463,0.278,0.864,0.621,0.300,0.917,0.550,0.278,0.864,0.621,0.034,0.055,-18.165,38.225,0.285,0.882
478,0.785,0.108,0.901,0.847,0.114,0.873,0.785,0.108,0.901,0.034,0.045,-26.632,-31.096,0.211,0.336
192,0.358,0.838,0.677,0.386,0.889,0.615,0.358,0.838,0.677,0.034,0.068,-21.864,42.639,0.253,0.917
342,0.784,0.349,0.869,0.845,0.370,0.836,0.784,0.349,0.869,0.034,0.071,-17.533,-29.166,0.291,0.352
567,0.035,0.342,0.977,0.037,0.363,0.962,0.035,0.342,0.977,0.033,0.036,-48.824,1.014,0.017,0.589
344,0.877,0.055,0.603,0.946,0.059,0.530,0.877,0.055,0.603,0.033,0.038,-34.937,-39.273,0.139,0.272
40,0.004,0.070,1.006,0.004,0.074,0.995,0.004,0.070,1.006,0.033,0.034,-46.941,-3.638,0.034,0.553
307,0.779,0.319,0.895,0.840,0.339,0.867,0.779,0.319,0.895,0.033,0.062,-19.012,-28.769,0.278,0.355
112,0.779,0.325,0.891,0.840,0.345,0.863,0.779,0.325,0.891,0.033,0.063,-18.488,-28.888,0.282,0.354
110,0.313,0.834,0.701,0.337,0.885,0.643,0.313,0.834,0.701,0.032,0.059,-20.141,42.933,0.268,0.919
32,0.320,0.841,0.675,0.345,0.893,0.613,0.320,0.841,0.675,0.032,0.059,-20.286,41.825,0.267,0.910
292,0.392,0.816,0.747,0.423,0.866,0.696,0.392,0.816,0.747,0.032,0.072,-22.662,45.818,0.246,0.942
291,0.314,0.854,0.637,0.339,0.907,0.569,0.314,0.854,0.637,0.032,0.056,-19.658,39.354,0.272,0.891
390,0.030,0.352,0.974,0.032,0.374,0.958,0.030,0.352,0.974,0.031,0.034,-49.131,1.248,0.015,0.591
103,0.815,0.387,0.750,0.879,0.410,0.700,0.815,0.387,0.750,0.031,0.066,-13.435,-33.460,0.326,0.318
368,0.357,0.821,0.736,0.385,0.871,0.684,0.357,0.821,0.736,0.031,0.063,-21.588,45.142,0.255,0.936
562,0.783,0.414,0.865,0.844,0.439,0.833,0.783,0.414,0.865,0.031,0.075,-15.188,-29.228,0.311,0.351
451,0.780,0.293,0.899,0.841,0.311,0.872,0.780,0.293,0.899,0.031,0.054,-19.770,-29.021,0.271,0.353
514,0.311,0.868,0.601,0.335,0.922,0.527,0.311,0.868,0.601,0.030,0.052,-19.799,37.011,0.271,0.872
543,0.402,0.803,0.795,0.434,0.852,0.751,0.402,0.803,0.795,0.030,0.072,-22.063,48.607,0.251,0.964
148,0.326,0.821,0.743,0.352,0.872,0.691,0.326,0.821,0.743,0.030,0.058,-20.514,45.071,0.265,0.936
559,0.353,0.836,0.685,0.381,0.887,0.624,0.353,0.836,0.685,0.030,0.059,-21.619,42.941,0.255,0.919
569,0.343,0.826,0.720,0.370,0.877,0.665,0.343,0.826,0.720,0.030,0.059,-21.178,44.269,0.259,0.930
253,0.331,0.028,0.980,0.357,0.029,0.965,0.331,0.028,0.980,0.029,0.031,-6.762,-72.070,0.385,0.014
61,0.777,0.431,0.885,0.838,0.458,0.855,0.777,0.431,0.885,0.029,0.074,-14.857,-28.745,0.314,0.355
421,0.765,0.315,0.941,0.824,0.334,0.920,0.765,0.315,0.941,0.029,0.050,-19.744,-27.898,0.271,0.362
260,0.332,0.820,0.746,0.358,0.870,0.695,0.332,0.820,0.746,0.029,0.056,-20.742,45.342,0.263,0.938
68,0.039,0.894,0.579,0.042,0.949,0.502,0.039,0.894,0.579,0.029,0.032,-6.403,39.033,0.388,0.888
419,0.425,0.764,0.925,0.458,0.811,0.902,0.425,0.764,0.925,0.029,0.064,-22.037,52.175,0.251,0.992
548,0.301,0.870,0.600,0.324,0.923,0.527,0.301,0.870,0.600,0.028,0.047,-19.237,37.100,0.276,0.873
137,0.361,0.822,0.731,0.389,0.872,0.677,0.361,0.822,0.731,0.028,0.058,-21.854,44.885,0.253,0.934
48,0.388,0.795,0.824,0.418,0.844,0.785,0.388,0.795,0.824,0.027,0.064,-21.439,49.704,0.257,0.972
333,0.004,0.262,0.998,0.004,0.277,0.985,0.004,0.262,0.998,0.027,0.028,-48.992,-1.319,0.016,0.571
88,0.786,0.428,0.856,0.847,0.454,0.822,0.786,0.428,0.856,0.027,0.069,-14.586,-29.451,0.316,0.349
346,0.391,0.798,0.812,0.421,0.847,0.771,0.391,0.798,0.812,0.027,0.063,-21.743,49.253,0.254,0.969
240,0.774,0.331,0.907,0.834,0.351,0.881,0.774,0.331,0.907,0.027,0.050,-18.716,-28.098,0.280,0.360
18,0.780,0.076,0.914,0.841,0.081,0.889,0.780,0.076,0.914,0.027,0.033,-27.377,-30.770,0.205,0.339
556,0.252,0.787,0.883,0.272,0.836,0.854,0.252,0.787,0.883,0.027,0.046,-15.441,51.588,0.309,0.987
321,0.806,0.457,0.793,0.869,0.484,0.750,0.806,0.457,0.793,0.026,0.068,-13.216,-30.784,0.328,0.339
476,0.232,0.798,0.849,0.251,0.847,0.814,0.232,0.798,0.849,0.026,0.044,-14.961,50.564,0.313,0.979
7,0.817,0.338,0.754,0.881,0.358,0.704,0.817,0.338,0.754,0.026,0.050,-16.110,-34.541,0.303,0.309
345,0.809,0.323,0.785,0.873,0.343,0.740,0.809,0.323,0.785,0.026,0.050,-17.135,-33.901,0.294,0.314
391,0.883,0.075,0.595,0.952,0.079,0.520,0.883,0.075,0.595,0.026,0.030,-34.799,-40.158,0.140,0.265
239,0.796,0.451,0.826,0.858,0.479,0.787,0.796,0.451,0.826,0.026,0.069,-13.806,-29.923,0.323,0.346
466,0.304,0.823,0.741,0.328,0.874,0.689,0.304,0.823,0.741,0.026,0.048,-19.795,44.979,0.271,0.935
546,0.436,0.776,0.890,0.470,0.824,0.861,0.436,0.776,0.890,0.026,0.066,-22.365,51.581,0.248,0.987
37,0.430,0.822,0.729,0.464,0.872,0.675,0.430,0.822,0.729,0.026,0.063,-23.956,45.087,0.235,0.936
563,0.000,0.240,1.002,0.000,0.254,0.991,0.000,0.240,1.002,0.025,0.026,-47.973,-1.334,0.025,0.571
413,0.003,0.446,0.971,0.003,0.473,0.955,0.003,0.446,0.971,0.025,0.027,-50.794,1.894,0.000,0.596
570,0.341,0.835,0.689,0.368,0.887,0.629,0.341,0.835,0.689,0.025,0.048,-21.083,42.825,0.260,0.918
355,0.788,0.304,0.868,0.849,0.323,0.836,0.788,0.304,0.868,0.025,0.048,-18.804,-29.631,0.280,0.348
446,0.417,0.828,0.703,0.449,0.879,0.646,0.417,0.828,0.703,0.025,0.058,-23.895,44.266,0.235,0.930
430,0.269,0.778,0.912,0.290,0.826,0.886,0.269,0.778,0.912,0.025,0.041,-15.822,52.581,0.306,0.995
190,0.835,0.126,0.724,0.900,0.133,0.670,0.835,0.126,0.724,0.024,0.031,-27.144,-35.467,0.207,0.302
266,0.307,0.846,0.663,0.331,0.898,0.599,0.307,0.846,0.663,0.024,0.042,-19.612,40.857,0.272,0.903
167,0.438,0.768,0.917,0.472,0.815,0.892,0.438,0.768,0.917,0.024,0.056,-22.444,52.030,0.248,0.991
325,0.811,0.275,0.793,0.875,0.292,0.750,0.811,0.275,0.793,0.023,0.040,-18.518,-34.313,0.282,0.311
155,0.269,0.847,0.671,0.290,0.899,0.608,0.269,0.847,0.671,0.023,0.038,-17.819,41.053,0.288,0.904
22,0.434,0.835,0.684,0.468,0.886,0.623,0.434,0.835,0.684,0.023,0.055,-24.463,43.692,0.230,0.925
416,0.103,0.812,0.804,0.111,0.862,0.762,0.103,0.812,0.804,0.023,0.031,-8.081,46.989,0.373,0.951
282,0.034,0.278,0.996,0.036,0.295,0.983,0.034,0.278,0.996,0.023,0.024,-48.138,-0.319,0.023,0.579
550,0.421,0.362,0.935,0.454,0.384,0.914,0.421,0.362,0.935,0.022,0.042,20.689,-3.630,0.625,0.553
483,0.244,0.799,0.844,0.263,0.848,0.808,0.244,0.799,0.844,0.022,0.038,-15.449,50.399,0.309,0.978
94,0.766,0.293,0.941,0.827,0.311,0.921,0.766,0.293,0.941,0.022,0.036,-20.321,-28.195,0.266,0.359
383,0.180,0.856,0.658,0.194,0.909,0.594,0.180,0.856,0.658,0.022,0.030,-12.519,39.642,0.334,0.893
210,0.826,0.429,0.713,0.891,0.455,0.656,0.826,0.429,0.713,0.022,0.050,-12.071,-34.122,0.338,0.313
427,0.003,0.112,1.009,0.003,0.118,0.998,0.003,0.112,1.009,0.021,0.021,-47.187,-3.236,0.032,0.556
400,0.100,0.840,0.707,0.107,0.891,0.650,0.100,0.840,0.707,0.021,0.026,-9.443,41.824,0.361,0.910
175,0.268,0.799,0.840,0.288,0.848,0.803,0.268,0.799,0.840,0.021,0.037,-16.277,50.415,0.302,0.978
417,0.306,0.809,0.794,0.330,0.858,0.750,0.306,0.809,0.794,0.020,0.039,-17.614,48.635,0.290,0.964
519,0.824,0.310,0.737,0.889,0.329,0.685,0.824,0.310,0.737,0.020,0.036,-16.479,-35.684,0.300,0.300
108,0.818,0.288,0.766,0.882,0.306,0.717,0.818,0.288,0.766,0.020,0.035,-17.709,-34.895,0.289,0.307
163,0.784,0.236,0.898,0.846,0.251,0.870,0.784,0.236,0.898,0.020,0.032,-21.717,-29.650,0.254,0.348
207,0.768,0.279,0.942,0.828,0.296,0.921,0.768,0.279,0.942,0.020,0.031,-20.732,-28.420,0.263,0.358
420,0.300,0.426,0.953,0.324,0.452,0.934,0.300,0.426,0.953,0.020,0.032,10.699,-4.952,0.537,0.542
526,0.835,0.292,0.706,0.900,0.309,0.649,0.835,0.292,0.706,0.019,0.033,-16.289,-37.106,0.302,0.289
198,0.272,0.809,0.800,0.294,0.859,0.757,0.272,0.809,0.800,0.019,0.033,-16.581,48.937,0.299,0.966
431,0.834,0.301,0.704,0.900,0.319,0.647,0.834,0.301,0.704,0.019,0.032,-15.909,-37.054,0.305,0.290
55,0.789,0.298,0.866,0.851,0.316,0.833,0.789,0.298,0.866,0.019,0.035,-19.071,-29.741,0.277,0.347
202,0.002,0.160,1.010,0.002,0.170,1.000,0.002,0.160,1.010,0.019,0.019,-47.551,-2.626,0.028,0.561
3,0.211,0.869,0.623,0.227,0.922,0.553,0.211,0.869,0.623,0.018,0.026,-14.079,38.262,0.321,0.882
247,0.471,0.814,0.769,0.508,0.864,0.721,0.471,0.814,0.769,0.018,0.051,-24.098,46.427,0.233,0.947
111,0.264,0.874,0.602,0.285,0.927,0.529,0.264,0.874,0.602,0.018,0.028,-17.109,37.373,0.294,0.875
268,0.267,0.800,0.836,0.288,0.849,0.799,0.267,0.800,0.836,0.017,0.031,-16.236,50.155,0.302,0.976
313,0.058,0.807,0.818,0.063,0.857,0.779,0.058,0.807,0.818,0.017,0.022,-7.200,47.271,0.381,0.953
381,0.107,0.803,0.837,0.115,0.852,0.800,0.107,0.803,0.837,0.017,0.023,-8.230,47.826,0.372,0.958
539,0.862,0.942,0.264,0.929,1.000,0.138,0.862,0.942,0.264,0.017,0.019,57.221,9.804,0.944,0.658
517,0.181,0.867,0.630,0.195,0.920,0.561,0.181,0.867,0.630,0.017,0.023,-12.678,38.832,0.333,0.887
73,0.141,0.785,0.904,0.151,0.833,0.877,0.141,0.785,0.904,0.017,0.023,-11.760,51.030,0.341,0.983
280,0.266,0.783,0.894,0.286,0.831,0.866,0.266,0.783,0.894,0.016,0.028,-15.808,52.044,0.306,0.991
285,0.063,0.779,0.917,0.067,0.827,0.892,0.063,0.779,0.917,0.016,0.020,-7.540,50.013,0.378,0.975
356,0.769,0.216,0.950,0.830,0.229,0.931,0.769,0.216,0.950,0.016,0.023,-22.196,-28.780,0.250,0.355
480,0.255,0.810,0.801,0.275,0.860,0.759,0.255,0.810,0.801,0.016,0.028,-16.036,48.949,0.304,0.966
258,0.777,0.245,0.921,0.838,0.260,0.897,0.777,0.245,0.921,0.016,0.025,-21.364,-29.116,0.257,0.352
448,0.812,0.453,0.771,0.875,0.480,0.724,0.812,0.453,0.771,0.016,0.040,-13.133,-31.496,0.329,0.333
131,0.771,0.108,0.946,0.832,0.115,0.926,0.771,0.108,0.946,0.016,0.019,-26.808,-30.155,0.210,0.344
504,0.250,0.887,0.583,0.270,0.941,0.507,0.250,0.887,0.583,0.015,0.023,-16.393,36.709,0.301,0.870
428,0.286,0.783,0.891,0.309,0.831,0.862,0.286,0.783,0.891,0.015,0.027,-16.594,52.169,0.299,0.992
473,0.255,0.907,0.570,0.275,0.963,0.492,0.255,0.907,0.570,0.015,0.022,-16.781,35.845,0.297,0.863
242,0.239,0.784,0.899,0.258,0.832,0.872,0.239,0.784,0.899,0.013,0.022,-14.897,52.112,0.314,0.991
206,0.173,0.785,0.903,0.187,0.833,0.876,0.173,0.785,0.903,0.013,0.019,-12.694,51.343,0.333,0.985
518,0.778,0.119,0.924,0.839,0.127,0.900,0.778,0.119,0.924,0.013,0.017,-26.417,-30.552,0.213,0.341
302,0.209,0.869,0.622,0.225,0.923,0.552,0.209,0.869,0.622,0.012,0.018,-13.916,38.301,0.322,0.883
236,0.262,0.823,0.753,0.283,0.874,0.703,0.262,0.823,0.753,0.012,0.021,-15.969,45.543,0.304,0.940
85,0.244,0.893,0.577,0.263,0.948,0.500,0.244,0.893,0.577,0.012,0.017,-16.109,36.408,0.303,0.868
536,0.771,0.235,0.942,0.831,0.250,0.922,0.771,0.235,0.942,0.012,0.017,-21.703,-28.686,0.254,0.355
14,0.847,0.076,0.683,0.913,0.080,0.622,0.847,0.076,0.683,0.011,0.013,-32.107,-37.787,0.163,0.284
365,0.268,0.841,0.691,0.289,0.893,0.631,0.268,0.841,0.691,0.011,0.018,-17.584,41.664,0.290,0.909
255,0.209,0.833,0.728,0.225,0.884,0.674,0.209,0.833,0.728,0.010,0.016,-14.552,43.993,0.317,0.927
557,0.838,0.281,0.697,0.904,0.298,0.639,0.838,0.281,0.697,0.010,0.017,-16.196,-37.636,0.302,0.285
62,0.096,0.803,0.835,0.103,0.853,0.798,0.096,0.803,0.835,0.010,0.013,-7.938,47.755,0.374,0.957
482,0.125,0.849,0.678,0.135,0.902,0.616,0.125,0.849,0.678,0.010,0.013,-10.241,40.820,0.354,0.902
529,0.832,0.246,0.724,0.898,0.261,0.670,0.832,0.246,0.724,0.010,0.015,-17.784,-36.697,0.288,0.292
11,0.124,0.851,0.672,0.133,0.904,0.609,0.124,0.851,0.672,0.010,0.012,-10.224,40.608,0.355,0.901
233,0.787,0.229,0.889,0.849,0.243,0.861,0.787,0.229,0.889,0.009,0.014,-22.068,-29.914,0.251,0.346
406,0.816,0.225,0.787,0.880,0.238,0.743,0.816,0.225,0.787,0.008,0.013,-22.402,-34.007,0.248,0.314
257,0.817,0.120,0.788,0.881,0.127,0.743,0.817,0.120,0.788,0.008,0.010,-26.337,-34.036,0.214,0.313
288,0.222,0.811,0.805,0.239,0.861,0.763,0.222,0.811,0.805,0.008,0.012,-15.253,48.994,0.311,0.967
34,0.016,0.258,0.999,0.018,0.273,0.988,0.016,0.258,0.999,0.008,0.008,-48.609,-1.195,0.019,0.572
456,0.258,0.767,0.951,0.278,0.814,0.931,0.258,0.767,0.951,0.007,0.011,-15.256,53.196,0.311,1.000
27,0.270,0.767,0.945,0.291,0.815,0.925,0.270,0.767,0.945,0.007,0.011,-15.706,53.223,0.307,1.000
53,0.792,0.168,0.876,0.855,0.179,0.845,0.792,0.168,0.876,0.007,0.010,-24.734,-31.503,0.228,0.333
339,0.772,0.467,0.913,0.833,0.495,0.888,0.772,0.467,0.913,0.007,0.017,-14.453,-28.328,0.318,0.358
281,0.822,0.149,0.769,0.887,0.158,0.722,0.822,0.149,0.769,0.006,0.009,-25.582,-34.434,0.220,0.310
574,0.466,0.841,0.672,0.503,0.893,0.610,0.466,0.841,0.672,0.006,0.016,-24.957,43.590,0.226,0.924
248,0.805,0.208,0.830,0.868,0.220,0.792,0.805,0.208,0.830,0.006,0.009,-23.458,-32.868,0.239,0.323
93,0.230,0.860,0.641,0.248,0.913,0.573,0.230,0.860,0.641,0.005,0.008,-14.689,38.810,0.315,0.887
89,0.228,0.825,0.753,0.245,0.876,0.703,0.228,0.825,0.753,0.005,0.008,-15.059,44.855,0.312,0.934
235,0.829,0.228,0.739,0.894,0.242,0.686,0.829,0.228,0.739,0.005,0.007,-18.606,-36.335,0.281,0.295
71,0.212,0.836,0.718,0.228,0.887,0.663,0.212,0.836,0.718,0.004,0.007,-14.795,43.590,0.315,0.924
77,0.240,0.846,0.680,0.259,0.898,0.619,0.240,0.846,0.680,0.004,0.007,-16.568,41.533,0.299,0.908
300,0.231,0.877,0.602,0.250,0.931,0.529,0.231,0.877,0.602,0.004,0.006,-15.338,37.469,0.310,0.876
2,0.347,0.919,0.552,0.375,0.975,0.471,0.347,0.919,0.552,0.000,0.000,-21.221,33.154,0.258,0.842
17,0.878,0.070,0.603,0.947,0.074,0.530,0.878,0.070,0.603,0.000,0.000,-34.470,-39.770,0.143,0.268
29,0.823,0.179,0.766,0.888,0.190,0.718,0.823,0.179,0.766,0.000,0.000,-24.536,-34.405,0.229,0.310
97,0.162,0.831,0.740,0.174,0.882,0.688,0.162,0.831,0.740,0.000,0.000,-13.388,43.827,0.327,0.926
115,0.153,0.861,0.646,0.165,0.914,0.580,0.153,0.861,0.646,0.000,0.000,-11.456,39.699,0.344,0.894
120,0.396,0.034,0.968,0.427,0.036,0.951,0.396,0.034,0.968,0.000,0.000,-5.248,-73.028,0.398,0.007
124,0.243,0.910,0.573,0.262,0.966,0.496,0.243,0.910,0.573,0.000,0.000,-16.242,35.932,0.302,0.864
132,0.082,0.002,1.007,0.089,0.002,0.996,0.082,0.002,1.007,0.000,0.000,-46.489,-4.386,0.038,0.547
153,0.170,0.831,0.739,0.183,0.882,0.687,0.170,0.831,0.739,0.000,0.000,-13.617,43.888,0.325,0.927
177,0.053,0.814,0.794,0.057,0.864,0.751,0.053,0.814,0.794,0.000,0.000,-7.122,46.522,0.382,0.947
182,0.287,0.062,0.995,0.310,0.066,0.983,0.287,0.062,0.995,0.000,0.000,-6.935,-70.434,0.383,0.027
208,0.923,0.001,0.585,0.996,0.001,0.509,0.923,0.001,0.585,0.000,0.000,-37.232,-38.809,0.119,0.276
211,0.844,0.334,0.661,0.911,0.354,0.597,0.844,0.334,0.661,0.000,0.000,-12.980,-38.644,0.330,0.277
228,0.024,0.270,0.997,0.026,0.286,0.985,0.024,0.270,0.997,0.000,0.000,-48.343,-0.682,0.021,0.576
244,0.881,0.052,0.596,0.950,0.055,0.522,0.881,0.052,0.596,0.000,0.000,-35.268,-39.414,0.136,0.271
245,0.441,0.892,0.547,0.475,0.947,0.465,0.441,0.892,0.547,0.000,0.000,-24.974,32.935,0.226,0.840
250,0.810,0.206,0.811,0.874,0.218,0.770,0.810,0.206,0.811,0.000,0.000,-23.364,-33.458,0.240,0.318
283,0.396,0.403,0.930,0.427,0.428,0.907,0.396,0.403,0.930,0.000,0.000,18.948,-7.090,0.609,0.525
316,0.200,0.837,0.717,0.215,0.888,0.662,0.200,0.837,0.717,0.000,0.000,-14.332,43.492,0.319,0.923
318,0.160,0.864,0.637,0.173,0.918,0.569,0.160,0.864,0.637,0.000,0.000,-11.815,39.287,0.341,0.890
329,0.796,0.172,0.864,0.858,0.182,0.832,0.796,0.172,0.864,0.000,0.000,-24.496,-31.911,0.230,0.330
331,0.793,0.065,0.868,0.856,0.069,0.836,0.793,0.065,0.868,0.000,0.000,-27.704,-31.742,0.202,0.331
349,0.330,0.036,0.981,0.356,0.038,0.966,0.330,0.036,0.981,0.000,0.000,-6.173,-71.471,0.390,0.019
372,0.022,0.374,0.969,0.024,0.397,0.953,0.022,0.374,0.969,0.000,0.000,-49.573,1.675,0.011,0.594
373,0.028,0.881,0.594,0.030,0.935,0.519,0.028,0.881,0.594,0.000,0.000,-6.283,39.625,0.389,0.893
374,0.381,0.909,0.538,0.410,0.965,0.455,0.381,0.909,0.538,0.000,0.000,-23.022,32.627,0.243,0.838
409,0.189,0.865,0.635,0.204,0.918,0.567,0.189,0.865,0.635,0.000,0.000,-13.100,38.921,0.329,0.887
459,0.279,0.864,0.620,0.301,0.917,0.550,0.279,0.864,0.620,0.000,0.000,-18.252,38.146,0.284,0.881
492,0.418,0.282,0.957,0.451,0.299,0.939,0.418,0.282,0.957,0.000,0.000,21.770,1.698,0.634,0.595
495,0.230,0.881,0.597,0.248,0.935,0.522,0.230,0.881,0.597,0.000,0.000,-15.438,37.132,0.309,0.873
512,0.213,0.831,0.734,0.229,0.882,0.681,0.213,0.831,0.734,0.000,0.000,-14.669,44.216,0.316,0.929
523,0.004,0.212,1.007,0.004,0.225,0.996,0.004,0.212,1.007,0.000,0.000,-48.087,-1.958,0.024,0.566
538,0.407,0.399,0.930,0.439,0.424,0.907,0.407,0.399,0.930,0.000,0.000,19.628,-6.771,0.615,0.528
