# {'f_': [3, 5], 'mu_': [9, 9], 'n': 500, 'N': 2, 'M': 3, 'mu': [8, 8], 'x': [6, 7], 'f': [0, 2]}
135,1.500,1.500,2.121,0.165,0.161,0.229,0.500,0.500,1.536,22.584
272,0.371,9.273,0.223,0.040,1.000,0.023,0.985,0.025,0.922,0.944
299,9.033,0.544,0.563,1.000,0.058,0.059,0.960,0.962,0.778,0.826
180,8.954,0.748,0.498,0.991,0.080,0.052,0.965,0.947,0.727,0.775
341,0.037,0.030,6.341,0.003,0.003,0.687,0.005,0.569,0.704,1.029
2,0.286,9.220,0.429,0.031,0.994,0.045,0.970,0.020,0.682,0.708
270,0.011,8.746,1.385,0.000,0.943,0.149,0.900,0.001,0.682,0.723
325,1.315,1.425,2.524,0.145,0.153,0.272,0.417,0.475,0.651,5.127
207,8.791,0.438,1.055,0.973,0.047,0.113,0.924,0.968,0.644,0.695
358,0.285,0.270,6.012,0.031,0.029,0.651,0.042,0.517,0.628,1.010
431,1.525,1.316,2.392,0.168,0.142,0.258,0.446,0.547,0.594,5.119
285,8.510,0.440,1.420,0.942,0.047,0.153,0.895,0.967,0.552,0.617
3,0.465,0.506,5.767,0.051,0.054,0.625,0.076,0.474,0.547,0.953
390,1.302,1.609,2.388,0.143,0.173,0.258,0.455,0.433,0.537,4.666
30,0.904,8.625,0.888,0.099,0.930,0.095,0.935,0.067,0.534,0.640
125,0.536,8.765,1.015,0.059,0.945,0.109,0.927,0.039,0.524,0.591
19,0.324,8.975,0.857,0.035,0.968,0.091,0.939,0.023,0.520,0.557
459,0.699,8.770,0.867,0.077,0.946,0.092,0.937,0.051,0.509,0.586
145,2.029,8.134,0.049,0.224,0.877,0.004,0.996,0.156,0.508,0.582
153,1.360,1.652,2.240,0.150,0.178,0.242,0.485,0.439,0.500,5.435
183,0.919,8.842,0.512,0.101,0.954,0.054,0.963,0.066,0.500,0.556
368,0.603,8.861,0.811,0.066,0.956,0.086,0.942,0.043,0.494,0.555
127,0.661,0.552,5.653,0.072,0.059,0.612,0.096,0.557,0.491,0.888
365,7.919,2.231,0.015,0.877,0.240,0.000,0.999,0.825,0.478,0.546
324,1.408,1.651,2.162,0.155,0.178,0.233,0.501,0.449,0.476,6.105
452,2.254,7.835,0.121,0.249,0.845,0.011,0.991,0.178,0.470,0.564
171,0.727,0.601,5.565,0.080,0.064,0.603,0.107,0.560,0.465,0.863
440,1.297,8.302,0.920,0.143,0.895,0.098,0.931,0.099,0.461,0.578
441,0.722,0.586,5.601,0.079,0.063,0.607,0.105,0.566,0.455,0.836
318,1.275,8.300,0.947,0.141,0.895,0.101,0.929,0.097,0.448,0.565
448,8.327,1.161,1.036,0.922,0.125,0.111,0.922,0.912,0.447,0.551
414,1.690,8.126,0.657,0.187,0.876,0.070,0.950,0.131,0.445,0.552
235,8.234,1.486,0.782,0.912,0.160,0.083,0.941,0.886,0.442,0.533
211,1.648,1.317,2.336,0.182,0.142,0.252,0.468,0.571,0.429,3.896
24,7.844,2.151,0.316,0.868,0.232,0.033,0.975,0.830,0.427,0.512
38,0.693,0.862,5.381,0.076,0.093,0.583,0.129,0.431,0.415,0.818
28,8.239,0.970,1.323,0.912,0.104,0.142,0.899,0.925,0.411,0.509
300,0.831,0.891,5.065,0.091,0.096,0.548,0.150,0.478,0.402,0.880
254,1.189,8.017,1.363,0.131,0.864,0.146,0.894,0.094,0.400,0.545
126,0.690,7.967,1.814,0.076,0.859,0.195,0.858,0.055,0.396,0.505
450,1.655,1.463,2.096,0.183,0.157,0.226,0.517,0.539,0.389,5.636
56,0.921,0.861,4.990,0.101,0.093,0.540,0.158,0.521,0.388,0.868
137,7.450,2.533,0.147,0.825,0.273,0.014,0.988,0.791,0.383,0.472
333,8.045,1.039,1.469,0.891,0.112,0.158,0.886,0.918,0.378,0.485
177,1.765,1.722,1.943,0.195,0.185,0.209,0.575,0.508,0.370,15.432
76,0.572,0.730,5.648,0.063,0.078,0.612,0.104,0.423,0.361,0.658
349,0.991,0.909,4.838,0.109,0.098,0.524,0.173,0.527,0.361,0.848
292,0.993,0.945,4.765,0.109,0.102,0.516,0.178,0.516,0.357,0.861
297,4.301,4.509,0.047,0.476,0.486,0.003,0.995,0.485,0.354,0.733
165,0.957,0.699,5.415,0.105,0.075,0.587,0.137,0.598,0.353,0.689
313,3.089,6.583,0.085,0.341,0.710,0.008,0.993,0.279,0.348,0.495
216,0.553,7.851,2.005,0.060,0.847,0.216,0.841,0.045,0.344,0.437
290,4.434,4.268,0.178,0.490,0.460,0.018,0.982,0.512,0.335,0.710
434,7.958,1.455,1.157,0.881,0.157,0.124,0.910,0.885,0.333,0.440
326,4.302,4.369,0.210,0.476,0.471,0.021,0.978,0.495,0.332,0.729
449,0.943,1.080,4.689,0.104,0.116,0.508,0.189,0.457,0.331,0.818
375,3.809,5.134,0.131,0.421,0.554,0.013,0.987,0.406,0.329,0.609
89,1.817,1.675,1.954,0.201,0.180,0.211,0.574,0.526,0.327,10.557
464,7.350,0.012,2.658,0.814,0.001,0.287,0.779,0.999,0.327,0.402
286,4.633,4.066,0.225,0.513,0.438,0.023,0.977,0.541,0.326,0.665
241,1.016,1.081,4.511,0.112,0.116,0.488,0.202,0.480,0.324,0.862
64,1.099,0.984,4.567,0.121,0.106,0.494,0.199,0.535,0.320,0.824
110,4.216,4.372,0.300,0.466,0.471,0.031,0.969,0.488,0.320,0.726
166,1.315,1.355,2.720,0.145,0.146,0.294,0.386,0.491,0.318,2.135
240,0.850,1.135,4.963,0.093,0.122,0.537,0.177,0.409,0.313,0.704
323,7.214,0.043,2.734,0.799,0.004,0.295,0.769,0.996,0.312,0.392
36,0.364,0.426,5.932,0.040,0.046,0.643,0.060,0.450,0.308,0.510
331,3.323,5.936,0.280,0.367,0.640,0.029,0.974,0.325,0.306,0.500
345,1.432,1.223,2.995,0.158,0.132,0.324,0.357,0.550,0.303,1.578
236,7.077,0.088,2.801,0.783,0.009,0.303,0.760,0.992,0.296,0.383
499,6.736,0.060,3.013,0.746,0.006,0.326,0.732,0.994,0.295,0.399
425,4.902,3.711,0.459,0.542,0.400,0.048,0.953,0.587,0.286,0.580
16,5.526,3.481,0.344,0.611,0.375,0.036,0.967,0.642,0.285,0.496
77,6.301,3.026,0.496,0.697,0.326,0.052,0.955,0.715,0.279,0.433
369,4.846,3.690,0.522,0.536,0.398,0.055,0.946,0.586,0.278,0.578
359,1.623,1.869,1.981,0.179,0.201,0.214,0.570,0.455,0.278,7.937
478,0.618,0.845,5.607,0.068,0.091,0.607,0.117,0.402,0.278,0.515
133,1.790,1.340,2.291,0.198,0.144,0.247,0.492,0.591,0.278,2.697
194,7.621,0.948,1.920,0.844,0.102,0.207,0.844,0.921,0.276,0.372
225,3.120,6.167,0.447,0.345,0.665,0.047,0.959,0.298,0.272,0.440
98,2.046,7.572,0.839,0.226,0.816,0.089,0.932,0.168,0.270,0.371
411,2.676,6.939,0.511,0.296,0.748,0.054,0.956,0.234,0.269,0.388
322,6.821,0.220,2.889,0.755,0.023,0.312,0.745,0.979,0.263,0.359
335,0.569,7.470,2.289,0.062,0.805,0.247,0.811,0.048,0.262,0.353
255,6.211,3.050,0.530,0.687,0.329,0.056,0.951,0.709,0.261,0.414
52,1.360,1.228,3.174,0.150,0.132,0.343,0.333,0.533,0.259,1.229
8,1.854,1.564,2.017,0.205,0.168,0.217,0.558,0.554,0.255,5.211
189,0.123,4.529,4.194,0.013,0.488,0.454,0.525,0.017,0.254,0.536
353,0.097,6.847,2.933,0.010,0.738,0.317,0.742,0.009,0.253,0.347
221,4.397,3.696,0.772,0.486,0.398,0.082,0.915,0.555,0.252,0.624
494,4.724,0.066,4.098,0.523,0.007,0.443,0.545,0.991,0.250,0.484
59,0.149,4.570,4.135,0.016,0.493,0.447,0.532,0.021,0.250,0.523
148,3.207,5.833,0.557,0.355,0.629,0.059,0.947,0.320,0.248,0.436
123,0.103,5.175,3.789,0.011,0.558,0.410,0.598,0.013,0.246,0.449
251,0.077,6.539,3.113,0.008,0.705,0.336,0.717,0.008,0.245,0.352
398,0.043,5.905,3.453,0.004,0.637,0.373,0.663,0.005,0.240,0.379
453,3.795,0.101,5.121,0.420,0.011,0.555,0.406,0.983,0.239,0.439
95,1.280,1.311,3.073,0.141,0.141,0.332,0.342,0.492,0.237,1.240
404,1.142,0.887,4.835,0.126,0.095,0.523,0.185,0.579,0.235,0.550
239,4.156,0.223,4.421,0.460,0.024,0.479,0.481,0.966,0.230,0.506
403,3.430,4.731,0.860,0.379,0.510,0.092,0.907,0.399,0.230,0.550
296,0.268,4.692,3.932,0.029,0.506,0.425,0.557,0.036,0.228,0.478
99,0.138,5.805,3.450,0.015,0.626,0.373,0.659,0.015,0.225,0.369
163,1.163,1.279,3.722,0.128,0.138,0.403,0.277,0.470,0.225,0.819
291,3.877,0.248,4.724,0.429,0.026,0.512,0.438,0.959,0.225,0.463
370,1.238,1.374,3.072,0.136,0.148,0.332,0.345,0.467,0.225,1.148
329,1.320,1.245,3.213,0.146,0.134,0.347,0.327,0.519,0.222,1.043
274,5.253,0.183,3.692,0.581,0.019,0.399,0.610,0.978,0.222,0.395
310,1.369,7.606,1.579,0.151,0.820,0.170,0.872,0.113,0.222,0.332
198,6.998,2.368,0.935,0.775,0.255,0.100,0.920,0.792,0.221,0.327
87,6.410,0.155,3.142,0.709,0.016,0.340,0.710,0.985,0.220,0.318
336,3.564,4.052,1.028,0.394,0.437,0.110,0.880,0.459,0.220,0.671
442,1.271,1.233,3.449,0.140,0.133,0.373,0.302,0.510,0.220,0.915
420,7.362,1.944,1.175,0.815,0.209,0.126,0.903,0.836,0.219,0.318
103,4.037,0.313,4.409,0.447,0.033,0.477,0.473,0.951,0.219,0.493
269,3.741,3.757,1.059,0.414,0.405,0.113,0.875,0.499,0.219,0.727
197,1.643,7.569,1.336,0.181,0.816,0.143,0.891,0.136,0.218,0.323
17,3.926,3.584,1.067,0.434,0.386,0.114,0.874,0.529,0.216,0.675
25,3.732,3.680,1.100,0.413,0.397,0.118,0.868,0.504,0.212,0.717
399,0.397,3.660,4.721,0.043,0.394,0.511,0.422,0.069,0.211,0.451
229,3.343,4.552,1.009,0.370,0.491,0.108,0.887,0.403,0.210,0.548
379,3.070,5.674,0.844,0.339,0.612,0.090,0.917,0.316,0.208,0.399
308,1.285,1.337,2.940,0.142,0.144,0.318,0.358,0.487,0.208,1.184
304,1.647,1.224,2.699,0.182,0.132,0.292,0.414,0.593,0.208,1.302
143,1.208,1.652,2.786,0.133,0.178,0.301,0.403,0.402,0.208,1.240
376,7.020,2.297,1.013,0.777,0.247,0.108,0.913,0.799,0.207,0.310
342,0.441,3.772,4.470,0.048,0.407,0.484,0.448,0.074,0.206,0.473
94,4.083,0.388,4.239,0.452,0.042,0.459,0.489,0.940,0.206,0.494
491,0.881,1.224,4.862,0.097,0.132,0.526,0.191,0.397,0.206,0.480
205,3.589,0.141,5.417,0.397,0.015,0.587,0.373,0.975,0.205,0.358
67,0.250,5.867,3.355,0.027,0.633,0.363,0.670,0.027,0.205,0.338
456,0.355,3.555,4.990,0.039,0.383,0.540,0.396,0.063,0.205,0.408
412,6.633,2.620,0.868,0.734,0.282,0.093,0.923,0.760,0.200,0.313
330,1.350,1.202,3.355,0.149,0.129,0.363,0.315,0.537,0.200,0.855
15,3.976,3.398,1.158,0.440,0.366,0.124,0.861,0.550,0.200,0.631
7,0.481,4.145,4.039,0.053,0.447,0.437,0.510,0.074,0.198,0.501
223,1.175,1.520,3.166,0.129,0.164,0.342,0.347,0.419,0.198,0.927
382,0.278,6.206,3.178,0.030,0.669,0.344,0.699,0.029,0.196,0.306
14,0.012,3.603,5.630,0.001,0.388,0.610,0.362,0.002,0.195,0.320
422,1.351,1.069,4.031,0.149,0.115,0.436,0.257,0.574,0.192,0.597
470,0.316,6.129,3.193,0.034,0.661,0.345,0.695,0.033,0.188,0.300
233,3.479,3.465,1.294,0.385,0.373,0.139,0.836,0.501,0.185,0.753
327,3.516,3.433,1.294,0.389,0.370,0.139,0.836,0.508,0.185,0.739
424,1.173,1.465,3.273,0.129,0.158,0.354,0.331,0.430,0.184,0.817
112,6.026,2.856,0.935,0.667,0.308,0.100,0.911,0.718,0.183,0.323
484,3.578,0.542,4.467,0.396,0.058,0.484,0.433,0.904,0.182,0.428
421,1.385,1.097,3.853,0.153,0.118,0.417,0.274,0.573,0.182,0.608
360,1.466,1.798,2.097,0.162,0.194,0.226,0.532,0.436,0.182,2.841
144,7.089,0.794,2.396,0.785,0.085,0.259,0.794,0.929,0.181,0.259
267,1.186,1.449,3.210,0.131,0.156,0.347,0.336,0.437,0.179,0.831
200,1.133,1.362,3.697,0.125,0.147,0.400,0.284,0.442,0.176,0.642
124,1.258,1.678,2.525,0.139,0.181,0.273,0.441,0.410,0.174,1.298
111,0.632,3.334,4.524,0.069,0.359,0.490,0.410,0.119,0.173,0.411
119,3.630,3.174,1.373,0.401,0.342,0.147,0.823,0.543,0.171,0.672
204,3.363,3.248,1.410,0.372,0.350,0.151,0.814,0.511,0.170,0.767
45,1.205,7.234,1.999,0.133,0.780,0.215,0.831,0.105,0.169,0.261
195,0.663,3.643,4.092,0.073,0.393,0.443,0.468,0.115,0.168,0.454
363,0.509,5.237,3.448,0.056,0.565,0.373,0.631,0.062,0.168,0.330
226,1.154,1.370,3.571,0.127,0.148,0.386,0.296,0.446,0.167,0.644
352,3.352,0.489,4.952,0.371,0.052,0.536,0.382,0.908,0.167,0.344
141,1.811,1.843,1.914,0.200,0.198,0.206,0.594,0.494,0.167,20.833
122,5.342,2.945,1.135,0.591,0.317,0.122,0.883,0.679,0.165,0.351
187,5.941,2.790,1.065,0.657,0.301,0.114,0.898,0.721,0.164,0.303
159,2.434,6.710,1.067,0.269,0.724,0.114,0.906,0.222,0.164,0.268
78,1.459,1.080,3.872,0.161,0.116,0.419,0.279,0.594,0.163,0.539
210,6.322,0.428,3.035,0.700,0.046,0.328,0.716,0.957,0.162,0.248
147,1.263,7.199,1.975,0.139,0.776,0.213,0.832,0.111,0.162,0.254
328,3.349,3.117,1.460,0.370,0.336,0.157,0.803,0.523,0.159,0.747
191,0.624,4.654,3.575,0.068,0.502,0.387,0.586,0.085,0.159,0.365
314,3.032,3.951,1.386,0.335,0.426,0.149,0.827,0.417,0.157,0.567
131,1.523,1.027,4.145,0.168,0.110,0.449,0.265,0.622,0.156,0.461
53,3.261,0.717,4.328,0.361,0.077,0.468,0.418,0.862,0.155,0.396
471,0.735,3.161,4.383,0.081,0.341,0.474,0.406,0.145,0.155,0.394
102,1.208,1.822,2.748,0.133,0.196,0.297,0.428,0.373,0.154,0.938
474,5.422,0.547,3.343,0.600,0.059,0.361,0.650,0.936,0.150,0.277
427,0.634,3.144,4.788,0.070,0.339,0.518,0.376,0.127,0.146,0.326
348,0.703,4.423,3.574,0.077,0.477,0.387,0.571,0.100,0.145,0.363
218,0.662,4.787,3.482,0.073,0.516,0.377,0.603,0.088,0.145,0.327
48,6.712,0.658,2.698,0.743,0.071,0.291,0.758,0.938,0.144,0.215
120,3.254,0.515,5.034,0.360,0.055,0.545,0.369,0.900,0.144,0.294
242,1.531,1.015,4.207,0.169,0.109,0.455,0.262,0.627,0.143,0.413
80,1.350,0.938,4.627,0.149,0.101,0.501,0.217,0.613,0.143,0.357
192,1.273,1.729,2.465,0.140,0.186,0.266,0.456,0.404,0.143,1.134
107,0.815,3.073,4.175,0.090,0.331,0.452,0.414,0.165,0.141,0.389
173,2.809,5.313,1.289,0.310,0.573,0.138,0.866,0.310,0.140,0.322
266,0.974,1.725,4.408,0.107,0.186,0.477,0.269,0.327,0.140,0.379
155,1.136,1.611,3.351,0.125,0.173,0.362,0.338,0.391,0.138,0.582
264,1.180,0.853,4.961,0.130,0.092,0.537,0.182,0.601,0.138,0.310
92,3.946,2.897,1.471,0.436,0.312,0.158,0.814,0.597,0.137,0.493
203,1.583,1.069,3.851,0.175,0.115,0.417,0.293,0.622,0.136,0.452
256,0.697,4.887,3.411,0.076,0.527,0.369,0.615,0.090,0.136,0.301
303,4.787,0.691,3.451,0.530,0.074,0.373,0.605,0.909,0.135,0.296
455,2.409,6.530,1.216,0.266,0.704,0.130,0.890,0.225,0.135,0.235
400,5.928,2.646,1.244,0.656,0.285,0.133,0.879,0.733,0.134,0.257
305,0.676,5.131,3.345,0.074,0.553,0.362,0.635,0.083,0.134,0.280
132,3.098,0.788,4.255,0.342,0.085,0.461,0.410,0.841,0.134,0.357
232,1.719,1.103,3.524,0.190,0.119,0.381,0.334,0.637,0.134,0.512
490,0.864,3.041,4.012,0.095,0.328,0.434,0.425,0.176,0.132,0.390
113,1.177,1.685,2.973,0.130,0.181,0.321,0.385,0.388,0.130,0.683
402,4.165,0.775,3.578,0.461,0.083,0.387,0.554,0.883,0.130,0.344
372,3.579,0.841,3.714,0.396,0.090,0.402,0.497,0.853,0.128,0.409
4,1.082,1.688,3.699,0.119,0.182,0.400,0.316,0.363,0.128,0.454
409,4.288,2.856,1.458,0.474,0.308,0.157,0.824,0.626,0.128,0.403
253,0.886,3.169,3.835,0.097,0.341,0.415,0.451,0.174,0.126,0.398
6,2.828,3.950,1.515,0.313,0.426,0.163,0.807,0.396,0.126,0.479
462,1.123,1.586,3.472,0.124,0.171,0.375,0.325,0.392,0.125,0.498
257,4.087,2.886,1.462,0.452,0.311,0.157,0.819,0.609,0.125,0.424
445,3.864,0.822,3.621,0.427,0.088,0.392,0.528,0.866,0.125,0.369
13,4.853,2.804,1.409,0.537,0.302,0.151,0.843,0.666,0.125,0.323
12,2.513,6.136,1.302,0.278,0.662,0.140,0.877,0.247,0.122,0.233
437,0.809,2.724,4.614,0.089,0.293,0.500,0.351,0.184,0.122,0.296
244,1.136,1.736,3.254,0.125,0.187,0.352,0.361,0.369,0.121,0.534
175,2.934,0.840,4.220,0.324,0.090,0.457,0.399,0.823,0.121,0.330
406,2.648,2.967,1.673,0.293,0.320,0.180,0.747,0.464,0.121,0.864
69,2.614,2.864,1.691,0.289,0.309,0.182,0.738,0.471,0.120,0.945
209,1.153,1.787,3.097,0.127,0.192,0.335,0.383,0.365,0.120,0.577
248,3.551,2.752,1.591,0.393,0.297,0.171,0.783,0.580,0.120,0.540
41,3.903,2.786,1.546,0.432,0.300,0.166,0.801,0.605,0.119,0.448
417,1.214,1.872,2.720,0.134,0.202,0.294,0.437,0.366,0.119,0.744
319,0.951,1.570,4.559,0.105,0.169,0.494,0.244,0.347,0.119,0.305
289,2.559,2.707,1.719,0.283,0.292,0.185,0.725,0.482,0.119,1.109
262,2.602,2.586,1.726,0.288,0.279,0.186,0.720,0.502,0.118,1.160
82,0.095,0.122,6.320,0.010,0.013,0.685,0.016,0.421,0.118,0.174
231,1.857,1.264,2.515,0.205,0.136,0.272,0.464,0.619,0.118,0.865
11,3.126,0.912,3.775,0.346,0.098,0.408,0.453,0.819,0.115,0.370
172,2.689,0.835,4.526,0.297,0.090,0.490,0.354,0.808,0.114,0.284
21,0.989,1.974,4.218,0.109,0.213,0.457,0.307,0.296,0.114,0.327
134,2.381,2.408,1.781,0.263,0.259,0.192,0.692,0.496,0.113,1.590
486,0.670,2.948,4.944,0.073,0.318,0.535,0.349,0.142,0.112,0.243
454,3.042,2.641,1.670,0.336,0.285,0.180,0.750,0.545,0.111,0.712
128,2.721,0.853,4.394,0.301,0.092,0.476,0.367,0.807,0.111,0.289
68,2.503,5.990,1.380,0.277,0.646,0.148,0.867,0.252,0.110,0.220
320,1.969,2.103,1.868,0.217,0.227,0.201,0.634,0.479,0.109,4.181
426,0.934,3.200,3.663,0.103,0.345,0.396,0.470,0.181,0.107,0.364
84,0.966,2.633,3.891,0.106,0.284,0.421,0.398,0.224,0.106,0.336
108,1.748,1.026,4.066,0.193,0.110,0.440,0.294,0.662,0.104,0.316
149,3.286,2.660,1.649,0.363,0.287,0.177,0.763,0.567,0.103,0.556
346,0.970,2.581,3.912,0.107,0.278,0.423,0.391,0.229,0.101,0.319
62,5.230,0.810,3.192,0.579,0.087,0.345,0.654,0.902,0.100,0.203
371,1.188,1.745,2.876,0.131,0.188,0.311,0.403,0.380,0.100,0.556
219,1.013,2.207,3.918,0.111,0.238,0.424,0.353,0.274,0.100,0.319
480,2.248,1.035,3.748,0.248,0.111,0.405,0.371,0.725,0.098,0.332
276,5.679,0.789,3.058,0.628,0.085,0.330,0.688,0.912,0.097,0.179
190,3.444,0.929,3.568,0.381,0.100,0.386,0.500,0.832,0.097,0.339
18,5.896,0.782,2.983,0.652,0.084,0.322,0.704,0.916,0.096,0.169
430,1.133,1.861,3.216,0.125,0.200,0.348,0.379,0.348,0.095,0.427
154,1.515,1.951,2.078,0.167,0.210,0.224,0.555,0.420,0.095,1.671
139,0.928,3.777,3.460,0.102,0.407,0.374,0.537,0.153,0.093,0.307
20,2.044,1.073,3.585,0.226,0.115,0.388,0.364,0.692,0.093,0.341
496,0.807,5.716,3.031,0.089,0.616,0.328,0.692,0.089,0.093,0.176
444,1.948,1.027,3.969,0.215,0.110,0.430,0.322,0.691,0.092,0.288
167,3.200,1.021,3.415,0.354,0.110,0.369,0.495,0.803,0.088,0.341
109,2.060,1.158,3.024,0.227,0.125,0.327,0.422,0.674,0.088,0.433
214,1.662,1.058,3.886,0.183,0.114,0.420,0.299,0.639,0.087,0.284
469,6.884,1.123,2.277,0.762,0.121,0.246,0.799,0.897,0.086,0.134
493,1.012,2.527,3.723,0.111,0.272,0.403,0.402,0.242,0.086,0.295
72,2.653,0.691,5.275,0.293,0.074,0.571,0.305,0.838,0.085,0.171
389,2.685,0.690,5.238,0.297,0.074,0.567,0.310,0.840,0.085,0.173
302,2.391,1.035,3.666,0.264,0.111,0.397,0.393,0.740,0.085,0.298
435,1.026,2.681,3.574,0.113,0.289,0.387,0.431,0.233,0.085,0.309
316,4.739,0.910,3.236,0.524,0.098,0.350,0.624,0.879,0.084,0.198
71,2.662,3.075,1.660,0.294,0.331,0.179,0.753,0.454,0.083,0.548
170,2.367,6.086,1.489,0.262,0.656,0.160,0.857,0.236,0.083,0.168
157,3.033,0.982,3.590,0.335,0.106,0.388,0.462,0.801,0.083,0.293
37,6.020,2.385,1.497,0.666,0.257,0.161,0.855,0.760,0.082,0.162
288,1.874,1.223,2.681,0.207,0.132,0.290,0.443,0.632,0.080,0.506
65,0.954,3.980,3.362,0.105,0.429,0.364,0.562,0.150,0.078,0.239
476,2.295,0.960,4.199,0.254,0.103,0.454,0.341,0.748,0.077,0.219
479,2.406,5.915,1.516,0.266,0.638,0.163,0.852,0.246,0.076,0.160
423,6.122,2.307,1.539,0.678,0.248,0.165,0.853,0.771,0.075,0.146
46,1.033,2.880,3.468,0.114,0.310,0.375,0.460,0.219,0.072,0.276
492,2.156,1.171,2.965,0.238,0.126,0.320,0.440,0.683,0.071,0.368
475,2.194,2.547,1.820,0.242,0.274,0.196,0.684,0.453,0.069,0.890
224,1.949,1.004,4.129,0.215,0.108,0.447,0.311,0.697,0.069,0.203
26,5.450,0.940,3.011,0.603,0.101,0.325,0.683,0.891,0.068,0.135
306,2.878,1.088,3.282,0.318,0.117,0.355,0.480,0.770,0.067,0.282
43,1.285,1.706,2.426,0.142,0.184,0.262,0.460,0.411,0.067,0.556
150,6.002,2.317,1.576,0.664,0.250,0.170,0.847,0.765,0.066,0.134
179,1.124,1.978,3.249,0.124,0.213,0.351,0.389,0.329,0.063,0.275
91,2.446,5.606,1.577,0.270,0.604,0.170,0.839,0.262,0.062,0.144
23,3.202,0.281,5.829,0.354,0.030,0.631,0.321,0.944,0.062,0.103
250,2.618,0.793,4.829,0.289,0.085,0.523,0.328,0.813,0.061,0.140
117,5.813,0.963,2.873,0.643,0.104,0.310,0.711,0.895,0.058,0.108
34,3.548,1.062,3.257,0.392,0.114,0.352,0.541,0.815,0.058,0.208
317,6.792,1.349,2.145,0.752,0.145,0.231,0.809,0.875,0.058,0.095
44,0.235,3.230,5.895,0.025,0.348,0.639,0.320,0.046,0.056,0.092
307,6.417,1.032,2.580,0.710,0.111,0.279,0.759,0.898,0.056,0.094
74,1.425,1.805,2.148,0.157,0.194,0.232,0.522,0.426,0.056,0.741
281,0.583,2.858,5.438,0.064,0.308,0.589,0.313,0.128,0.054,0.103
0,1.907,1.204,2.773,0.211,0.130,0.300,0.435,0.641,0.054,0.318
418,3.081,1.100,3.228,0.341,0.118,0.349,0.504,0.782,0.051,0.223
252,0.634,0.496,5.789,0.069,0.053,0.627,0.088,0.577,0.050,0.087
158,1.710,0.910,4.783,0.189,0.098,0.518,0.245,0.689,0.049,0.116
129,5.769,1.023,2.840,0.638,0.110,0.307,0.713,0.888,0.046,0.087
380,3.940,2.537,1.711,0.436,0.273,0.184,0.777,0.636,0.043,0.170
354,3.906,2.678,1.616,0.432,0.289,0.174,0.791,0.617,0.042,0.164
443,2.582,2.146,1.839,0.285,0.231,0.198,0.681,0.559,0.042,0.479
85,4.592,1.047,3.119,0.508,0.113,0.337,0.628,0.857,0.041,0.104
184,5.594,1.051,2.873,0.619,0.113,0.310,0.702,0.882,0.041,0.080
168,0.008,0.003,7.711,0.000,0.000,0.836,0.001,0.767,0.040,0.048
374,1.162,2.104,3.006,0.128,0.227,0.325,0.429,0.321,0.040,0.203
373,3.733,2.642,1.645,0.413,0.285,0.177,0.780,0.608,0.039,0.165
174,4.053,2.668,1.616,0.448,0.287,0.174,0.795,0.629,0.035,0.129
457,1.175,2.200,2.952,0.129,0.237,0.319,0.447,0.312,0.035,0.185
249,0.925,1.607,4.703,0.102,0.173,0.509,0.239,0.332,0.034,0.085
81,1.921,2.273,1.892,0.212,0.245,0.204,0.639,0.447,0.034,0.827
182,3.428,2.471,1.745,0.379,0.266,0.188,0.751,0.602,0.033,0.170
169,2.505,4.237,1.728,0.277,0.457,0.186,0.785,0.340,0.028,0.104
428,0.896,1.874,4.836,0.098,0.202,0.524,0.258,0.284,0.028,0.066
467,6.408,1.901,1.831,0.709,0.205,0.197,0.830,0.816,0.028,0.055
66,1.650,0.840,5.152,0.182,0.090,0.558,0.220,0.700,0.027,0.059
410,1.352,1.948,2.311,0.149,0.210,0.249,0.508,0.386,0.026,0.256
178,1.116,3.291,3.175,0.123,0.355,0.343,0.529,0.208,0.023,0.101
22,2.275,2.866,1.809,0.251,0.309,0.195,0.708,0.427,0.023,0.199
259,2.893,0.490,5.730,0.320,0.052,0.621,0.301,0.893,0.022,0.039
55,2.309,5.460,1.753,0.255,0.589,0.189,0.817,0.255,0.021,0.053
51,0.660,2.589,5.494,0.072,0.279,0.595,0.288,0.159,0.020,0.039
397,1.118,4.349,3.076,0.123,0.469,0.332,0.618,0.160,0.020,0.058
5,0.749,2.342,5.352,0.082,0.252,0.580,0.274,0.197,0.018,0.037
160,1.122,4.638,3.028,0.124,0.500,0.327,0.640,0.151,0.015,0.039
9,4.190,1.135,3.073,0.463,0.122,0.332,0.608,0.832,0.012,0.037
118,1.157,3.062,3.085,0.127,0.330,0.333,0.519,0.230,0.009,0.044
1,1.944,6.197,1.879,0.215,0.668,0.202,0.821,0.194,0.005,0.010
10,1.550,2.498,2.225,0.171,0.269,0.240,0.588,0.354,0.000,0.000
27,1.281,2.497,2.681,0.141,0.269,0.290,0.515,0.302,0.000,0.000
29,4.739,2.209,1.956,0.524,0.238,0.211,0.772,0.722,0.000,0.000
31,0.218,0.505,7.181,0.023,0.054,0.778,0.049,0.259,0.000,0.000
32,2.631,1.501,2.336,0.291,0.162,0.252,0.582,0.670,0.000,0.000
33,2.666,0.050,7.255,0.295,0.005,0.786,0.224,0.988,0.000,0.000
35,1.667,0.371,7.332,0.184,0.040,0.795,0.146,0.861,0.000,0.000
39,2.007,0.043,8.092,0.222,0.004,0.877,0.155,0.986,0.000,0.000
40,2.484,1.473,2.319,0.274,0.159,0.250,0.569,0.659,0.000,0.000
42,0.397,2.349,6.771,0.043,0.253,0.734,0.215,0.107,0.000,0.000
47,0.435,1.343,7.021,0.047,0.145,0.761,0.126,0.200,0.000,0.000
49,1.571,5.108,2.512,0.173,0.551,0.271,0.720,0.190,0.000,0.000
50,4.285,1.959,2.189,0.474,0.211,0.236,0.723,0.727,0.000,0.000
54,1.373,3.225,2.698,0.151,0.348,0.291,0.582,0.256,0.000,0.000
57,1.477,0.310,7.621,0.163,0.033,0.826,0.124,0.868,0.000,0.000
58,0.500,0.294,6.497,0.055,0.031,0.704,0.057,0.662,0.000,0.000
60,2.743,0.563,5.689,0.303,0.060,0.616,0.291,0.871,0.000,0.000
61,0.661,0.354,6.561,0.072,0.038,0.711,0.072,0.687,0.000,0.000
63,2.532,1.770,2.031,0.280,0.191,0.219,0.630,0.612,0.000,0.000
70,2.543,1.919,1.937,0.281,0.207,0.209,0.652,0.588,0.000,0.000
73,4.117,1.519,2.617,0.455,0.164,0.283,0.658,0.775,0.000,0.000
75,1.211,2.732,2.921,0.133,0.294,0.316,0.507,0.266,0.000,0.000
79,0.374,0.830,6.809,0.041,0.089,0.738,0.085,0.269,0.000,0.000
83,1.266,2.890,2.819,0.140,0.311,0.305,0.536,0.263,0.000,0.000
86,1.414,2.243,2.313,0.156,0.242,0.250,0.543,0.358,0.000,0.000
88,0.123,0.053,7.424,0.013,0.005,0.805,0.011,0.741,0.000,0.000
90,1.368,3.455,2.744,0.151,0.372,0.296,0.595,0.240,0.000,0.000
93,0.114,1.802,8.117,0.012,0.194,0.880,0.139,0.040,0.000,0.000
96,0.653,0.079,8.739,0.072,0.008,0.948,0.048,0.924,0.000,0.000
97,2.197,2.897,1.849,0.243,0.312,0.199,0.701,0.413,0.000,0.000
100,0.291,0.466,6.402,0.031,0.050,0.694,0.054,0.355,0.000,0.000
101,2.620,0.634,5.571,0.289,0.068,0.603,0.287,0.849,0.000,0.000
104,0.069,0.424,8.658,0.007,0.045,0.939,0.032,0.102,0.000,0.000
105,1.224,0.661,5.810,0.135,0.071,0.629,0.150,0.685,0.000,0.000
106,1.413,2.362,2.363,0.156,0.254,0.255,0.548,0.343,0.000,0.000
114,1.678,6.078,2.175,0.185,0.655,0.235,0.789,0.171,0.000,0.000
115,1.517,2.004,2.091,0.167,0.216,0.225,0.558,0.412,0.000,0.000
116,0.216,0.133,6.635,0.023,0.014,0.719,0.024,0.649,0.000,0.000
121,0.488,2.554,6.222,0.053,0.275,0.674,0.252,0.120,0.000,0.000
130,1.541,4.406,2.599,0.170,0.475,0.281,0.677,0.214,0.000,0.000
136,0.338,0.203,6.592,0.037,0.022,0.714,0.038,0.656,0.000,0.000
138,0.418,1.945,7.029,0.046,0.210,0.762,0.176,0.135,0.000,0.000
140,4.454,2.021,2.135,0.493,0.218,0.230,0.738,0.729,0.000,0.000
142,1.355,2.024,2.333,0.149,0.218,0.252,0.514,0.375,0.000,0.000
146,0.082,0.441,8.524,0.008,0.047,0.924,0.033,0.118,0.000,0.000
151,1.563,5.947,2.323,0.172,0.641,0.251,0.770,0.164,0.000,0.000
152,0.942,0.055,8.840,0.104,0.006,0.959,0.068,0.963,0.000,0.000
156,1.963,0.718,5.742,0.217,0.077,0.622,0.222,0.777,0.000,0.000
161,1.252,2.491,2.756,0.138,0.268,0.298,0.504,0.296,0.000,0.000
162,0.007,0.039,8.774,0.000,0.004,0.951,0.003,0.109,0.000,0.000
164,0.513,2.320,6.392,0.056,0.250,0.693,0.227,0.138,0.000,0.000
176,1.357,2.795,2.617,0.150,0.301,0.283,0.554,0.288,0.000,0.000
181,2.109,1.280,2.546,0.233,0.138,0.275,0.490,0.653,0.000,0.000
185,1.092,0.346,7.333,0.120,0.037,0.795,0.099,0.805,0.000,0.000
186,1.701,3.052,2.240,0.188,0.329,0.242,0.637,0.324,0.000,0.000
188,0.485,0.276,6.582,0.053,0.029,0.713,0.054,0.671,0.000,0.000
193,0.310,0.014,9.222,0.034,0.001,1.000,0.021,0.971,0.000,0.000
196,5.678,1.428,2.523,0.628,0.154,0.272,0.741,0.843,0.000,0.000
199,1.553,0.938,4.629,0.171,0.101,0.501,0.238,0.654,0.000,0.000
201,0.829,1.777,5.214,0.091,0.191,0.565,0.229,0.278,0.000,0.000
202,0.224,2.449,7.166,0.024,0.264,0.777,0.210,0.058,0.000,0.000
206,0.049,0.139,7.786,0.005,0.015,0.844,0.012,0.218,0.000,0.000
208,1.627,5.270,2.434,0.179,0.568,0.263,0.735,0.191,0.000,0.000
212,1.306,3.118,2.788,0.144,0.336,0.301,0.561,0.252,0.000,0.000
213,2.214,0.477,6.621,0.245,0.051,0.717,0.210,0.865,0.000,0.000
215,1.997,2.236,1.864,0.220,0.241,0.201,0.646,0.464,0.000,0.000
217,0.269,0.147,6.830,0.029,0.016,0.740,0.029,0.681,0.000,0.000
220,0.655,1.420,5.986,0.072,0.153,0.649,0.163,0.275,0.000,0.000
222,1.354,2.991,2.676,0.149,0.322,0.289,0.565,0.271,0.000,0.000
227,2.660,0.283,6.725,0.294,0.030,0.729,0.241,0.932,0.000,0.000
228,0.670,0.513,5.776,0.073,0.055,0.626,0.092,0.584,0.000,0.000
230,2.350,3.914,1.845,0.260,0.422,0.199,0.756,0.344,0.000,0.000
234,0.872,0.216,7.928,0.096,0.023,0.860,0.072,0.846,0.000,0.000
237,1.207,2.484,2.883,0.133,0.268,0.312,0.486,0.288,0.000,0.000
238,0.351,1.108,7.315,0.038,0.119,0.793,0.100,0.195,0.000,0.000
243,0.658,0.291,7.012,0.072,0.031,0.760,0.065,0.735,0.000,0.000
245,2.118,2.772,1.872,0.234,0.299,0.202,0.686,0.415,0.000,0.000
246,1.190,2.516,2.945,0.131,0.271,0.318,0.482,0.281,0.000,0.000
247,0.372,0.163,7.236,0.040,0.017,0.784,0.036,0.736,0.000,0.000
258,2.032,1.609,2.017,0.224,0.173,0.217,0.579,0.574,0.000,0.000
260,2.771,0.227,6.708,0.306,0.024,0.727,0.250,0.948,0.000,0.000
261,1.574,2.385,2.158,0.174,0.257,0.233,0.588,0.371,0.000,0.000
263,2.059,3.237,1.983,0.227,0.349,0.214,0.696,0.361,0.000,0.000
265,1.750,0.490,6.818,0.193,0.052,0.739,0.166,0.826,0.000,0.000
268,1.287,1.870,2.446,0.142,0.201,0.264,0.476,0.384,0.000,0.000
271,2.131,0.505,6.580,0.235,0.054,0.713,0.205,0.852,0.000,0.000
273,3.243,1.327,2.774,0.359,0.143,0.300,0.574,0.753,0.000,0.000
275,1.005,0.363,7.147,0.111,0.039,0.775,0.094,0.780,0.000,0.000
277,1.494,3.995,2.640,0.165,0.431,0.285,0.647,0.228,0.000,0.000
278,0.173,1.144,8.256,0.018,0.123,0.895,0.089,0.096,0.000,0.000
279,0.480,0.714,5.978,0.052,0.077,0.648,0.091,0.377,0.000,0.000
280,0.637,2.099,6.052,0.070,0.226,0.656,0.221,0.188,0.000,0.000
282,0.498,0.164,7.727,0.054,0.017,0.838,0.043,0.798,0.000,0.000
283,1.347,2.725,2.615,0.148,0.294,0.282,0.548,0.292,0.000,0.000
284,0.315,1.576,7.582,0.034,0.170,0.822,0.133,0.126,0.000,0.000
287,0.882,1.679,4.933,0.097,0.181,0.534,0.234,0.308,0.000,0.000
293,1.720,3.340,2.293,0.190,0.360,0.247,0.651,0.303,0.000,0.000
294,0.160,2.894,6.670,0.017,0.312,0.723,0.261,0.035,0.000,0.000
295,0.436,2.049,6.897,0.048,0.221,0.747,0.188,0.134,0.000,0.000
298,1.837,0.737,5.676,0.203,0.079,0.615,0.214,0.757,0.000,0.000
301,0.120,1.443,8.360,0.012,0.155,0.906,0.109,0.053,0.000,0.000
309,0.167,1.821,7.955,0.018,0.196,0.862,0.144,0.058,0.000,0.000
311,2.771,1.920,1.986,0.306,0.207,0.214,0.661,0.614,0.000,0.000
312,1.821,2.179,1.922,0.201,0.235,0.207,0.621,0.443,0.000,0.000
315,2.606,1.631,2.175,0.288,0.176,0.235,0.608,0.644,0.000,0.000
321,0.102,0.166,6.662,0.011,0.018,0.722,0.019,0.352,0.000,0.000
332,0.269,2.159,7.364,0.029,0.233,0.798,0.183,0.079,0.000,0.000
334,2.092,1.712,1.962,0.231,0.184,0.211,0.600,0.563,0.000,0.000
337,1.687,6.317,2.074,0.186,0.681,0.224,0.804,0.166,0.000,0.000
338,2.099,0.191,7.641,0.232,0.020,0.828,0.171,0.942,0.000,0.000
339,0.961,0.594,5.838,0.106,0.064,0.632,0.122,0.648,0.000,0.000
340,0.352,1.248,7.398,0.038,0.134,0.802,0.110,0.175,0.000,0.000
343,0.619,1.889,6.224,0.068,0.203,0.674,0.197,0.201,0.000,0.000
344,1.414,2.429,2.388,0.156,0.262,0.258,0.552,0.336,0.000,0.000
347,0.347,0.192,6.750,0.038,0.020,0.732,0.037,0.678,0.000,0.000
350,0.123,0.016,8.932,0.013,0.001,0.969,0.009,0.916,0.000,0.000
351,1.859,3.432,2.180,0.205,0.370,0.235,0.676,0.316,0.000,0.000
355,0.405,0.684,6.299,0.044,0.073,0.683,0.080,0.340,0.000,0.000
356,0.635,0.019,9.129,0.070,0.002,0.990,0.044,0.981,0.000,0.000
357,0.344,2.804,6.338,0.037,0.302,0.687,0.267,0.078,0.000,0.000
361,2.601,0.297,6.769,0.287,0.032,0.734,0.235,0.928,0.000,0.000
362,0.301,1.337,7.664,0.033,0.144,0.831,0.113,0.141,0.000,0.000
364,2.006,2.968,1.970,0.221,0.320,0.212,0.680,0.378,0.000,0.000
366,0.013,0.844,9.063,0.001,0.091,0.983,0.059,0.010,0.000,0.000
367,0.791,0.356,6.846,0.087,0.038,0.742,0.080,0.731,0.000,0.000
377,3.288,1.285,2.850,0.363,0.138,0.308,0.568,0.763,0.000,0.000
378,3.019,1.247,2.882,0.334,0.134,0.311,0.540,0.751,0.000,0.000
381,0.119,0.289,7.418,0.012,0.031,0.804,0.027,0.249,0.000,0.000
383,0.328,2.933,6.179,0.036,0.316,0.669,0.284,0.071,0.000,0.000
384,3.174,1.849,2.134,0.351,0.199,0.230,0.665,0.664,0.000,0.000
385,0.926,0.228,7.895,0.102,0.024,0.856,0.077,0.846,0.000,0.000
386,0.844,1.345,5.049,0.093,0.145,0.547,0.194,0.357,0.000,0.000
387,0.573,2.419,6.059,0.063,0.261,0.656,0.248,0.148,0.000,0.000
388,2.423,1.589,2.156,0.268,0.171,0.233,0.593,0.631,0.000,0.000
391,4.122,2.048,2.101,0.456,0.221,0.227,0.727,0.706,0.000,0.000
392,2.334,0.529,6.317,0.258,0.057,0.684,0.231,0.858,0.000,0.000
393,2.371,1.330,2.525,0.262,0.143,0.273,0.523,0.675,0.000,0.000
394,2.617,0.610,5.676,0.289,0.065,0.615,0.281,0.854,0.000,0.000
395,1.446,3.252,2.596,0.159,0.350,0.280,0.599,0.266,0.000,0.000
396,1.839,5.591,2.171,0.203,0.603,0.234,0.775,0.202,0.000,0.000
401,1.952,5.588,2.066,0.216,0.602,0.223,0.786,0.214,0.000,0.000
405,1.216,3.607,2.987,0.134,0.389,0.323,0.576,0.207,0.000,0.000
407,2.211,4.593,1.963,0.244,0.495,0.212,0.766,0.286,0.000,0.000
408,1.267,0.543,6.429,0.140,0.058,0.697,0.134,0.742,0.000,0.000
413,1.731,1.454,2.103,0.191,0.157,0.227,0.523,0.555,0.000,0.000
415,0.554,1.065,6.161,0.061,0.115,0.668,0.123,0.306,0.000,0.000
416,0.483,1.607,6.859,0.053,0.173,0.743,0.153,0.186,0.000,0.000
419,3.483,1.807,2.238,0.385,0.195,0.241,0.670,0.695,0.000,0.000
429,1.254,0.630,5.986,0.138,0.068,0.649,0.147,0.704,0.000,0.000
432,0.724,0.030,9.038,0.079,0.003,0.980,0.051,0.974,0.000,0.000
433,1.696,2.446,2.064,0.187,0.263,0.223,0.614,0.386,0.000,0.000
436,4.068,2.084,2.067,0.450,0.224,0.223,0.730,0.699,0.000,0.000
438,1.387,4.171,2.767,0.153,0.450,0.299,0.642,0.204,0.000,0.000
439,3.635,1.474,2.628,0.402,0.159,0.284,0.624,0.755,0.000,0.000
446,0.608,1.064,5.899,0.067,0.114,0.639,0.130,0.331,0.000,0.000
447,2.329,0.169,7.449,0.257,0.018,0.807,0.193,0.954,0.000,0.000
451,0.354,0.606,6.412,0.038,0.065,0.695,0.069,0.336,0.000,0.000
458,1.670,0.559,6.520,0.184,0.060,0.707,0.168,0.794,0.000,0.000
460,0.042,0.212,8.589,0.004,0.023,0.931,0.016,0.123,0.000,0.000
461,0.344,2.665,6.545,0.037,0.287,0.709,0.248,0.082,0.000,0.000
463,1.108,0.102,8.579,0.122,0.011,0.930,0.082,0.941,0.000,0.000
465,1.581,0.548,6.559,0.174,0.059,0.711,0.159,0.787,0.000,0.000
466,0.105,2.125,7.829,0.011,0.229,0.849,0.169,0.032,0.000,0.000
468,0.542,1.023,6.169,0.059,0.110,0.668,0.118,0.310,0.000,0.000
472,5.981,1.840,2.058,0.662,0.198,0.222,0.798,0.810,0.000,0.000
473,4.586,2.217,1.958,0.507,0.239,0.211,0.766,0.713,0.000,0.000
477,1.192,2.418,2.923,0.131,0.260,0.316,0.474,0.292,0.000,0.000
481,0.708,0.243,7.504,0.078,0.026,0.813,0.063,0.790,0.000,0.000
482,2.932,0.203,6.507,0.324,0.022,0.705,0.270,0.956,0.000,0.000
483,1.866,0.885,4.896,0.206,0.095,0.530,0.254,0.718,0.000,0.000
485,0.604,1.516,6.275,0.066,0.163,0.680,0.162,0.242,0.000,0.000
487,2.958,1.482,2.471,0.327,0.160,0.267,0.592,0.704,0.000,0.000
488,3.654,1.780,2.294,0.404,0.192,0.248,0.673,0.711,0.000,0.000
489,1.771,0.739,5.672,0.195,0.079,0.614,0.208,0.748,0.000,0.000
495,1.404,0.523,6.618,0.155,0.056,0.717,0.142,0.773,0.000,0.000
497,2.342,0.256,7.208,0.259,0.027,0.781,0.201,0.931,0.000,0.000
498,3.917,1.665,2.446,0.433,0.179,0.264,0.668,0.744,0.000,0.000
