# {'f': [0, 2], 'N': 3, 'M': 3, 'y_': [12, 13], 'x': [6, 8], 'f_': [3, 5], 'n': 605, 'y': [10, 11], 'mu': [9, 9]}
424,0.021,0.009,2.966,0.022,0.010,0.999,0.021,0.009,2.966,1.508,40.761,-19.388,0.965,0.362
375,0.002,0.801,1.432,0.002,0.879,0.541,0.002,0.801,1.432,1.414,13.348,-2.374,0.585,0.524
139,0.820,0.003,1.363,0.890,0.003,0.520,0.820,0.003,1.363,1.136,4.080,0.565,0.456,0.552
54,0.818,0.809,-0.226,0.888,0.888,0.046,0.818,0.809,-0.226,1.048,6.978,19.283,0.497,0.730
47,0.803,0.804,-0.151,0.872,0.883,0.068,0.803,0.804,-0.151,0.955,39.584,-2.016,0.948,0.527
158,0.805,0.795,-0.119,0.874,0.872,0.078,0.805,0.795,-0.119,0.917,2.189,16.447,0.430,0.703
198,0.799,0.005,1.438,0.868,0.005,0.543,0.799,0.005,1.438,0.880,18.360,-28.315,0.654,0.277
208,0.813,0.807,-0.200,0.883,0.886,0.054,0.813,0.807,-0.200,0.875,-22.485,-26.749,0.088,0.292
403,0.783,0.783,0.042,0.850,0.860,0.126,0.783,0.783,0.042,0.750,28.216,-19.147,0.791,0.364
432,0.806,0.010,1.402,0.875,0.011,0.532,0.806,0.010,1.402,0.750,-9.690,21.209,0.266,0.748
575,0.811,0.784,-0.088,0.881,0.860,0.087,0.811,0.784,-0.088,0.750,12.673,-57.385,0.575,0.000
63,0.787,0.775,0.065,0.854,0.851,0.133,0.787,0.775,0.065,0.745,38.341,0.934,0.931,0.555
550,0.817,0.837,-0.299,0.887,0.919,0.024,0.817,0.837,-0.299,0.742,-14.811,35.037,0.195,0.880
263,0.768,0.805,0.022,0.834,0.883,0.120,0.768,0.805,0.022,0.731,15.298,-46.086,0.612,0.108
326,0.015,0.825,1.336,0.016,0.906,0.512,0.015,0.825,1.336,0.707,41.260,-20.101,0.971,0.355
327,0.770,0.824,-0.050,0.836,0.904,0.098,0.770,0.824,-0.050,0.706,18.374,-27.140,0.654,0.288
573,0.792,0.838,-0.200,0.860,0.919,0.054,0.792,0.838,-0.200,0.697,-7.494,15.845,0.296,0.697
92,0.836,0.790,-0.189,0.908,0.867,0.057,0.836,0.790,-0.189,0.677,-11.063,34.096,0.247,0.871
393,0.845,0.827,-0.338,0.917,0.908,0.013,0.845,0.827,-0.338,0.673,36.645,2.600,0.908,0.571
478,0.830,0.799,-0.218,0.901,0.878,0.048,0.830,0.799,-0.218,0.667,-23.127,-15.164,0.079,0.402
348,0.001,0.091,2.840,0.001,0.099,0.961,0.001,0.091,2.840,0.663,37.897,1.754,0.925,0.563
176,0.006,0.761,1.644,0.006,0.835,0.604,0.006,0.761,1.644,0.657,5.521,-5.579,0.476,0.493
405,0.827,0.779,-0.113,0.898,0.855,0.080,0.827,0.779,-0.113,0.654,-11.368,11.539,0.242,0.656
343,0.012,0.811,1.381,0.013,0.891,0.526,0.012,0.811,1.381,0.652,13.778,-55.377,0.591,0.019
262,0.773,0.836,-0.098,0.839,0.918,0.084,0.773,0.836,-0.098,0.647,-16.500,-35.085,0.171,0.212
252,0.795,0.749,0.186,0.863,0.822,0.169,0.795,0.749,0.186,0.644,13.160,-55.743,0.582,0.016
287,0.001,0.146,2.709,0.001,0.160,0.922,0.001,0.146,2.709,0.639,17.984,-21.906,0.649,0.338
274,0.766,0.760,0.275,0.831,0.834,0.196,0.766,0.760,0.275,0.635,14.014,-51.603,0.594,0.055
242,0.000,0.857,1.307,0.000,0.941,0.504,0.000,0.857,1.307,0.629,-26.364,-14.473,0.035,0.408
165,0.761,0.762,0.289,0.826,0.837,0.200,0.761,0.762,0.289,0.627,-24.804,-13.708,0.056,0.416
266,0.004,0.141,2.718,0.004,0.154,0.925,0.004,0.141,2.718,0.621,-17.291,-34.784,0.160,0.215
559,0.141,0.003,2.720,0.152,0.003,0.926,0.141,0.003,2.720,0.615,13.855,-53.902,0.592,0.033
56,0.789,0.747,0.231,0.856,0.820,0.182,0.789,0.747,0.231,0.608,-15.851,15.548,0.180,0.694
461,0.745,0.773,0.333,0.809,0.848,0.213,0.745,0.773,0.333,0.600,-28.824,-10.786,0.001,0.444
298,0.779,0.740,0.331,0.846,0.812,0.212,0.779,0.740,0.331,0.595,-10.493,-33.194,0.254,0.230
306,0.738,0.796,0.259,0.801,0.874,0.191,0.738,0.796,0.259,0.592,-9.589,-31.658,0.267,0.245
159,0.824,0.738,0.156,0.894,0.810,0.160,0.824,0.738,0.156,0.581,11.225,6.669,0.555,0.610
140,0.003,0.730,1.859,0.003,0.801,0.668,0.003,0.730,1.859,0.578,-4.953,25.213,0.331,0.786
113,0.148,0.833,1.040,0.161,0.914,0.424,0.148,0.833,1.040,0.575,-9.437,20.260,0.269,0.739
400,0.170,0.810,1.058,0.185,0.890,0.429,0.170,0.810,1.058,0.570,-9.529,11.811,0.268,0.659
20,0.011,0.135,2.724,0.012,0.148,0.927,0.011,0.135,2.724,0.567,-22.620,29.922,0.086,0.831
226,0.196,0.821,0.980,0.212,0.901,0.406,0.196,0.821,0.980,0.566,16.472,-41.289,0.628,0.153
103,0.776,0.019,1.538,0.842,0.021,0.573,0.776,0.019,1.538,0.565,-15.628,19.790,0.183,0.735
172,0.128,0.829,1.096,0.138,0.910,0.441,0.128,0.829,1.096,0.563,5.885,-5.054,0.481,0.498
116,0.173,0.804,1.078,0.188,0.882,0.435,0.173,0.804,1.078,0.561,-2.943,8.609,0.359,0.628
73,0.133,0.128,2.492,0.144,0.141,0.857,0.133,0.128,2.492,0.558,0.317,8.610,0.404,0.628
98,0.120,0.839,1.094,0.130,0.921,0.440,0.120,0.839,1.094,0.558,-18.774,19.865,0.140,0.735
381,0.742,0.748,0.511,0.805,0.821,0.266,0.742,0.748,0.511,0.557,29.658,-20.740,0.811,0.349
304,0.838,0.166,0.993,0.909,0.182,0.410,0.838,0.166,0.993,0.556,-7.239,-31.162,0.300,0.250
460,0.759,0.818,0.035,0.824,0.897,0.124,0.759,0.818,0.035,0.556,28.447,-15.593,0.794,0.398
562,0.012,0.122,2.752,0.013,0.134,0.935,0.012,0.122,2.752,0.553,-5.650,19.809,0.322,0.735
161,0.739,0.814,0.182,0.802,0.893,0.168,0.739,0.814,0.182,0.552,-28.399,-11.295,0.006,0.439
236,0.152,0.163,2.372,0.165,0.179,0.821,0.152,0.163,2.372,0.552,-18.347,-30.168,0.146,0.259
332,0.812,0.182,1.031,0.881,0.199,0.421,0.812,0.182,1.031,0.551,15.005,-39.896,0.608,0.166
342,0.826,0.181,0.991,0.897,0.198,0.409,0.826,0.181,0.991,0.550,39.846,-5.233,0.952,0.496
578,0.169,0.154,2.356,0.183,0.169,0.817,0.169,0.154,2.356,0.550,-19.332,24.031,0.132,0.775
412,0.122,0.020,2.742,0.133,0.021,0.932,0.122,0.020,2.742,0.549,26.537,-17.238,0.767,0.382
154,0.147,0.134,2.448,0.159,0.146,0.844,0.147,0.134,2.448,0.547,-4.844,10.079,0.333,0.642
179,0.737,0.818,0.179,0.800,0.898,0.167,0.737,0.818,0.179,0.545,7.161,-0.393,0.499,0.542
322,0.171,0.186,2.291,0.185,0.203,0.797,0.171,0.186,2.291,0.545,-22.242,25.450,0.092,0.788
351,0.743,0.817,0.146,0.806,0.897,0.157,0.743,0.817,0.146,0.545,-22.678,44.406,0.086,0.969
540,0.110,0.127,2.549,0.119,0.140,0.874,0.110,0.127,2.549,0.545,-13.438,42.967,0.214,0.955
593,0.188,0.006,2.621,0.204,0.006,0.896,0.188,0.006,2.621,0.545,-10.411,30.536,0.256,0.837
312,0.137,0.155,2.421,0.149,0.170,0.836,0.137,0.155,2.421,0.544,40.645,-4.755,0.963,0.501
68,0.130,0.168,2.412,0.141,0.184,0.833,0.130,0.168,2.412,0.543,8.423,14.443,0.517,0.684
221,0.817,0.170,1.036,0.887,0.187,0.423,0.817,0.170,1.036,0.543,-8.215,-32.770,0.286,0.234
164,0.825,0.130,1.102,0.895,0.142,0.442,0.825,0.130,1.102,0.542,-1.187,1.586,0.383,0.561
365,0.841,0.129,1.071,0.913,0.141,0.433,0.841,0.129,1.071,0.540,28.761,-21.532,0.798,0.341
183,0.127,0.104,2.564,0.138,0.114,0.879,0.127,0.104,2.564,0.539,6.804,-1.455,0.494,0.532
318,0.797,0.167,1.121,0.865,0.183,0.448,0.797,0.167,1.121,0.539,14.202,-45.740,0.597,0.111
297,0.833,0.185,0.965,0.905,0.203,0.402,0.833,0.185,0.965,0.538,17.496,-35.134,0.642,0.212
89,0.852,0.813,-0.301,0.925,0.892,0.024,0.852,0.813,-0.301,0.537,-17.809,20.412,0.153,0.740
168,0.089,0.009,2.835,0.097,0.009,0.960,0.089,0.009,2.835,0.533,-23.960,-15.877,0.068,0.395
224,0.183,0.797,1.090,0.199,0.874,0.439,0.183,0.797,1.090,0.533,-24.944,-20.003,0.054,0.356
220,0.800,0.131,1.182,0.869,0.144,0.466,0.800,0.131,1.182,0.532,16.403,-44.422,0.627,0.123
265,0.790,0.739,0.284,0.857,0.811,0.198,0.790,0.739,0.284,0.529,-25.839,-21.605,0.042,0.341
382,0.117,0.172,2.434,0.127,0.189,0.840,0.117,0.172,2.434,0.529,6.578,12.389,0.491,0.664
437,0.205,0.828,0.950,0.222,0.908,0.397,0.205,0.828,0.950,0.529,37.155,-18.863,0.915,0.367
384,0.118,0.162,2.453,0.128,0.177,0.846,0.118,0.162,2.453,0.528,7.279,16.148,0.501,0.700
495,0.189,0.138,2.353,0.206,0.152,0.816,0.189,0.138,2.353,0.528,-24.560,-19.047,0.060,0.365
69,0.115,0.170,2.444,0.125,0.186,0.843,0.115,0.170,2.444,0.527,12.179,2.858,0.569,0.573
239,0.175,0.786,1.157,0.190,0.862,0.459,0.175,0.786,1.157,0.527,-10.137,-32.808,0.259,0.234
169,0.156,0.110,2.483,0.169,0.121,0.855,0.156,0.110,2.483,0.526,-24.983,-15.708,0.054,0.397
25,0.099,0.126,2.577,0.108,0.138,0.883,0.099,0.126,2.577,0.525,-24.750,38.279,0.057,0.911
453,0.135,0.106,2.540,0.147,0.116,0.872,0.135,0.106,2.540,0.522,-24.702,-6.109,0.058,0.488
474,0.112,0.186,2.421,0.122,0.204,0.836,0.112,0.186,2.421,0.521,-24.741,-10.023,0.057,0.451
55,0.092,0.842,1.157,0.099,0.925,0.459,0.092,0.842,1.157,0.520,-23.766,35.878,0.071,0.888
435,0.151,0.785,1.210,0.164,0.861,0.475,0.151,0.785,1.210,0.519,-8.586,18.421,0.281,0.722
141,0.728,0.028,1.836,0.791,0.031,0.662,0.728,0.028,1.836,0.515,2.921,15.474,0.440,0.693
543,0.200,0.118,2.386,0.217,0.129,0.826,0.200,0.118,2.386,0.515,-13.771,44.957,0.209,0.974
235,0.104,0.187,2.440,0.112,0.205,0.842,0.104,0.187,2.440,0.513,17.771,-40.231,0.646,0.163
264,0.143,0.194,2.336,0.155,0.213,0.811,0.143,0.194,2.336,0.510,-16.129,-34.665,0.176,0.216
433,0.088,0.845,1.163,0.095,0.927,0.461,0.088,0.845,1.163,0.510,-11.894,12.841,0.235,0.668
442,0.116,0.798,1.230,0.126,0.876,0.481,0.116,0.798,1.230,0.508,-11.476,8.125,0.241,0.624
14,0.085,0.013,2.841,0.092,0.013,0.962,0.085,0.013,2.841,0.507,-25.061,39.572,0.053,0.923
516,0.079,0.807,1.279,0.086,0.885,0.495,0.079,0.807,1.279,0.507,-22.447,-10.435,0.089,0.447
571,0.104,0.150,2.511,0.113,0.165,0.863,0.104,0.150,2.511,0.504,9.281,15.506,0.528,0.694
545,0.094,0.192,2.455,0.102,0.210,0.846,0.094,0.192,2.455,0.503,15.828,-44.945,0.619,0.118
576,0.771,0.737,0.401,0.837,0.808,0.233,0.771,0.737,0.401,0.503,-25.736,-8.565,0.043,0.465
1,0.832,0.088,1.185,0.903,0.096,0.467,0.832,0.088,1.185,0.500,-22.952,16.866,0.082,0.707
147,0.186,0.010,2.620,0.202,0.010,0.896,0.186,0.010,2.620,0.500,-5.115,15.667,0.329,0.695
187,0.098,0.144,2.539,0.107,0.157,0.872,0.098,0.144,2.539,0.500,12.891,2.961,0.578,0.574
249,0.198,0.105,2.419,0.215,0.115,0.836,0.198,0.105,2.419,0.500,-17.423,-30.678,0.158,0.254
300,0.784,0.136,1.248,0.851,0.149,0.486,0.784,0.136,1.248,0.500,-15.303,-32.843,0.188,0.234
321,0.108,0.030,2.761,0.117,0.033,0.938,0.108,0.030,2.761,0.500,-26.408,43.591,0.034,0.961
377,0.020,0.130,2.723,0.022,0.143,0.926,0.020,0.130,2.723,0.500,-19.239,44.891,0.133,0.973
449,0.153,0.132,2.439,0.165,0.145,0.842,0.153,0.132,2.439,0.500,-6.483,22.373,0.310,0.759
536,0.017,0.071,2.865,0.018,0.078,0.969,0.017,0.071,2.865,0.500,-16.020,19.221,0.178,0.729
469,0.805,0.726,0.310,0.874,0.796,0.206,0.805,0.726,0.310,0.494,8.039,15.627,0.511,0.695
315,0.123,0.073,2.645,0.133,0.080,0.903,0.123,0.073,2.645,0.492,13.361,-56.333,0.585,0.010
341,0.070,0.121,2.656,0.076,0.132,0.906,0.070,0.121,2.656,0.492,40.611,-6.464,0.962,0.485
243,0.201,0.132,2.352,0.218,0.145,0.816,0.201,0.132,2.352,0.491,17.288,-41.110,0.639,0.155
256,0.795,0.109,1.260,0.863,0.119,0.490,0.795,0.109,1.260,0.491,-16.836,-33.464,0.167,0.228
284,0.839,0.075,1.199,0.911,0.082,0.471,0.839,0.075,1.199,0.490,17.248,-40.195,0.639,0.164
217,0.126,0.784,1.272,0.137,0.861,0.493,0.126,0.784,1.272,0.489,-20.521,-27.929,0.116,0.280
443,0.077,0.846,1.186,0.083,0.929,0.468,0.077,0.846,1.186,0.489,1.989,13.639,0.427,0.676
125,0.170,0.064,2.560,0.184,0.070,0.878,0.170,0.064,2.560,0.485,-6.594,26.872,0.308,0.802
509,0.094,0.092,2.670,0.102,0.101,0.911,0.094,0.092,2.670,0.485,-8.374,46.629,0.284,0.990
481,0.138,0.085,2.581,0.150,0.094,0.884,0.138,0.085,2.581,0.484,25.350,-19.086,0.751,0.365
30,0.122,0.195,2.385,0.132,0.213,0.826,0.122,0.195,2.385,0.483,-22.765,32.100,0.084,0.852
430,0.160,0.061,2.585,0.173,0.067,0.885,0.160,0.061,2.585,0.482,37.898,-18.760,0.925,0.368
290,0.207,0.147,2.309,0.224,0.161,0.803,0.207,0.147,2.309,0.481,20.237,-31.934,0.680,0.242
602,0.209,0.097,2.425,0.227,0.106,0.837,0.209,0.097,2.425,0.480,-24.377,42.311,0.062,0.949
152,0.073,0.107,2.684,0.079,0.117,0.915,0.073,0.107,2.684,0.479,-7.589,47.025,0.295,0.994
466,0.005,0.162,2.671,0.006,0.178,0.911,0.005,0.162,2.671,0.478,6.109,16.982,0.484,0.708
568,0.171,0.035,2.611,0.186,0.038,0.893,0.171,0.035,2.611,0.478,-24.165,-6.576,0.065,0.484
472,0.784,0.123,1.281,0.851,0.135,0.496,0.784,0.123,1.281,0.477,-5.817,1.235,0.319,0.558
145,0.042,0.765,1.564,0.045,0.840,0.580,0.042,0.765,1.564,0.476,-0.175,18.149,0.397,0.719
149,0.166,0.053,2.590,0.180,0.057,0.887,0.166,0.053,2.590,0.476,0.224,0.216,0.403,0.548
394,0.175,0.048,2.582,0.190,0.053,0.884,0.175,0.048,2.582,0.474,42.681,-19.103,0.991,0.364
194,0.721,0.825,0.277,0.783,0.905,0.196,0.721,0.825,0.277,0.472,17.884,-26.290,0.648,0.296
450,0.783,0.024,1.489,0.851,0.026,0.558,0.783,0.024,1.489,0.472,-7.600,47.632,0.295,1.000
110,0.065,0.083,2.755,0.071,0.091,0.936,0.065,0.083,2.755,0.471,-8.174,28.332,0.287,0.816
292,0.099,0.030,2.783,0.107,0.033,0.944,0.099,0.030,2.783,0.471,13.173,-53.537,0.582,0.037
50,0.025,0.078,2.838,0.027,0.086,0.961,0.025,0.078,2.838,0.469,38.418,3.610,0.932,0.581
126,0.161,0.041,2.621,0.175,0.044,0.896,0.161,0.041,2.621,0.469,-12.987,9.600,0.220,0.638
477,0.155,0.062,2.595,0.168,0.068,0.888,0.155,0.062,2.595,0.469,-26.157,-22.371,0.037,0.333
329,0.832,0.018,1.315,0.904,0.019,0.506,0.832,0.018,1.315,0.467,21.316,-18.948,0.695,0.366
423,0.207,0.109,2.398,0.225,0.120,0.829,0.207,0.109,2.398,0.467,-10.945,20.268,0.248,0.739
109,0.062,0.199,2.515,0.067,0.218,0.864,0.062,0.199,2.515,0.465,-24.844,42.986,0.056,0.955
160,0.057,0.188,2.541,0.062,0.206,0.872,0.057,0.188,2.541,0.464,-3.960,3.366,0.345,0.578
335,0.042,0.112,2.732,0.046,0.123,0.929,0.042,0.112,2.732,0.464,20.835,-26.821,0.688,0.291
553,0.768,0.732,0.455,0.833,0.803,0.249,0.768,0.732,0.455,0.463,-24.862,-7.272,0.055,0.477
363,0.063,0.849,1.213,0.068,0.932,0.476,0.063,0.849,1.213,0.462,8.984,16.442,0.524,0.703
225,0.135,0.772,1.318,0.146,0.847,0.507,0.135,0.772,1.318,0.458,-25.659,-14.357,0.044,0.410
404,0.039,0.843,1.264,0.043,0.925,0.491,0.039,0.843,1.264,0.457,-17.468,13.681,0.158,0.676
64,0.829,0.056,1.258,0.900,0.061,0.489,0.829,0.056,1.258,0.456,38.667,-1.581,0.936,0.531
186,0.055,0.824,1.272,0.060,0.905,0.493,0.055,0.824,1.272,0.455,-24.235,-22.465,0.064,0.332
204,0.152,0.021,2.672,0.165,0.023,0.911,0.152,0.021,2.672,0.455,18.299,-21.535,0.653,0.341
544,0.779,0.725,0.436,0.845,0.796,0.244,0.779,0.725,0.436,0.455,11.979,3.367,0.566,0.578
356,0.071,0.038,2.834,0.077,0.041,0.960,0.071,0.038,2.834,0.453,37.327,2.649,0.917,0.571
454,0.062,0.165,2.573,0.067,0.181,0.882,0.062,0.165,2.573,0.453,30.866,-15.496,0.827,0.399
595,0.824,0.067,1.247,0.895,0.073,0.486,0.824,0.067,1.247,0.453,16.977,-22.071,0.635,0.336
428,0.212,0.085,2.450,0.230,0.093,0.845,0.212,0.085,2.450,0.451,34.707,-18.888,0.881,0.366
23,0.848,0.084,1.167,0.921,0.092,0.462,0.848,0.084,1.167,0.450,-26.024,42.237,0.039,0.948
567,0.049,0.809,1.332,0.053,0.888,0.511,0.049,0.809,1.332,0.450,6.174,16.217,0.485,0.701
557,0.134,0.770,1.331,0.145,0.845,0.511,0.134,0.770,1.331,0.448,-13.274,45.071,0.216,0.975
487,0.054,0.134,2.657,0.059,0.147,0.907,0.054,0.134,2.657,0.447,4.433,0.017,0.461,0.546
171,0.809,0.068,1.292,0.879,0.075,0.499,0.809,0.068,1.292,0.444,5.641,-4.721,0.478,0.501
371,0.045,0.172,2.594,0.048,0.188,0.888,0.045,0.172,2.594,0.442,-15.783,16.266,0.181,0.701
570,0.017,0.198,2.593,0.019,0.217,0.888,0.017,0.198,2.593,0.442,17.214,-32.827,0.638,0.234
199,0.121,0.042,2.711,0.131,0.046,0.923,0.121,0.042,2.711,0.440,4.164,1.035,0.458,0.556
421,0.823,0.715,0.327,0.894,0.785,0.211,0.823,0.715,0.327,0.440,-13.226,45.933,0.217,0.983
441,0.055,0.137,2.650,0.059,0.150,0.905,0.055,0.137,2.650,0.436,2.396,13.711,0.433,0.677
197,0.773,0.722,0.494,0.839,0.793,0.261,0.773,0.722,0.494,0.434,-23.228,-26.365,0.078,0.295
233,0.058,0.142,2.632,0.062,0.156,0.899,0.058,0.142,2.632,0.433,-25.604,-20.570,0.045,0.350
2,0.753,0.838,0.022,0.818,0.920,0.120,0.753,0.838,0.022,0.432,-22.731,33.321,0.085,0.863
273,0.725,0.780,0.429,0.787,0.857,0.241,0.725,0.780,0.429,0.431,14.284,-49.920,0.598,0.071
41,0.750,0.731,0.571,0.814,0.802,0.284,0.750,0.731,0.571,0.430,-21.536,32.412,0.102,0.855
33,0.123,0.052,2.690,0.133,0.056,0.917,0.123,0.052,2.690,0.429,-22.330,23.838,0.090,0.773
308,0.781,0.717,0.485,0.848,0.787,0.258,0.781,0.717,0.485,0.426,-24.335,43.417,0.063,0.959
78,0.839,0.210,0.921,0.911,0.230,0.388,0.839,0.210,0.921,0.424,-13.406,32.833,0.214,0.859
512,0.086,0.041,2.795,0.093,0.045,0.948,0.086,0.041,2.795,0.424,18.163,-20.650,0.651,0.350
580,0.049,0.098,2.755,0.052,0.107,0.936,0.049,0.098,2.755,0.424,-19.212,24.294,0.134,0.777
119,0.780,0.100,1.357,0.846,0.110,0.519,0.780,0.100,1.357,0.421,20.413,-27.931,0.683,0.280
227,0.098,0.047,2.757,0.106,0.052,0.937,0.098,0.047,2.757,0.421,15.125,-46.945,0.609,0.099
355,0.820,0.215,0.958,0.890,0.236,0.400,0.820,0.215,0.958,0.421,40.043,-2.683,0.955,0.521
445,0.053,0.087,2.769,0.058,0.096,0.940,0.053,0.087,2.769,0.421,31.991,-16.460,0.843,0.390
554,0.124,0.036,2.715,0.134,0.039,0.924,0.124,0.036,2.715,0.421,14.596,-51.785,0.602,0.053
339,0.191,0.211,2.220,0.207,0.231,0.776,0.191,0.211,2.220,0.420,25.717,-19.204,0.756,0.363
513,0.861,0.745,0.057,0.935,0.818,0.131,0.861,0.745,0.057,0.420,-21.346,-27.329,0.104,0.286
143,0.087,0.037,2.799,0.095,0.040,0.949,0.087,0.037,2.799,0.419,2.427,15.257,0.433,0.691
281,0.210,0.850,0.908,0.228,0.933,0.384,0.210,0.850,0.908,0.419,13.292,-52.333,0.584,0.048
301,0.041,0.084,2.801,0.044,0.092,0.950,0.041,0.084,2.801,0.419,-9.127,-31.628,0.273,0.245
420,0.854,0.758,-0.023,0.927,0.832,0.106,0.854,0.758,-0.023,0.418,4.125,14.472,0.457,0.684
255,0.043,0.205,2.543,0.047,0.225,0.873,0.043,0.205,2.543,0.417,-23.785,-7.808,0.070,0.472
320,0.185,0.775,1.196,0.200,0.851,0.470,0.185,0.775,1.196,0.417,16.825,-38.219,0.633,0.182
395,0.745,0.730,0.609,0.809,0.802,0.295,0.745,0.730,0.609,0.417,-0.041,7.939,0.399,0.622
370,0.713,0.823,0.341,0.774,0.903,0.215,0.713,0.823,0.341,0.416,41.907,-19.877,0.980,0.357
468,0.079,0.758,1.533,0.085,0.832,0.571,0.079,0.758,1.533,0.416,-5.927,1.990,0.318,0.565
215,0.216,0.189,2.217,0.234,0.207,0.775,0.216,0.189,2.217,0.415,11.802,-2.011,0.563,0.527
376,0.801,0.054,1.356,0.869,0.059,0.518,0.801,0.054,1.356,0.411,8.332,19.078,0.515,0.728
12,0.216,0.061,2.497,0.235,0.066,0.859,0.216,0.061,2.497,0.407,-25.150,41.778,0.051,0.944
207,0.100,0.210,2.417,0.108,0.231,0.835,0.100,0.210,2.417,0.407,-6.667,-31.020,0.307,0.251
457,0.044,0.153,2.634,0.048,0.167,0.900,0.044,0.153,2.634,0.407,-1.446,16.443,0.380,0.703
485,0.754,0.050,1.621,0.818,0.055,0.598,0.754,0.050,1.621,0.407,22.211,-19.235,0.708,0.363
19,0.727,0.080,1.743,0.790,0.088,0.634,0.727,0.080,1.743,0.406,13.355,-51.663,0.585,0.054
222,0.038,0.782,1.476,0.041,0.858,0.554,0.038,0.782,1.476,0.404,-22.760,-8.615,0.085,0.464
136,0.726,0.760,0.546,0.788,0.834,0.277,0.726,0.760,0.546,0.402,-2.013,16.851,0.372,0.707
178,0.205,0.799,1.048,0.223,0.877,0.426,0.205,0.799,1.048,0.400,-23.563,-21.410,0.073,0.342
181,0.118,0.848,1.089,0.127,0.931,0.439,0.118,0.848,1.089,0.400,-25.143,-21.034,0.052,0.346
223,0.778,0.203,1.153,0.845,0.223,0.458,0.778,0.203,1.153,0.400,17.792,-28.770,0.646,0.272
397,0.030,0.119,2.734,0.033,0.131,0.930,0.030,0.119,2.734,0.400,-9.288,29.282,0.271,0.825
581,0.846,0.018,1.293,0.918,0.020,0.500,0.846,0.018,1.293,0.400,-25.723,-18.988,0.044,0.365
598,0.067,0.792,1.367,0.072,0.870,0.522,0.067,0.792,1.367,0.400,13.539,-0.554,0.587,0.541
107,0.752,0.721,0.633,0.817,0.791,0.302,0.752,0.721,0.633,0.394,-11.274,35.202,0.244,0.881
21,0.791,0.221,1.068,0.858,0.242,0.432,0.791,0.221,1.068,0.390,-24.423,36.801,0.062,0.896
296,0.764,0.171,1.284,0.830,0.188,0.497,0.764,0.171,1.284,0.389,-12.827,-33.076,0.222,0.231
192,0.032,0.033,2.914,0.035,0.036,0.984,0.032,0.033,2.914,0.385,-22.663,-24.825,0.086,0.310
390,0.215,0.049,2.521,0.234,0.054,0.866,0.215,0.049,2.521,0.385,0.503,6.650,0.407,0.610
32,0.763,0.040,1.579,0.829,0.043,0.585,0.763,0.040,1.579,0.382,-23.985,34.667,0.068,0.876
319,0.174,0.759,1.313,0.188,0.833,0.505,0.174,0.759,1.313,0.381,39.823,-19.803,0.952,0.358
10,0.715,0.101,1.788,0.776,0.111,0.647,0.715,0.101,1.788,0.375,-22.476,17.351,0.088,0.711
88,0.203,0.021,2.581,0.220,0.022,0.884,0.203,0.021,2.581,0.375,5.426,18.509,0.475,0.722
556,0.031,0.741,1.739,0.033,0.814,0.633,0.031,0.741,1.739,0.375,17.137,-33.598,0.637,0.226
594,0.804,0.039,1.370,0.873,0.043,0.522,0.804,0.039,1.370,0.375,15.951,-41.675,0.621,0.150
560,0.769,0.174,1.250,0.835,0.191,0.487,0.769,0.174,1.250,0.372,-15.169,33.328,0.190,0.863
83,0.125,0.753,1.461,0.136,0.826,0.550,0.125,0.753,1.461,0.371,-20.727,17.615,0.113,0.714
347,0.217,0.038,2.539,0.236,0.041,0.871,0.217,0.038,2.539,0.371,38.092,2.686,0.928,0.572
507,0.033,0.086,2.807,0.036,0.095,0.952,0.033,0.086,2.807,0.371,-0.573,7.352,0.392,0.616
601,0.863,0.149,1.013,0.937,0.163,0.416,0.863,0.149,1.013,0.370,-27.132,44.891,0.024,0.973
82,0.072,0.224,2.467,0.078,0.245,0.850,0.072,0.224,2.467,0.368,14.549,-47.873,0.601,0.091
28,0.221,0.124,2.348,0.240,0.136,0.815,0.221,0.124,2.348,0.367,-24.288,35.363,0.063,0.883
205,0.752,0.141,1.428,0.816,0.155,0.540,0.752,0.141,1.428,0.367,17.756,-33.699,0.646,0.225
510,0.807,0.209,1.009,0.876,0.229,0.415,0.807,0.209,1.009,0.367,-15.380,18.226,0.187,0.720
380,0.033,0.220,2.544,0.035,0.242,0.873,0.033,0.220,2.544,0.366,37.666,1.121,0.922,0.557
422,0.841,0.712,0.317,0.913,0.781,0.208,0.841,0.712,0.317,0.366,42.665,-19.927,0.991,0.357
429,0.060,0.777,1.459,0.065,0.853,0.549,0.060,0.777,1.459,0.366,9.261,1.784,0.528,0.563
124,0.038,0.853,1.257,0.041,0.936,0.489,0.038,0.853,1.257,0.364,-12.298,11.585,0.229,0.656
267,0.200,0.014,2.594,0.217,0.015,0.888,0.200,0.014,2.594,0.364,-26.305,-13.679,0.035,0.416
344,0.154,0.748,1.426,0.167,0.821,0.539,0.154,0.748,1.426,0.364,-10.053,33.275,0.261,0.863
305,0.142,0.750,1.437,0.154,0.824,0.543,0.142,0.750,1.437,0.357,-8.907,-32.239,0.276,0.239
340,0.027,0.145,2.679,0.029,0.159,0.913,0.027,0.145,2.679,0.357,30.255,-14.438,0.819,0.409
434,0.092,0.768,1.441,0.100,0.843,0.544,0.092,0.768,1.441,0.356,26.638,-16.018,0.769,0.394
388,0.843,0.705,0.360,0.915,0.774,0.221,0.843,0.705,0.360,0.355,4.904,18.668,0.468,0.724
501,0.028,0.858,1.272,0.030,0.942,0.493,0.028,0.858,1.272,0.355,12.187,4.092,0.569,0.585
42,0.173,0.733,1.495,0.188,0.804,0.560,0.173,0.733,1.495,0.353,-23.673,32.346,0.072,0.854
65,0.081,0.777,1.418,0.087,0.853,0.537,0.081,0.777,1.418,0.353,-18.402,33.323,0.145,0.863
524,0.766,0.847,-0.073,0.832,0.930,0.092,0.766,0.847,-0.073,0.350,17.515,-38.002,0.642,0.184
111,0.855,0.718,0.254,0.928,0.788,0.189,0.855,0.718,0.254,0.349,-15.932,13.491,0.179,0.675
94,0.143,0.745,1.471,0.156,0.818,0.553,0.143,0.745,1.471,0.348,-13.809,33.662,0.209,0.867
303,0.706,0.808,0.442,0.767,0.887,0.245,0.706,0.808,0.442,0.347,-6.656,-31.062,0.308,0.251
374,0.220,0.208,2.187,0.239,0.228,0.766,0.220,0.208,2.187,0.346,43.322,-20.193,1.000,0.354
66,0.708,0.157,1.707,0.769,0.172,0.623,0.708,0.157,1.707,0.345,-22.178,31.394,0.093,0.845
137,0.190,0.871,0.937,0.206,0.956,0.393,0.190,0.871,0.937,0.345,-11.898,13.586,0.235,0.676
4,0.815,0.032,1.341,0.885,0.035,0.514,0.815,0.032,1.341,0.344,-22.314,26.494,0.091,0.798
334,0.756,0.106,1.488,0.820,0.116,0.558,0.756,0.106,1.488,0.344,39.705,-8.628,0.950,0.464
467,0.709,0.113,1.802,0.770,0.124,0.651,0.709,0.113,1.802,0.344,2.729,13.201,0.438,0.672
282,0.096,0.744,1.588,0.104,0.817,0.588,0.096,0.744,1.588,0.343,-25.597,-22.743,0.045,0.330
286,0.704,0.060,1.959,0.765,0.065,0.698,0.704,0.060,1.959,0.342,-26.112,-17.812,0.038,0.377
57,0.040,0.703,2.004,0.044,0.772,0.712,0.040,0.703,2.004,0.341,-20.310,32.783,0.118,0.858
185,0.751,0.202,1.320,0.815,0.221,0.508,0.751,0.202,1.320,0.341,4.587,-4.428,0.463,0.504
324,0.714,0.767,0.593,0.775,0.842,0.290,0.714,0.767,0.593,0.341,-25.397,44.640,0.048,0.971
419,0.087,0.231,2.429,0.094,0.254,0.839,0.087,0.231,2.429,0.341,-12.356,42.208,0.229,0.948
499,0.860,0.181,0.947,0.934,0.198,0.396,0.860,0.181,0.947,0.341,20.443,-24.050,0.683,0.317
268,0.116,0.229,2.363,0.125,0.251,0.819,0.116,0.229,2.363,0.340,14.444,-46.993,0.600,0.099
26,0.834,0.226,0.915,0.905,0.248,0.387,0.834,0.226,0.915,0.333,-21.998,20.874,0.095,0.745
74,0.159,0.067,2.576,0.173,0.073,0.883,0.159,0.067,2.576,0.333,-10.399,32.816,0.256,0.859
76,0.168,0.742,1.436,0.182,0.815,0.542,0.168,0.742,1.436,0.333,9.652,4.313,0.534,0.587
91,0.222,0.034,2.541,0.241,0.037,0.872,0.222,0.034,2.541,0.333,-9.883,32.038,0.263,0.851
104,0.225,0.832,0.919,0.244,0.913,0.388,0.225,0.832,0.919,0.333,-13.730,10.788,0.210,0.649
148,0.748,0.731,0.591,0.812,0.802,0.290,0.748,0.731,0.591,0.333,3.117,0.160,0.443,0.548
151,0.040,0.227,2.528,0.043,0.249,0.868,0.040,0.227,2.528,0.333,18.801,-37.253,0.660,0.192
258,0.234,0.142,2.298,0.254,0.155,0.799,0.234,0.142,2.298,0.333,-13.179,-33.115,0.217,0.231
293,0.106,0.228,2.386,0.115,0.250,0.826,0.106,0.228,2.386,0.333,-15.471,-33.392,0.186,0.228
330,0.735,0.715,0.797,0.798,0.784,0.351,0.735,0.715,0.797,0.333,16.638,-38.696,0.630,0.178
438,0.073,0.228,2.461,0.079,0.250,0.848,0.073,0.228,2.461,0.333,35.902,-18.780,0.897,0.367
496,0.177,0.870,0.959,0.192,0.955,0.400,0.177,0.870,0.959,0.333,-3.669,2.377,0.349,0.569
532,0.110,0.229,2.377,0.119,0.252,0.823,0.110,0.229,2.377,0.333,17.520,-25.531,0.643,0.303
579,0.737,0.855,0.119,0.800,0.939,0.149,0.737,0.855,0.119,0.333,-25.728,-9.662,0.043,0.454
489,0.726,0.152,1.586,0.788,0.166,0.587,0.726,0.152,1.586,0.328,-8.941,14.939,0.276,0.688
328,0.134,0.863,1.045,0.146,0.948,0.426,0.134,0.863,1.045,0.326,-25.407,43.602,0.048,0.961
561,0.738,0.178,1.450,0.801,0.195,0.546,0.738,0.178,1.450,0.326,-26.728,-12.976,0.030,0.423
190,0.865,0.098,1.132,0.939,0.108,0.451,0.865,0.098,1.132,0.324,18.240,-24.604,0.653,0.312
62,0.864,0.097,1.133,0.938,0.106,0.452,0.864,0.097,1.133,0.323,-21.253,22.163,0.105,0.757
84,0.035,0.710,1.958,0.038,0.780,0.698,0.035,0.710,1.958,0.323,-16.034,32.633,0.178,0.857
6,0.702,0.157,1.752,0.762,0.173,0.636,0.702,0.157,1.752,0.322,39.904,-7.902,0.953,0.471
490,0.131,0.705,1.792,0.142,0.774,0.649,0.131,0.705,1.792,0.320,-8.629,20.130,0.280,0.738
93,0.010,0.701,2.062,0.011,0.770,0.729,0.010,0.701,2.062,0.319,-17.646,19.570,0.155,0.732
209,0.231,0.055,2.497,0.250,0.060,0.859,0.231,0.055,2.497,0.318,-4.453,9.289,0.338,0.635
134,0.717,0.161,1.638,0.778,0.176,0.603,0.717,0.161,1.638,0.317,8.126,1.031,0.512,0.556
302,0.700,0.077,1.959,0.759,0.084,0.698,0.700,0.077,1.959,0.316,14.802,-44.588,0.605,0.122
530,0.721,0.183,1.562,0.783,0.201,0.580,0.721,0.183,1.562,0.316,-11.705,45.912,0.238,0.983
277,0.711,0.759,0.663,0.772,0.833,0.311,0.711,0.759,0.663,0.311,-24.586,-9.177,0.059,0.459
291,0.068,0.234,2.468,0.074,0.256,0.850,0.068,0.234,2.468,0.311,-16.325,-33.977,0.174,0.223
401,0.725,0.184,1.535,0.787,0.201,0.572,0.725,0.184,1.535,0.311,-9.480,46.337,0.269,0.987
411,0.780,0.223,1.119,0.847,0.245,0.447,0.780,0.223,1.119,0.306,-16.881,16.893,0.166,0.707
17,0.158,0.702,1.752,0.171,0.771,0.636,0.158,0.702,1.752,0.305,-22.556,28.144,0.087,0.814
515,0.696,0.129,1.864,0.755,0.142,0.670,0.696,0.129,1.864,0.303,13.503,-3.011,0.587,0.518
314,0.243,0.074,2.454,0.263,0.081,0.846,0.243,0.074,2.454,0.302,19.339,-34.169,0.668,0.221
123,0.698,0.112,1.886,0.758,0.123,0.677,0.698,0.112,1.886,0.301,-7.638,26.233,0.294,0.796
310,0.869,0.008,1.302,0.944,0.009,0.502,0.869,0.008,1.302,0.300,39.299,2.299,0.944,0.568
448,0.163,0.694,1.804,0.177,0.762,0.652,0.163,0.694,1.804,0.300,-5.014,12.526,0.330,0.665
480,0.796,0.867,-0.234,0.864,0.952,0.043,0.796,0.867,-0.234,0.297,22.805,-18.849,0.716,0.367
97,0.169,0.694,1.792,0.183,0.762,0.648,0.169,0.694,1.792,0.296,-13.081,33.844,0.219,0.868
16,0.232,0.115,2.362,0.251,0.126,0.819,0.232,0.115,2.362,0.294,-22.325,19.149,0.091,0.728
188,0.760,0.201,1.265,0.825,0.221,0.491,0.760,0.201,1.265,0.294,17.377,-21.473,0.641,0.342
508,0.826,0.243,0.924,0.897,0.266,0.389,0.826,0.243,0.924,0.294,19.146,-26.224,0.665,0.297
539,0.059,0.707,1.938,0.064,0.776,0.692,0.059,0.707,1.938,0.294,11.102,5.910,0.554,0.602
386,0.762,0.218,1.228,0.828,0.239,0.480,0.762,0.218,1.228,0.292,11.029,2.588,0.553,0.571
407,0.102,0.695,1.934,0.110,0.763,0.691,0.102,0.695,1.934,0.292,42.865,-19.467,0.994,0.361
307,0.850,0.728,0.186,0.923,0.799,0.169,0.850,0.728,0.186,0.289,-19.631,-28.967,0.128,0.270
537,0.074,0.699,1.969,0.080,0.767,0.701,0.074,0.699,1.969,0.289,11.428,5.082,0.558,0.595
589,0.211,0.708,1.621,0.229,0.777,0.598,0.211,0.708,1.621,0.287,-11.698,46.429,0.238,0.988
138,0.862,0.822,-0.331,0.936,0.902,0.015,0.862,0.822,-0.331,0.286,-7.168,22.002,0.301,0.756
193,0.230,0.025,2.549,0.250,0.027,0.874,0.230,0.025,2.549,0.286,4.412,-5.809,0.461,0.491
367,0.232,0.116,2.359,0.252,0.127,0.818,0.232,0.116,2.359,0.286,38.870,-2.947,0.938,0.518
372,0.701,0.164,1.745,0.761,0.180,0.635,0.701,0.164,1.745,0.286,22.494,-19.542,0.711,0.360
409,0.849,0.729,0.179,0.922,0.800,0.167,0.849,0.729,0.179,0.286,-10.632,46.516,0.253,0.989
8,0.125,0.238,2.335,0.136,0.262,0.811,0.125,0.238,2.335,0.283,39.912,-1.284,0.953,0.534
228,0.019,0.232,2.556,0.021,0.254,0.877,0.019,0.232,2.556,0.282,-24.854,-21.669,0.056,0.340
45,0.713,0.190,1.613,0.774,0.208,0.595,0.713,0.190,1.613,0.280,-23.031,17.443,0.081,0.712
167,0.229,0.737,1.389,0.249,0.809,0.528,0.229,0.737,1.389,0.280,6.385,-1.186,0.488,0.535
486,0.848,0.693,0.446,0.921,0.761,0.247,0.848,0.693,0.446,0.280,-23.767,-15.413,0.071,0.400
360,0.128,0.699,1.844,0.139,0.767,0.664,0.128,0.699,1.844,0.279,-15.445,45.490,0.186,0.979
289,0.856,0.131,1.054,0.929,0.143,0.428,0.856,0.131,1.054,0.278,14.659,-50.683,0.603,0.064
526,0.111,0.866,1.101,0.121,0.950,0.442,0.111,0.866,1.101,0.273,7.640,11.392,0.506,0.655
547,0.691,0.827,0.498,0.750,0.907,0.262,0.691,0.827,0.498,0.273,12.649,3.895,0.575,0.583
587,0.871,0.763,-0.050,0.946,0.837,0.098,0.871,0.763,-0.050,0.273,-9.492,31.184,0.268,0.843
491,0.199,0.733,1.447,0.216,0.805,0.545,0.199,0.733,1.447,0.270,21.556,-20.114,0.698,0.355
234,0.710,0.183,1.646,0.771,0.200,0.605,0.710,0.183,1.646,0.269,-9.548,-32.454,0.268,0.237
549,0.858,0.169,0.969,0.932,0.185,0.403,0.858,0.169,0.969,0.269,18.017,-30.114,0.649,0.260
36,0.734,0.220,1.417,0.797,0.241,0.536,0.734,0.220,1.417,0.267,-11.119,31.066,0.246,0.842
182,0.875,0.002,1.315,0.950,0.001,0.506,0.875,0.002,1.315,0.267,3.717,-4.024,0.451,0.508
96,0.736,0.235,1.394,0.799,0.257,0.530,0.736,0.235,1.394,0.265,-17.848,45.412,0.153,0.978
379,0.692,0.187,1.771,0.752,0.205,0.642,0.692,0.187,1.771,0.263,42.628,-20.387,0.990,0.352
77,0.847,0.222,0.898,0.920,0.244,0.382,0.847,0.222,0.898,0.261,-20.661,16.838,0.114,0.706
366,0.069,0.746,1.635,0.075,0.819,0.602,0.069,0.746,1.635,0.261,-16.753,45.590,0.168,0.980
525,0.857,0.213,0.901,0.930,0.234,0.382,0.857,0.213,0.901,0.261,-11.470,45.207,0.241,0.976
260,0.690,0.019,2.137,0.749,0.020,0.752,0.690,0.019,2.137,0.260,12.684,-56.328,0.576,0.010
354,0.178,0.252,2.218,0.193,0.276,0.776,0.178,0.252,2.218,0.259,-16.486,45.011,0.171,0.975
546,0.718,0.208,1.548,0.779,0.228,0.576,0.718,0.208,1.548,0.258,17.122,-41.837,0.637,0.148
588,0.685,0.156,1.887,0.744,0.171,0.677,0.685,0.156,1.887,0.258,6.470,15.081,0.489,0.690
70,0.734,0.217,1.421,0.797,0.238,0.538,0.734,0.217,1.421,0.253,-20.468,25.211,0.116,0.786
202,0.151,0.255,2.274,0.163,0.280,0.792,0.151,0.255,2.274,0.253,17.763,-31.855,0.646,0.243
369,0.223,0.735,1.412,0.242,0.806,0.535,0.223,0.735,1.412,0.253,30.224,-20.361,0.819,0.352
95,0.227,0.060,2.488,0.247,0.066,0.856,0.227,0.060,2.488,0.250,-14.250,45.597,0.202,0.980
189,0.755,0.216,1.280,0.819,0.236,0.496,0.755,0.216,1.280,0.250,-21.692,-23.934,0.099,0.318
211,0.005,0.270,2.574,0.005,0.297,0.882,0.005,0.270,2.574,0.250,-23.363,-25.749,0.076,0.301
247,0.794,0.246,1.041,0.862,0.270,0.424,0.794,0.246,1.041,0.250,11.361,1.374,0.557,0.559
283,0.084,0.242,2.431,0.091,0.266,0.839,0.084,0.242,2.431,0.250,12.660,-0.963,0.575,0.537
346,0.227,0.062,2.486,0.246,0.067,0.856,0.227,0.062,2.486,0.250,38.549,-19.701,0.934,0.359
391,0.197,0.238,2.190,0.213,0.261,0.767,0.197,0.238,2.190,0.250,0.107,7.651,0.401,0.619
505,0.206,0.020,2.578,0.224,0.022,0.883,0.206,0.020,2.578,0.250,-22.249,-27.536,0.092,0.284
591,0.053,0.690,2.082,0.057,0.757,0.735,0.053,0.690,2.082,0.250,-12.795,44.048,0.223,0.965
599,0.081,0.860,1.170,0.088,0.944,0.463,0.081,0.860,1.170,0.250,-9.690,33.093,0.266,0.861
338,0.684,0.197,1.821,0.742,0.216,0.657,0.684,0.197,1.821,0.248,-15.030,44.916,0.192,0.974
288,0.064,0.712,1.890,0.070,0.782,0.678,0.064,0.712,1.890,0.247,15.159,-45.253,0.610,0.115
117,0.681,0.175,1.882,0.739,0.191,0.675,0.681,0.175,1.882,0.242,-6.263,26.724,0.313,0.801
35,0.217,0.244,2.164,0.235,0.268,0.760,0.217,0.244,2.164,0.241,39.408,-0.542,0.946,0.541
378,0.031,0.695,2.083,0.034,0.763,0.735,0.031,0.695,2.083,0.241,40.300,-3.949,0.958,0.509
238,0.788,0.689,0.665,0.856,0.756,0.312,0.788,0.689,0.665,0.240,-25.641,-12.692,0.045,0.425
503,0.808,0.868,-0.284,0.878,0.953,0.028,0.808,0.868,-0.284,0.237,-2.775,2.838,0.361,0.573
574,0.064,0.714,1.876,0.069,0.784,0.674,0.064,0.714,1.876,0.236,18.365,-29.187,0.654,0.268
402,0.236,0.125,2.335,0.256,0.137,0.811,0.236,0.125,2.335,0.235,12.784,-2.999,0.577,0.518
206,0.687,0.781,0.712,0.746,0.857,0.326,0.687,0.781,0.712,0.234,-4.888,12.217,0.332,0.662
132,0.853,0.870,-0.380,0.926,0.955,0.000,0.853,0.870,-0.380,0.232,-9.053,42.692,0.274,0.953
440,0.772,0.690,0.740,0.838,0.757,0.334,0.772,0.690,0.740,0.232,-7.348,18.808,0.298,0.725
61,0.866,0.684,0.517,0.940,0.750,0.268,0.866,0.684,0.517,0.231,-17.296,33.176,0.160,0.862
231,0.683,0.808,0.622,0.741,0.887,0.299,0.683,0.808,0.622,0.230,14.941,-49.151,0.607,0.078
212,0.710,0.720,0.940,0.771,0.790,0.394,0.710,0.720,0.940,0.228,19.169,-32.726,0.665,0.235
497,0.798,0.246,1.022,0.866,0.269,0.419,0.798,0.246,1.022,0.227,-6.099,0.589,0.315,0.552
596,0.867,0.769,-0.091,0.941,0.844,0.086,0.867,0.769,-0.091,0.224,-24.101,-9.225,0.066,0.458
108,0.712,0.713,0.977,0.773,0.783,0.405,0.712,0.713,0.977,0.222,-15.983,17.761,0.178,0.715
210,0.682,0.793,0.693,0.740,0.871,0.320,0.682,0.793,0.693,0.220,3.617,2.564,0.450,0.571
520,0.680,0.100,2.056,0.738,0.109,0.727,0.680,0.100,2.056,0.220,-12.679,42.275,0.224,0.949
414,0.680,0.070,2.120,0.738,0.077,0.746,0.680,0.070,2.120,0.219,-10.937,18.810,0.248,0.725
418,0.113,0.680,2.026,0.123,0.746,0.718,0.113,0.680,2.026,0.219,-8.338,12.056,0.284,0.661
519,0.255,0.819,0.944,0.276,0.898,0.395,0.255,0.819,0.944,0.219,14.739,-2.092,0.604,0.526
201,0.229,0.750,1.300,0.248,0.823,0.502,0.229,0.750,1.300,0.217,17.932,-32.478,0.648,0.237
245,0.251,0.815,0.955,0.272,0.895,0.399,0.251,0.815,0.955,0.217,-7.911,12.982,0.290,0.670
464,0.191,0.230,2.202,0.208,0.253,0.771,0.191,0.230,2.202,0.217,-26.957,-14.928,0.026,0.404
59,0.243,0.092,2.412,0.264,0.101,0.834,0.243,0.092,2.412,0.216,39.331,-3.663,0.945,0.511
582,0.080,0.681,2.094,0.087,0.747,0.739,0.080,0.681,2.094,0.216,7.609,14.218,0.505,0.682
184,0.739,0.698,0.900,0.802,0.766,0.382,0.739,0.698,0.900,0.215,3.439,-4.239,0.447,0.506
352,0.840,0.677,0.579,0.912,0.743,0.286,0.840,0.677,0.579,0.209,29.446,-20.046,0.808,0.355
425,0.722,0.243,1.495,0.783,0.267,0.560,0.722,0.243,1.495,0.209,41.374,-19.448,0.973,0.361
504,0.678,0.203,1.859,0.736,0.222,0.669,0.678,0.203,1.859,0.209,-10.676,21.629,0.252,0.752
135,0.695,0.223,1.704,0.755,0.244,0.622,0.695,0.223,1.704,0.208,-9.291,44.111,0.271,0.966
484,0.868,0.735,0.133,0.942,0.807,0.153,0.868,0.735,0.133,0.208,-24.493,-4.724,0.061,0.501
410,0.144,0.256,2.290,0.156,0.281,0.797,0.144,0.256,2.290,0.203,32.531,-20.053,0.851,0.355
426,0.162,0.675,1.950,0.176,0.740,0.696,0.162,0.675,1.950,0.203,-10.602,20.730,0.253,0.744
597,0.696,0.239,1.688,0.756,0.262,0.617,0.696,0.239,1.688,0.203,-22.903,-27.389,0.083,0.286
80,0.020,0.678,2.227,0.021,0.744,0.778,0.020,0.678,2.227,0.202,-15.762,33.960,0.181,0.869
280,0.875,0.802,-0.253,0.949,0.880,0.038,0.875,0.802,-0.253,0.200,16.961,-35.891,0.635,0.205
174,0.676,0.204,1.871,0.734,0.224,0.672,0.676,0.204,1.871,0.199,10.436,-2.681,0.544,0.521
446,0.675,0.205,1.872,0.733,0.225,0.672,0.675,0.205,1.872,0.198,31.949,-18.024,0.842,0.375
244,0.724,0.872,0.220,0.786,0.957,0.179,0.724,0.872,0.220,0.197,-7.849,12.835,0.291,0.668
389,0.185,0.257,2.206,0.201,0.282,0.772,0.185,0.257,2.206,0.196,-19.223,45.705,0.134,0.981
43,0.008,0.672,2.284,0.009,0.738,0.795,0.008,0.672,2.284,0.194,38.711,1.948,0.936,0.565
533,0.082,0.676,2.129,0.089,0.741,0.749,0.082,0.676,2.129,0.194,-24.292,-8.304,0.063,0.467
106,0.252,0.015,2.557,0.273,0.016,0.877,0.252,0.015,2.557,0.193,-1.725,8.285,0.376,0.625
114,0.048,0.867,1.240,0.052,0.951,0.484,0.048,0.867,1.240,0.192,-11.493,40.955,0.241,0.936
494,0.066,0.675,2.166,0.071,0.741,0.760,0.066,0.675,2.166,0.192,20.749,-21.391,0.687,0.343
38,0.671,0.192,1.924,0.728,0.211,0.688,0.671,0.192,1.924,0.190,39.163,1.529,0.942,0.561
358,0.265,0.008,2.567,0.287,0.008,0.880,0.265,0.008,2.567,0.188,30.812,-17.993,0.827,0.375
566,0.236,0.674,1.853,0.257,0.740,0.667,0.236,0.674,1.853,0.188,-23.443,-27.039,0.075,0.289
569,0.211,0.252,2.170,0.229,0.277,0.761,0.211,0.252,2.170,0.188,-15.020,24.320,0.192,0.778
7,0.694,0.724,1.031,0.753,0.795,0.421,0.694,0.724,1.031,0.187,-22.430,18.083,0.089,0.718
362,0.189,0.250,2.200,0.205,0.274,0.770,0.189,0.250,2.200,0.186,30.547,-19.079,0.823,0.365
5,0.048,0.253,2.504,0.052,0.278,0.861,0.048,0.253,2.504,0.184,-22.219,24.417,0.092,0.779
133,0.689,0.734,0.995,0.748,0.806,0.411,0.689,0.734,0.995,0.182,-5.432,25.102,0.325,0.785
237,0.248,0.231,2.153,0.269,0.253,0.756,0.248,0.231,2.153,0.182,-25.937,-12.239,0.041,0.430
325,0.685,0.752,0.903,0.744,0.825,0.383,0.685,0.752,0.903,0.182,18.951,-36.428,0.662,0.199
99,0.124,0.672,2.056,0.135,0.738,0.727,0.124,0.672,2.056,0.179,-11.433,19.793,0.241,0.735
276,0.009,0.668,2.311,0.010,0.734,0.803,0.009,0.668,2.311,0.177,-16.961,-35.142,0.165,0.212
406,0.238,0.247,2.149,0.258,0.271,0.755,0.238,0.247,2.149,0.177,-12.095,32.489,0.232,0.855
459,0.235,0.682,1.797,0.255,0.749,0.650,0.235,0.682,1.797,0.176,0.993,-0.205,0.414,0.544
3,0.670,0.016,2.289,0.728,0.017,0.797,0.670,0.016,2.289,0.175,-25.750,43.081,0.043,0.956
24,0.863,0.706,0.348,0.937,0.775,0.217,0.863,0.706,0.348,0.174,38.882,-0.088,0.938,0.545
309,0.668,0.083,2.182,0.725,0.091,0.765,0.668,0.083,2.182,0.171,-23.872,42.838,0.069,0.954
473,0.231,0.861,0.886,0.251,0.945,0.378,0.231,0.861,0.886,0.171,-26.721,-19.898,0.030,0.357
203,0.266,0.812,0.970,0.289,0.891,0.403,0.266,0.812,0.970,0.169,-21.061,-24.761,0.108,0.311
261,0.669,0.118,2.091,0.726,0.130,0.738,0.669,0.118,2.091,0.168,13.784,-50.685,0.591,0.064
392,0.234,0.027,2.544,0.254,0.029,0.873,0.234,0.027,2.544,0.167,-18.438,44.996,0.144,0.974
511,0.674,0.770,0.870,0.732,0.845,0.373,0.674,0.770,0.870,0.164,-10.181,44.921,0.259,0.974
538,0.257,0.099,2.395,0.279,0.109,0.828,0.257,0.099,2.395,0.164,15.905,-43.993,0.620,0.127
48,0.259,0.108,2.375,0.281,0.118,0.822,0.259,0.108,2.375,0.161,37.584,3.309,0.921,0.578
350,0.251,0.669,1.890,0.272,0.734,0.678,0.251,0.669,1.890,0.161,19.918,-25.256,0.676,0.306
408,0.276,0.781,1.112,0.299,0.857,0.445,0.276,0.781,1.112,0.160,-0.746,7.789,0.390,0.620
11,0.274,0.159,2.264,0.298,0.174,0.789,0.274,0.159,2.264,0.159,-24.982,40.407,0.054,0.931
285,0.731,0.876,0.171,0.793,0.961,0.164,0.731,0.876,0.171,0.159,13.000,-1.734,0.580,0.530
517,0.708,0.697,1.131,0.768,0.765,0.451,0.708,0.697,1.131,0.158,-9.925,46.802,0.262,0.992
129,0.662,0.001,2.362,0.719,0.001,0.819,0.662,0.001,2.362,0.157,-9.368,42.840,0.270,0.954
523,0.077,0.666,2.207,0.084,0.731,0.772,0.077,0.666,2.207,0.156,18.127,-23.279,0.651,0.325
120,0.233,0.207,2.178,0.252,0.228,0.764,0.233,0.207,2.178,0.154,3.521,17.759,0.449,0.715
563,0.733,0.875,0.157,0.795,0.961,0.160,0.733,0.875,0.157,0.152,-5.286,19.838,0.327,0.735
81,0.785,0.253,1.085,0.852,0.277,0.437,0.785,0.253,1.085,0.150,18.555,-23.495,0.657,0.323
383,0.247,0.725,1.471,0.268,0.796,0.553,0.247,0.725,1.471,0.150,35.254,-19.003,0.888,0.365
279,0.741,0.254,1.353,0.805,0.279,0.517,0.741,0.254,1.353,0.149,15.281,-44.042,0.612,0.127
191,0.006,0.662,2.359,0.006,0.727,0.818,0.006,0.662,2.359,0.148,6.619,-5.242,0.492,0.496
528,0.195,0.665,1.961,0.212,0.730,0.699,0.195,0.665,1.961,0.147,17.741,-24.275,0.646,0.315
195,0.262,0.826,0.924,0.284,0.907,0.389,0.262,0.826,0.924,0.145,-24.033,-26.155,0.067,0.297
102,0.078,0.663,2.232,0.085,0.727,0.780,0.078,0.663,2.232,0.141,-17.142,20.281,0.162,0.739
118,0.283,0.179,2.231,0.307,0.196,0.780,0.283,0.179,2.231,0.141,-11.571,13.104,0.240,0.671
128,0.284,0.806,1.005,0.309,0.884,0.413,0.284,0.806,1.005,0.140,-5.442,25.668,0.324,0.791
177,0.015,0.662,2.354,0.016,0.726,0.816,0.015,0.662,2.354,0.140,20.716,-18.223,0.687,0.373
465,0.727,0.686,1.077,0.789,0.752,0.435,0.727,0.686,1.077,0.137,2.420,-1.153,0.433,0.535
364,0.758,0.248,1.242,0.823,0.272,0.484,0.758,0.248,1.242,0.135,8.473,15.824,0.517,0.697
548,0.659,0.842,0.707,0.716,0.924,0.324,0.659,0.842,0.707,0.133,8.074,16.733,0.512,0.705
584,0.821,0.874,-0.321,0.891,0.960,0.018,0.821,0.874,-0.321,0.133,14.376,-52.590,0.599,0.046
37,0.662,0.025,2.340,0.718,0.027,0.812,0.662,0.025,2.340,0.132,-23.632,31.495,0.072,0.846
157,0.667,0.772,0.912,0.724,0.848,0.386,0.667,0.772,0.912,0.132,1.454,-2.013,0.420,0.527
521,0.660,0.111,2.171,0.717,0.122,0.762,0.660,0.111,2.171,0.131,12.193,-0.387,0.569,0.543
87,0.249,0.212,2.168,0.270,0.233,0.761,0.249,0.212,2.168,0.130,-16.876,33.549,0.166,0.866
294,0.656,0.165,2.077,0.713,0.181,0.734,0.656,0.165,2.077,0.130,16.076,-45.545,0.623,0.113
368,0.790,0.242,1.058,0.858,0.265,0.429,0.790,0.242,1.058,0.130,39.343,-4.387,0.945,0.504
413,0.267,0.184,2.211,0.289,0.202,0.773,0.267,0.184,2.211,0.127,39.299,-18.167,0.944,0.373
493,0.707,0.255,1.604,0.768,0.279,0.592,0.707,0.255,1.604,0.127,4.676,-0.115,0.465,0.545
558,0.677,0.717,1.213,0.735,0.787,0.476,0.677,0.717,1.213,0.127,16.482,-42.239,0.628,0.144
170,0.750,0.249,1.294,0.814,0.273,0.500,0.750,0.249,1.294,0.122,-27.673,-14.399,0.016,0.409
353,0.208,0.658,1.994,0.226,0.722,0.709,0.208,0.658,1.994,0.122,40.727,-3.530,0.964,0.513
492,0.880,0.670,0.628,0.955,0.736,0.301,0.880,0.670,0.628,0.121,11.191,3.800,0.555,0.582
219,0.181,0.657,2.039,0.196,0.722,0.722,0.181,0.657,2.039,0.120,17.787,-27.242,0.646,0.287
529,0.697,0.683,1.320,0.757,0.750,0.508,0.697,0.683,1.320,0.118,17.505,-38.973,0.642,0.175
323,0.656,0.196,2.027,0.712,0.215,0.719,0.656,0.196,2.027,0.115,40.078,-6.837,0.955,0.481
444,0.663,0.769,0.955,0.720,0.845,0.399,0.663,0.769,0.955,0.112,1.606,14.103,0.422,0.680
86,0.280,0.688,1.756,0.304,0.756,0.638,0.280,0.688,1.756,0.111,-19.856,21.717,0.125,0.753
200,0.093,0.267,2.412,0.101,0.292,0.834,0.093,0.267,2.412,0.111,14.721,-1.330,0.604,0.534
229,0.269,0.011,2.565,0.292,0.012,0.879,0.269,0.011,2.565,0.111,-19.107,-29.441,0.135,0.266
456,0.214,0.863,0.900,0.232,0.947,0.382,0.214,0.863,0.900,0.111,-28.400,-13.392,0.006,0.419
163,0.688,0.683,1.387,0.747,0.750,0.528,0.688,0.683,1.387,0.110,1.349,-2.414,0.419,0.523
251,0.870,0.708,0.332,0.945,0.777,0.213,0.870,0.708,0.332,0.108,-17.618,-30.910,0.156,0.252
58,0.879,0.036,1.274,0.954,0.040,0.494,0.879,0.036,1.274,0.107,-16.160,15.084,0.176,0.690
476,0.716,0.259,1.534,0.778,0.284,0.571,0.716,0.259,1.534,0.107,7.366,14.636,0.502,0.686
0,0.264,0.066,2.470,0.287,0.073,0.851,0.264,0.066,2.470,0.106,-23.337,30.990,0.077,0.841
551,0.842,0.267,0.895,0.914,0.293,0.381,0.842,0.267,0.895,0.106,-24.997,-22.354,0.054,0.333
131,0.775,0.660,0.948,0.841,0.724,0.397,0.775,0.660,0.948,0.103,-10.446,45.648,0.255,0.981
130,0.652,0.160,2.121,0.707,0.175,0.747,0.652,0.160,2.121,0.102,-6.053,14.557,0.316,0.685
22,0.113,0.654,2.214,0.122,0.717,0.775,0.113,0.654,2.214,0.101,40.698,-5.466,0.964,0.494
232,0.673,0.899,0.658,0.730,0.987,0.310,0.673,0.899,0.658,0.099,2.410,12.158,0.433,0.662
337,0.663,0.272,1.942,0.719,0.298,0.693,0.663,0.272,1.942,0.098,-23.742,44.011,0.071,0.965
427,0.675,0.676,1.536,0.733,0.742,0.572,0.675,0.676,1.536,0.098,35.191,-18.744,0.887,0.368
470,0.887,0.659,0.729,0.963,0.723,0.331,0.887,0.659,0.729,0.098,26.976,-15.138,0.774,0.402
51,0.653,0.027,2.395,0.709,0.029,0.829,0.653,0.027,2.395,0.097,-23.637,32.931,0.072,0.860
455,0.674,0.896,0.643,0.731,0.984,0.305,0.674,0.896,0.643,0.097,30.017,-14.862,0.816,0.405
359,0.756,0.263,1.254,0.821,0.289,0.488,0.756,0.263,1.254,0.095,30.812,-18.602,0.827,0.369
506,0.101,0.881,1.141,0.110,0.967,0.454,0.101,0.881,1.141,0.094,13.117,3.502,0.582,0.580
85,0.281,0.791,1.064,0.305,0.869,0.431,0.281,0.791,1.064,0.092,-24.373,37.464,0.062,0.903
121,0.184,0.651,2.077,0.200,0.715,0.733,0.184,0.651,2.077,0.092,-13.035,10.841,0.219,0.649
240,0.268,0.852,0.886,0.291,0.935,0.378,0.268,0.852,0.886,0.092,-8.257,-32.159,0.285,0.240
112,0.869,0.241,0.885,0.943,0.265,0.378,0.869,0.241,0.885,0.091,-13.872,9.195,0.208,0.634
349,0.297,0.765,1.229,0.322,0.839,0.480,0.297,0.765,1.229,0.091,16.334,-40.631,0.626,0.159
522,0.648,0.164,2.140,0.703,0.180,0.752,0.648,0.164,2.140,0.090,12.249,1.562,0.570,0.561
44,0.287,0.743,1.356,0.311,0.816,0.518,0.287,0.743,1.356,0.089,6.561,19.991,0.491,0.736
479,0.847,0.265,0.889,0.919,0.291,0.379,0.847,0.265,0.889,0.085,-28.863,-11.402,0.000,0.438
531,0.263,0.657,1.981,0.285,0.721,0.705,0.263,0.657,1.981,0.085,17.125,-34.660,0.637,0.216
100,0.007,0.648,2.458,0.007,0.711,0.847,0.007,0.648,2.458,0.084,7.743,12.456,0.507,0.665
13,0.865,0.704,0.358,0.939,0.773,0.220,0.865,0.704,0.358,0.083,-24.664,39.100,0.058,0.918
555,0.687,0.274,1.766,0.745,0.301,0.641,0.687,0.274,1.766,0.083,-25.547,-9.101,0.046,0.460
214,0.882,0.125,1.087,0.957,0.137,0.438,0.882,0.125,1.087,0.082,-23.975,-25.456,0.068,0.304
514,0.300,0.757,1.277,0.325,0.831,0.495,0.300,0.757,1.277,0.082,-9.834,45.656,0.264,0.981
150,0.273,0.048,2.511,0.296,0.052,0.863,0.273,0.048,2.511,0.081,-5.499,2.228,0.324,0.567
254,0.730,0.269,1.440,0.792,0.295,0.543,0.730,0.269,1.440,0.081,-5.191,18.911,0.328,0.726
527,0.649,0.222,2.047,0.704,0.243,0.725,0.649,0.222,2.047,0.081,17.168,-23.593,0.638,0.322
417,0.282,0.721,1.511,0.306,0.792,0.565,0.282,0.721,1.511,0.080,-1.401,8.519,0.380,0.627
431,0.647,0.851,0.780,0.703,0.934,0.346,0.647,0.851,0.780,0.080,-9.121,19.215,0.273,0.729
541,0.254,0.054,2.493,0.275,0.059,0.858,0.254,0.054,2.493,0.080,14.199,-2.247,0.597,0.525
542,0.862,0.266,0.883,0.936,0.291,0.377,0.862,0.266,0.883,0.079,-14.636,33.986,0.197,0.870
313,0.681,0.664,1.578,0.740,0.729,0.585,0.681,0.664,1.578,0.078,-23.312,33.907,0.077,0.869
416,0.698,0.667,1.432,0.758,0.732,0.541,0.698,0.667,1.432,0.078,26.481,-17.583,0.767,0.379
483,0.684,0.287,1.795,0.743,0.314,0.649,0.684,0.287,1.795,0.078,-22.355,-11.836,0.090,0.434
90,0.649,0.778,1.000,0.705,0.854,0.412,0.649,0.778,1.000,0.077,-18.573,45.722,0.143,0.981
498,0.898,0.668,0.692,0.975,0.733,0.320,0.898,0.668,0.692,0.077,20.069,-23.407,0.678,0.323
534,0.219,0.254,2.161,0.238,0.278,0.759,0.219,0.254,2.161,0.077,-5.753,17.929,0.320,0.717
31,0.037,0.264,2.526,0.040,0.289,0.868,0.037,0.264,2.526,0.075,-21.256,23.633,0.105,0.771
482,0.280,0.200,2.195,0.303,0.219,0.769,0.280,0.200,2.195,0.074,-6.143,-0.204,0.315,0.544
565,0.218,0.648,2.054,0.237,0.711,0.727,0.218,0.648,2.054,0.074,13.796,-52.802,0.591,0.044
162,0.240,0.864,0.883,0.261,0.949,0.377,0.240,0.864,0.883,0.071,2.973,-1.880,0.441,0.528
259,0.777,0.258,1.127,0.844,0.284,0.450,0.777,0.258,1.127,0.071,-16.832,-34.241,0.167,0.220
387,0.167,0.289,2.259,0.182,0.317,0.788,0.167,0.289,2.259,0.071,6.910,18.990,0.496,0.727
299,0.250,0.647,2.046,0.272,0.710,0.724,0.250,0.647,2.046,0.068,16.628,-39.882,0.630,0.167
317,0.803,0.646,0.905,0.872,0.709,0.384,0.803,0.646,0.905,0.068,18.650,-36.727,0.658,0.197
72,0.303,0.713,1.601,0.329,0.782,0.591,0.303,0.713,1.601,0.067,-20.547,21.437,0.115,0.750
250,0.097,0.276,2.409,0.105,0.303,0.833,0.097,0.276,2.409,0.067,2.601,11.658,0.436,0.657
452,0.276,0.660,1.963,0.300,0.724,0.700,0.276,0.660,1.963,0.067,-28.366,-12.784,0.007,0.425
67,0.312,0.696,1.737,0.338,0.764,0.632,0.312,0.696,1.737,0.066,-22.669,31.150,0.086,0.843
253,0.271,0.189,2.204,0.294,0.208,0.771,0.271,0.189,2.204,0.066,15.719,-47.072,0.618,0.098
604,0.088,0.645,2.334,0.096,0.708,0.810,0.088,0.645,2.334,0.064,-25.278,42.563,0.050,0.951
101,0.272,0.148,2.285,0.295,0.162,0.796,0.272,0.148,2.285,0.063,-16.925,13.678,0.165,0.676
257,0.645,0.024,2.453,0.701,0.027,0.846,0.645,0.024,2.453,0.062,-17.204,-33.854,0.162,0.224
488,0.763,0.652,1.075,0.828,0.716,0.434,0.763,0.652,1.075,0.062,-6.824,47.676,0.305,1.000
535,0.644,0.051,2.419,0.699,0.055,0.836,0.644,0.051,2.419,0.061,-13.464,41.994,0.213,0.946
196,0.788,0.265,1.073,0.855,0.290,0.434,0.788,0.265,1.073,0.060,-20.842,-25.741,0.111,0.301
586,0.732,0.262,1.423,0.794,0.288,0.538,0.732,0.262,1.423,0.060,-25.235,-8.424,0.050,0.466
27,0.284,0.704,1.644,0.308,0.772,0.604,0.284,0.704,1.644,0.059,-26.525,42.830,0.032,0.954
600,0.765,0.652,1.062,0.831,0.715,0.431,0.765,0.652,1.062,0.059,13.345,-54.867,0.585,0.024
18,0.119,0.643,2.277,0.129,0.705,0.793,0.119,0.643,2.277,0.056,-22.230,23.062,0.092,0.766
500,0.853,0.642,0.813,0.926,0.705,0.356,0.853,0.642,0.813,0.055,-24.625,44.537,0.059,0.970
590,0.247,0.644,2.069,0.268,0.706,0.731,0.247,0.644,2.069,0.054,14.115,-1.503,0.595,0.532
458,0.769,0.879,-0.078,0.835,0.965,0.090,0.769,0.879,-0.078,0.053,31.696,-16.897,0.839,0.385
39,0.644,0.268,2.067,0.700,0.293,0.731,0.644,0.268,2.067,0.052,-21.641,33.070,0.100,0.861
105,0.139,0.642,2.232,0.151,0.705,0.780,0.139,0.642,2.232,0.052,4.593,19.759,0.463,0.734
216,0.285,0.729,1.456,0.309,0.800,0.548,0.285,0.729,1.456,0.052,-5.577,13.649,0.323,0.676
475,0.261,0.093,2.410,0.283,0.102,0.833,0.261,0.093,2.410,0.050,-22.324,-10.233,0.091,0.449
29,0.657,0.889,0.745,0.713,0.976,0.336,0.657,0.889,0.745,0.047,-22.285,16.476,0.091,0.703
336,0.650,0.706,1.488,0.706,0.775,0.558,0.650,0.706,1.488,0.047,24.302,-18.539,0.737,0.370
52,0.640,0.128,2.272,0.695,0.140,0.792,0.640,0.128,2.272,0.043,-21.824,29.527,0.098,0.827
75,0.759,0.641,1.170,0.824,0.704,0.463,0.759,0.641,1.170,0.043,-21.079,16.359,0.108,0.702
142,0.772,0.645,1.068,0.838,0.708,0.432,0.772,0.645,1.068,0.043,-4.164,8.720,0.342,0.629
385,0.732,0.261,1.417,0.795,0.287,0.536,0.732,0.261,1.417,0.043,38.622,-18.429,0.935,0.371
15,0.691,0.298,1.760,0.750,0.327,0.639,0.691,0.298,1.760,0.041,-22.763,32.659,0.085,0.857
218,0.717,0.649,1.411,0.779,0.713,0.535,0.717,0.649,1.411,0.040,-4.374,18.174,0.339,0.719
248,0.187,0.640,2.149,0.203,0.702,0.755,0.187,0.640,2.149,0.040,-26.079,-19.548,0.039,0.360
583,0.645,0.727,1.365,0.700,0.798,0.521,0.645,0.727,1.365,0.040,-7.010,19.362,0.303,0.731
144,0.646,0.718,1.427,0.701,0.788,0.539,0.646,0.718,1.427,0.039,0.848,0.050,0.412,0.547
271,0.642,0.653,1.939,0.697,0.717,0.692,0.642,0.653,1.939,0.038,12.696,-54.877,0.576,0.024
166,0.183,0.273,2.216,0.198,0.299,0.775,0.183,0.273,2.216,0.036,1.636,-3.887,0.423,0.509
577,0.018,0.638,2.510,0.019,0.700,0.863,0.018,0.638,2.510,0.036,5.909,20.345,0.482,0.740
246,0.253,0.639,2.100,0.275,0.701,0.740,0.253,0.639,2.100,0.034,14.185,-48.895,0.596,0.081
53,0.641,0.877,0.831,0.696,0.962,0.362,0.641,0.877,0.831,0.033,-23.188,29.675,0.079,0.829
518,0.277,0.835,0.913,0.301,0.917,0.386,0.277,0.835,0.913,0.033,18.158,-33.036,0.651,0.232
71,0.637,0.687,1.723,0.691,0.754,0.628,0.637,0.687,1.723,0.031,-21.202,17.154,0.106,0.709
127,0.260,0.862,0.881,0.282,0.946,0.377,0.260,0.862,0.881,0.031,-8.460,47.373,0.283,0.997
357,0.890,0.795,-0.195,0.966,0.873,0.055,0.890,0.795,-0.195,0.031,19.122,-27.521,0.665,0.284
399,0.835,0.891,-0.322,0.906,0.978,0.017,0.835,0.891,-0.322,0.030,26.011,-17.067,0.760,0.384
153,0.263,0.861,0.882,0.285,0.945,0.377,0.263,0.861,0.882,0.029,-5.146,10.531,0.329,0.646
396,0.293,0.811,0.994,0.318,0.890,0.410,0.293,0.811,0.994,0.028,19.032,-22.272,0.664,0.334
552,0.641,0.646,1.993,0.696,0.709,0.709,0.641,0.646,1.993,0.028,-16.477,19.057,0.172,0.728
241,0.246,0.638,2.107,0.267,0.700,0.743,0.246,0.638,2.107,0.027,-26.273,-20.473,0.036,0.351
447,0.741,0.282,1.372,0.804,0.310,0.523,0.741,0.282,1.372,0.027,-0.859,16.865,0.388,0.707
269,0.270,0.144,2.293,0.293,0.158,0.798,0.270,0.144,2.293,0.024,-6.709,17.180,0.307,0.710
40,0.893,0.859,-0.341,0.970,0.943,0.011,0.893,0.859,-0.341,0.023,-22.235,21.936,0.092,0.755
275,0.638,0.716,1.491,0.693,0.786,0.558,0.638,0.716,1.491,0.023,12.467,-55.740,0.573,0.016
122,0.654,0.640,1.943,0.710,0.703,0.694,0.654,0.640,1.943,0.022,-6.988,21.238,0.303,0.748
213,0.635,0.830,0.894,0.689,0.911,0.380,0.635,0.830,0.894,0.022,18.260,-25.253,0.653,0.306
295,0.637,0.271,2.117,0.692,0.297,0.745,0.637,0.271,2.117,0.022,19.537,-32.498,0.670,0.237
49,0.635,0.089,2.394,0.690,0.098,0.828,0.635,0.089,2.394,0.021,39.760,-3.271,0.951,0.515
463,0.636,0.685,1.744,0.690,0.752,0.634,0.636,0.685,1.744,0.021,26.842,-14.869,0.772,0.405
173,0.886,0.201,0.944,0.962,0.220,0.395,0.886,0.201,0.944,0.020,-25.323,-17.882,0.049,0.376
316,0.275,0.212,2.176,0.298,0.232,0.763,0.275,0.212,2.176,0.020,37.551,-3.668,0.920,0.511
572,0.774,0.637,1.109,0.840,0.699,0.445,0.774,0.637,1.109,0.020,12.329,5.262,0.571,0.596
603,0.883,0.834,-0.339,0.959,0.915,0.012,0.883,0.834,-0.339,0.020,-25.912,44.140,0.041,0.966
180,0.676,0.632,1.836,0.734,0.693,0.662,0.676,0.632,1.836,0.017,18.551,-19.323,0.657,0.362
451,0.639,0.633,2.089,0.694,0.695,0.737,0.639,0.633,2.089,0.015,32.333,-16.788,0.848,0.386
9,0.796,0.635,1.010,0.864,0.697,0.415,0.796,0.635,1.010,0.014,39.526,0.408,0.947,0.550
34,0.634,0.719,1.498,0.688,0.790,0.561,0.634,0.719,1.498,0.014,-24.847,43.873,0.056,0.964
230,0.894,0.063,1.255,0.970,0.069,0.488,0.894,0.063,1.255,0.013,15.141,-48.464,0.610,0.085
270,0.898,0.789,-0.145,0.975,0.866,0.070,0.898,0.789,-0.145,0.013,-6.725,15.775,0.307,0.696
471,0.323,0.004,2.642,0.351,0.004,0.902,0.323,0.004,2.642,0.013,6.423,13.993,0.489,0.679
79,0.712,0.635,1.545,0.773,0.697,0.575,0.712,0.635,1.545,0.012,-12.841,32.870,0.222,0.859
155,0.632,0.096,2.397,0.686,0.105,0.829,0.632,0.096,2.397,0.010,-3.358,3.206,0.353,0.577
311,0.814,0.309,1.007,0.883,0.339,0.414,0.814,0.309,1.007,0.009,-23.308,35.123,0.077,0.881
331,0.792,0.911,-0.111,0.859,1.000,0.080,0.792,0.911,-0.111,0.009,39.805,-6.041,0.951,0.489
361,0.690,0.910,0.567,0.749,0.999,0.283,0.690,0.910,0.567,0.009,10.010,4.272,0.539,0.587
60,0.461,0.000,2.969,0.501,0.000,1.000,0.461,0.000,2.969,0.007,-17.322,14.368,0.160,0.683
175,0.631,0.782,1.103,0.685,0.859,0.443,0.631,0.782,1.103,0.005,2.492,-3.134,0.434,0.516
345,0.244,0.632,2.144,0.265,0.694,0.753,0.244,0.632,2.144,0.005,-19.691,45.287,0.127,0.977
115,0.002,0.608,2.708,0.002,0.668,0.922,0.002,0.608,2.708,0.004,-8.368,20.623,0.284,0.743
462,0.673,0.629,1.872,0.731,0.691,0.672,0.673,0.629,1.872,0.004,-27.106,-13.555,0.024,0.417
46,0.627,0.088,2.447,0.681,0.096,0.844,0.627,0.088,2.447,0.002,-18.727,24.337,0.140,0.778
156,0.226,0.631,2.158,0.246,0.693,0.758,0.226,0.631,2.158,0.002,8.214,13.734,0.514,0.677
272,0.542,0.002,2.955,0.589,0.002,0.996,0.542,0.002,2.955,0.002,-5.498,18.434,0.324,0.722
373,0.755,0.631,1.264,0.820,0.692,0.491,0.755,0.631,1.264,0.002,36.830,2.003,0.910,0.565
146,0.921,0.001,1.455,1.000,0.001,0.548,0.921,0.001,1.455,0.000,-5.928,15.743,0.318,0.696
278,0.076,0.698,1.969,0.083,0.767,0.701,0.076,0.698,1.969,0.000,-26.497,-21.501,0.033,0.342
333,0.274,0.813,0.969,0.297,0.892,0.403,0.274,0.813,0.969,0.000,37.462,-2.125,0.919,0.526
398,0.625,0.757,1.288,0.679,0.831,0.498,0.625,0.757,1.288,0.000,12.299,0.414,0.570,0.550
415,0.786,0.906,-0.099,0.853,0.995,0.084,0.786,0.906,-0.099,0.000,-14.082,9.200,0.205,0.634
436,0.819,0.316,1.001,0.890,0.347,0.412,0.819,0.316,1.001,0.000,4.632,13.351,0.464,0.673
439,0.871,0.133,1.053,0.945,0.146,0.428,0.871,0.133,1.053,0.000,3.793,2.021,0.452,0.565
502,0.891,0.115,1.130,0.967,0.126,0.451,0.891,0.115,1.130,0.000,19.521,-24.400,0.670,0.314
564,0.262,0.214,2.168,0.285,0.235,0.761,0.262,0.214,2.168,0.000,17.359,-22.985,0.640,0.327
585,0.003,0.352,2.708,0.003,0.387,0.922,0.003,0.352,2.708,0.000,-12.516,45.377,0.226,0.978
592,0.886,0.714,0.315,0.962,0.783,0.208,0.886,0.714,0.315,0.000,-24.120,-24.648,0.066,0.312
