# {'N': 3, 'y': [11, 12], 'f': [0, 2], 'M': 3, 'mu_': [10, 10], 'f_': [3, 5], 'n': 605, 'mu': [9, 9], 'y_': [13, 14], 'x': [6, 8]}
424,0.021,0.009,2.966,0.022,0.010,0.999,0.021,0.009,2.966,1.508,1.525,0.215,-51.114,0.558,0.031
375,0.002,0.801,1.432,0.002,0.879,0.541,0.002,0.801,1.432,1.414,1.612,-1.887,45.982,0.540,0.878
139,0.820,0.003,1.363,0.890,0.003,0.520,0.820,0.003,1.363,1.136,1.281,-50.519,4.408,0.127,0.515
54,0.818,0.809,-0.226,0.888,0.888,0.046,0.818,0.809,-0.226,1.048,1.244,26.229,29.748,0.779,0.737
47,0.803,0.804,-0.151,0.872,0.883,0.068,0.803,0.804,-0.151,0.955,1.171,25.148,28.090,0.770,0.722
158,0.805,0.795,-0.119,0.874,0.872,0.078,0.805,0.795,-0.119,0.917,1.152,24.531,27.523,0.765,0.717
198,0.799,0.005,1.438,0.868,0.005,0.543,0.799,0.005,1.438,0.880,1.020,-48.572,4.341,0.143,0.515
208,0.813,0.807,-0.200,0.883,0.886,0.054,0.813,0.807,-0.200,0.875,1.052,25.837,29.071,0.776,0.731
403,0.783,0.783,0.042,0.850,0.860,0.126,0.783,0.783,0.042,0.750,1.022,21.701,23.759,0.741,0.684
432,0.806,0.010,1.402,0.875,0.011,0.532,0.806,0.010,1.402,0.750,0.868,-49.480,4.263,0.136,0.514
575,0.811,0.784,-0.088,0.881,0.860,0.087,0.811,0.784,-0.088,0.750,0.945,23.749,27.077,0.758,0.713
63,0.787,0.775,0.065,0.854,0.851,0.133,0.787,0.775,0.065,0.745,1.034,21.256,23.423,0.737,0.681
550,0.817,0.837,-0.299,0.887,0.919,0.024,0.817,0.837,-0.299,0.742,0.829,27.140,30.793,0.787,0.746
263,0.768,0.805,0.022,0.834,0.883,0.120,0.768,0.805,0.022,0.731,0.958,22.039,24.419,0.744,0.690
326,0.015,0.825,1.336,0.016,0.906,0.512,0.015,0.825,1.336,0.707,0.795,-4.121,47.253,0.521,0.889
327,0.770,0.824,-0.050,0.836,0.904,0.098,0.770,0.824,-0.050,0.706,0.876,23.605,25.576,0.757,0.700
573,0.792,0.838,-0.200,0.860,0.919,0.054,0.792,0.838,-0.200,0.697,0.806,26.417,28.826,0.781,0.729
92,0.836,0.790,-0.189,0.908,0.867,0.057,0.836,0.790,-0.189,0.677,0.796,25.205,29.191,0.771,0.732
393,0.845,0.827,-0.338,0.917,0.908,0.013,0.845,0.827,-0.338,0.673,0.745,27.372,31.603,0.789,0.753
478,0.830,0.799,-0.218,0.901,0.878,0.048,0.830,0.799,-0.218,0.667,0.782,25.753,29.814,0.775,0.737
348,0.001,0.091,2.840,0.001,0.099,0.961,0.001,0.091,2.840,0.663,0.691,0.756,-49.077,0.563,0.049
176,0.006,0.761,1.644,0.006,0.835,0.604,0.006,0.761,1.644,0.657,0.792,1.756,43.929,0.571,0.860
405,0.827,0.779,-0.113,0.898,0.855,0.080,0.827,0.779,-0.113,0.654,0.799,24.006,27.845,0.761,0.720
343,0.012,0.811,1.381,0.013,0.891,0.526,0.012,0.811,1.381,0.652,0.743,-3.011,46.654,0.531,0.884
262,0.773,0.836,-0.098,0.839,0.918,0.084,0.773,0.836,-0.098,0.647,0.776,24.596,26.494,0.766,0.708
252,0.795,0.749,0.186,0.863,0.822,0.169,0.795,0.749,0.186,0.644,0.929,19.169,19.902,0.719,0.651
287,0.001,0.146,2.709,0.001,0.160,0.922,0.001,0.146,2.709,0.639,0.694,4.146,-45.079,0.592,0.083
274,0.766,0.760,0.275,0.831,0.834,0.196,0.766,0.760,0.275,0.635,0.995,17.204,18.862,0.703,0.642
242,0.000,0.857,1.307,0.000,0.941,0.504,0.000,0.857,1.307,0.629,0.668,-5.009,47.482,0.514,0.891
165,0.761,0.762,0.289,0.826,0.837,0.200,0.761,0.762,0.289,0.627,0.984,16.750,18.718,0.699,0.640
266,0.004,0.141,2.718,0.004,0.154,0.925,0.004,0.141,2.718,0.621,0.674,3.693,-45.243,0.588,0.082
559,0.141,0.003,2.720,0.152,0.003,0.926,0.141,0.003,2.720,0.615,0.667,5.998,-51.068,0.607,0.031
56,0.789,0.747,0.231,0.856,0.820,0.182,0.789,0.747,0.231,0.608,0.902,18.342,19.107,0.712,0.644
461,0.745,0.773,0.333,0.809,0.848,0.213,0.745,0.773,0.333,0.600,0.945,15.887,18.458,0.692,0.638
298,0.779,0.740,0.331,0.846,0.812,0.212,0.779,0.740,0.331,0.595,0.938,16.207,17.553,0.694,0.630
306,0.738,0.796,0.259,0.801,0.874,0.191,0.738,0.796,0.259,0.592,0.866,17.068,19.927,0.702,0.651
159,0.824,0.738,0.156,0.894,0.810,0.160,0.824,0.738,0.156,0.581,0.792,20.004,20.126,0.727,0.653
140,0.003,0.730,1.859,0.003,0.801,0.668,0.003,0.730,1.859,0.578,0.724,44.579,10.320,0.936,0.567
113,0.148,0.833,1.040,0.161,0.914,0.424,0.148,0.833,1.040,0.575,0.764,-9.801,53.966,0.473,0.948
400,0.170,0.810,1.058,0.185,0.890,0.429,0.170,0.810,1.058,0.570,0.808,-9.385,54.501,0.477,0.953
20,0.011,0.135,2.724,0.012,0.148,0.927,0.011,0.135,2.724,0.567,0.619,3.455,-45.652,0.586,0.078
226,0.196,0.821,0.980,0.212,0.901,0.406,0.196,0.821,0.980,0.566,0.822,-12.225,56.869,0.452,0.973
103,0.776,0.019,1.538,0.842,0.021,0.573,0.776,0.019,1.538,0.565,0.688,-45.868,4.336,0.166,0.515
172,0.128,0.829,1.096,0.138,0.910,0.441,0.128,0.829,1.096,0.563,0.730,-8.421,53.275,0.485,0.942
116,0.173,0.804,1.078,0.188,0.882,0.435,0.173,0.804,1.078,0.561,0.808,-8.858,54.347,0.481,0.951
73,0.133,0.128,2.492,0.144,0.141,0.857,0.133,0.128,2.492,0.558,0.779,15.537,-43.091,0.689,0.101
98,0.120,0.839,1.094,0.130,0.921,0.440,0.120,0.839,1.094,0.558,0.706,-8.512,52.893,0.484,0.939
381,0.742,0.748,0.511,0.805,0.821,0.266,0.742,0.748,0.511,0.557,1.004,12.723,11.938,0.665,0.581
304,0.838,0.166,0.993,0.909,0.182,0.410,0.838,0.166,0.993,0.556,0.764,-61.694,-2.106,0.032,0.459
460,0.759,0.818,0.035,0.824,0.897,0.124,0.759,0.818,0.035,0.556,0.719,21.631,24.325,0.740,0.689
562,0.012,0.122,2.752,0.013,0.134,0.935,0.012,0.122,2.752,0.553,0.600,2.801,-46.434,0.580,0.072
161,0.739,0.814,0.182,0.802,0.893,0.168,0.739,0.814,0.182,0.552,0.761,18.319,21.410,0.712,0.664
236,0.152,0.163,2.372,0.165,0.179,0.821,0.152,0.163,2.372,0.552,0.841,20.955,-40.192,0.735,0.126
332,0.812,0.182,1.031,0.881,0.199,0.421,0.812,0.182,1.031,0.551,0.808,-60.487,-2.833,0.042,0.452
342,0.826,0.181,0.991,0.897,0.198,0.409,0.826,0.181,0.991,0.550,0.786,-61.741,-2.736,0.031,0.453
578,0.169,0.154,2.356,0.183,0.169,0.817,0.169,0.154,2.356,0.550,0.848,22.178,-40.859,0.745,0.120
412,0.122,0.020,2.742,0.133,0.021,0.932,0.122,0.020,2.742,0.549,0.603,5.108,-50.806,0.600,0.033
154,0.147,0.134,2.448,0.159,0.146,0.844,0.147,0.134,2.448,0.547,0.783,17.077,-41.971,0.702,0.111
179,0.737,0.818,0.179,0.800,0.898,0.167,0.737,0.818,0.179,0.545,0.746,18.369,21.614,0.713,0.666
322,0.171,0.186,2.291,0.185,0.203,0.797,0.171,0.186,2.291,0.545,0.891,23.507,-38.826,0.756,0.138
351,0.743,0.817,0.146,0.806,0.897,0.157,0.743,0.817,0.146,0.545,0.737,19.029,22.042,0.718,0.669
540,0.110,0.127,2.549,0.119,0.140,0.874,0.110,0.127,2.549,0.545,0.721,13.064,-44.730,0.668,0.087
593,0.188,0.006,2.621,0.204,0.006,0.896,0.188,0.006,2.621,0.545,0.613,14.219,-51.351,0.677,0.029
312,0.137,0.155,2.421,0.149,0.170,0.836,0.137,0.155,2.421,0.544,0.792,17.800,-40.810,0.708,0.121
68,0.130,0.168,2.412,0.141,0.184,0.833,0.130,0.168,2.412,0.543,0.784,18.019,-40.038,0.710,0.127
221,0.817,0.170,1.036,0.887,0.187,0.423,0.817,0.170,1.036,0.543,0.776,-60.278,-2.341,0.044,0.457
164,0.825,0.130,1.102,0.895,0.142,0.442,0.825,0.130,1.102,0.542,0.719,-57.767,-1.119,0.065,0.467
365,0.841,0.129,1.071,0.913,0.141,0.433,0.841,0.129,1.071,0.540,0.700,-58.694,-1.046,0.057,0.468
183,0.127,0.104,2.564,0.138,0.114,0.879,0.127,0.104,2.564,0.539,0.705,13.105,-46.123,0.668,0.074
318,0.797,0.167,1.121,0.865,0.183,0.448,0.797,0.167,1.121,0.539,0.790,-57.436,-2.596,0.068,0.454
297,0.833,0.185,0.965,0.905,0.203,0.402,0.833,0.185,0.965,0.538,0.767,-62.601,-2.843,0.024,0.452
89,0.852,0.813,-0.301,0.925,0.892,0.024,0.852,0.813,-0.301,0.537,0.596,26.578,31.254,0.782,0.750
168,0.089,0.009,2.835,0.097,0.009,0.960,0.089,0.009,2.835,0.533,0.561,2.334,-51.290,0.576,0.029
224,0.183,0.797,1.090,0.199,0.874,0.439,0.183,0.797,1.090,0.533,0.790,-8.541,54.614,0.484,0.954
220,0.800,0.131,1.182,0.869,0.144,0.466,0.800,0.131,1.182,0.532,0.734,-54.778,-0.299,0.091,0.474
265,0.790,0.739,0.284,0.857,0.811,0.198,0.790,0.739,0.284,0.529,0.803,17.343,18.056,0.704,0.635
382,0.117,0.172,2.434,0.127,0.189,0.840,0.117,0.172,2.434,0.529,0.742,17.123,-40.050,0.702,0.127
437,0.205,0.828,0.950,0.222,0.908,0.397,0.205,0.828,0.950,0.529,0.772,-12.751,57.479,0.448,0.979
384,0.118,0.162,2.453,0.128,0.177,0.846,0.118,0.162,2.453,0.528,0.735,16.556,-40.797,0.697,0.121
495,0.189,0.138,2.353,0.206,0.152,0.816,0.189,0.138,2.353,0.528,0.796,22.997,-41.678,0.752,0.113
69,0.115,0.170,2.444,0.125,0.186,0.843,0.115,0.170,2.444,0.527,0.734,16.644,-40.239,0.698,0.126
239,0.175,0.786,1.157,0.190,0.862,0.459,0.175,0.786,1.157,0.527,0.784,-6.227,52.932,0.503,0.939
169,0.156,0.110,2.483,0.169,0.121,0.855,0.156,0.110,2.483,0.526,0.717,16.293,-43.174,0.695,0.100
25,0.099,0.126,2.577,0.108,0.138,0.883,0.099,0.126,2.577,0.525,0.678,12.322,-44.937,0.661,0.085
453,0.135,0.106,2.540,0.147,0.116,0.872,0.135,0.106,2.540,0.522,0.691,13.591,-45.569,0.672,0.079
474,0.112,0.186,2.421,0.122,0.204,0.836,0.112,0.186,2.421,0.521,0.730,17.312,-39.271,0.704,0.134
55,0.092,0.842,1.157,0.099,0.925,0.459,0.092,0.842,1.157,0.520,0.629,-7.456,51.473,0.493,0.926
435,0.151,0.785,1.210,0.164,0.861,0.475,0.151,0.785,1.210,0.519,0.744,-5.192,51.774,0.512,0.929
141,0.728,0.028,1.836,0.791,0.031,0.662,0.728,0.028,1.836,0.515,0.678,-36.577,6.681,0.245,0.535
543,0.200,0.118,2.386,0.217,0.129,0.826,0.200,0.118,2.386,0.515,0.738,22.716,-43.324,0.750,0.099
235,0.104,0.187,2.440,0.112,0.205,0.842,0.104,0.187,2.440,0.513,0.702,16.460,-39.404,0.696,0.133
264,0.143,0.194,2.336,0.155,0.213,0.811,0.143,0.194,2.336,0.510,0.778,20.930,-38.516,0.734,0.141
433,0.088,0.845,1.163,0.095,0.927,0.461,0.088,0.845,1.163,0.510,0.613,-7.349,51.114,0.494,0.923
442,0.116,0.798,1.230,0.126,0.876,0.481,0.116,0.798,1.230,0.508,0.677,-5.059,50.757,0.513,0.920
14,0.085,0.013,2.841,0.092,0.013,0.962,0.085,0.013,2.841,0.507,0.534,1.970,-51.141,0.573,0.031
516,0.079,0.807,1.279,0.086,0.885,0.495,0.079,0.807,1.279,0.507,0.634,-4.462,49.246,0.519,0.907
571,0.104,0.150,2.511,0.113,0.165,0.863,0.104,0.150,2.511,0.504,0.672,13.743,-43.392,0.673,0.098
545,0.094,0.192,2.455,0.102,0.210,0.846,0.094,0.192,2.455,0.503,0.676,15.727,-39.312,0.690,0.134
576,0.771,0.737,0.401,0.837,0.808,0.233,0.771,0.737,0.401,0.503,0.833,14.644,14.249,0.681,0.601
1,0.832,0.088,1.185,0.903,0.096,0.467,0.832,0.088,1.185,0.500,0.620,-55.051,0.671,0.088,0.483
147,0.186,0.010,2.620,0.202,0.010,0.896,0.186,0.010,2.620,0.500,0.564,14.087,-51.142,0.676,0.031
187,0.098,0.144,2.539,0.107,0.157,0.872,0.098,0.144,2.539,0.500,0.654,12.940,-43.927,0.666,0.094
249,0.198,0.105,2.419,0.215,0.115,0.836,0.198,0.105,2.419,0.500,0.693,21.975,-44.653,0.743,0.087
300,0.784,0.136,1.248,0.851,0.149,0.486,0.784,0.136,1.248,0.500,0.712,-51.764,-0.258,0.116,0.475
321,0.108,0.030,2.761,0.117,0.033,0.938,0.108,0.030,2.761,0.500,0.552,4.347,-50.760,0.593,0.034
377,0.020,0.130,2.723,0.022,0.143,0.926,0.020,0.130,2.723,0.500,0.553,4.044,-46.004,0.591,0.075
449,0.153,0.132,2.439,0.165,0.145,0.842,0.153,0.132,2.439,0.500,0.717,17.559,-41.958,0.706,0.111
536,0.017,0.071,2.865,0.018,0.078,0.969,0.017,0.071,2.865,0.500,0.526,0.705,-49.859,0.562,0.042
469,0.805,0.726,0.310,0.874,0.796,0.206,0.805,0.726,0.310,0.494,0.740,16.999,17.332,0.701,0.628
315,0.123,0.073,2.645,0.133,0.080,0.903,0.123,0.073,2.645,0.492,0.597,8.200,-48.694,0.626,0.052
341,0.070,0.121,2.656,0.076,0.132,0.906,0.070,0.121,2.656,0.492,0.593,6.655,-45.611,0.613,0.079
243,0.201,0.132,2.352,0.218,0.145,0.816,0.201,0.132,2.352,0.491,0.731,23.384,-42.108,0.755,0.109
256,0.795,0.109,1.260,0.863,0.119,0.490,0.795,0.109,1.260,0.491,0.660,-52.104,0.710,0.113,0.483
284,0.839,0.075,1.199,0.911,0.082,0.471,0.839,0.075,1.199,0.490,0.591,-54.565,1.167,0.092,0.487
217,0.126,0.784,1.272,0.137,0.861,0.493,0.126,0.784,1.272,0.489,0.675,-3.773,50.258,0.524,0.916
443,0.077,0.846,1.186,0.083,0.929,0.468,0.077,0.846,1.186,0.489,0.578,-6.923,50.457,0.498,0.917
125,0.170,0.064,2.560,0.184,0.070,0.878,0.170,0.064,2.560,0.485,0.600,14.548,-48.643,0.680,0.052
509,0.094,0.092,2.670,0.102,0.101,0.911,0.094,0.092,2.670,0.485,0.599,6.802,-47.045,0.614,0.066
481,0.138,0.085,2.581,0.150,0.094,0.884,0.138,0.085,2.581,0.484,0.612,13.271,-47.639,0.669,0.061
30,0.122,0.195,2.385,0.132,0.213,0.826,0.122,0.195,2.385,0.483,0.696,18.594,-38.606,0.715,0.140
430,0.160,0.061,2.585,0.173,0.067,0.885,0.160,0.061,2.585,0.482,0.590,13.709,-48.984,0.673,0.049
290,0.207,0.147,2.309,0.224,0.161,0.803,0.207,0.147,2.309,0.481,0.750,24.468,-41.040,0.765,0.119
602,0.209,0.097,2.425,0.227,0.106,0.837,0.209,0.097,2.425,0.480,0.656,22.048,-45.292,0.744,0.082
152,0.073,0.107,2.684,0.079,0.117,0.915,0.073,0.107,2.684,0.479,0.573,6.119,-46.340,0.608,0.072
466,0.005,0.162,2.671,0.006,0.178,0.911,0.005,0.162,2.671,0.478,0.528,5.009,-44.328,0.599,0.090
568,0.171,0.035,2.611,0.186,0.038,0.893,0.171,0.035,2.611,0.478,0.559,13.737,-50.387,0.673,0.037
472,0.784,0.123,1.281,0.851,0.135,0.496,0.784,0.123,1.281,0.477,0.667,-51.369,0.418,0.120,0.481
145,0.042,0.765,1.564,0.045,0.840,0.580,0.042,0.765,1.564,0.476,0.598,1.092,44.687,0.566,0.867
149,0.166,0.053,2.590,0.180,0.057,0.887,0.166,0.053,2.590,0.476,0.573,13.865,-49.531,0.674,0.045
394,0.175,0.048,2.582,0.190,0.053,0.884,0.175,0.048,2.582,0.474,0.570,14.508,-49.605,0.680,0.044
194,0.721,0.825,0.277,0.783,0.905,0.196,0.721,0.825,0.277,0.472,0.666,16.490,20.226,0.697,0.653
450,0.783,0.024,1.489,0.851,0.026,0.558,0.783,0.024,1.489,0.472,0.572,-46.890,4.257,0.158,0.514
110,0.065,0.083,2.755,0.071,0.091,0.936,0.065,0.083,2.755,0.471,0.545,3.358,-48.416,0.585,0.054
292,0.099,0.030,2.783,0.107,0.033,0.944,0.099,0.030,2.783,0.471,0.517,3.591,-50.859,0.587,0.033
50,0.025,0.078,2.838,0.027,0.086,0.961,0.025,0.078,2.838,0.469,0.502,1.219,-49.487,0.567,0.045
126,0.161,0.041,2.621,0.175,0.044,0.896,0.161,0.041,2.621,0.469,0.550,13.035,-50.271,0.667,0.038
477,0.155,0.062,2.595,0.168,0.068,0.888,0.155,0.062,2.595,0.469,0.572,13.166,-49.115,0.668,0.048
329,0.832,0.018,1.315,0.904,0.019,0.506,0.832,0.018,1.315,0.467,0.527,-51.489,3.619,0.119,0.509
423,0.207,0.109,2.398,0.225,0.120,0.829,0.207,0.109,2.398,0.467,0.658,22.624,-44.086,0.749,0.092
109,0.062,0.199,2.515,0.067,0.218,0.864,0.062,0.199,2.515,0.465,0.584,11.918,-40.477,0.658,0.124
160,0.057,0.188,2.541,0.062,0.206,0.872,0.057,0.188,2.541,0.464,0.573,11.173,-41.245,0.651,0.117
335,0.042,0.112,2.732,0.046,0.123,0.929,0.042,0.112,2.732,0.464,0.525,3.740,-46.924,0.588,0.067
553,0.768,0.732,0.455,0.833,0.803,0.249,0.768,0.732,0.455,0.463,0.793,13.585,13.261,0.672,0.593
363,0.063,0.849,1.213,0.068,0.932,0.476,0.063,0.849,1.213,0.462,0.534,-6.481,49.779,0.501,0.911
225,0.135,0.772,1.318,0.146,0.847,0.507,0.135,0.772,1.318,0.458,0.654,-2.625,49.795,0.534,0.912
404,0.039,0.843,1.264,0.043,0.925,0.491,0.039,0.843,1.264,0.457,0.518,-5.470,48.661,0.510,0.902
64,0.829,0.056,1.258,0.900,0.061,0.489,0.829,0.056,1.258,0.456,0.543,-52.713,2.300,0.108,0.497
186,0.055,0.824,1.272,0.060,0.905,0.493,0.055,0.824,1.272,0.455,0.538,-4.969,48.796,0.514,0.903
204,0.152,0.021,2.672,0.165,0.023,0.911,0.152,0.021,2.672,0.455,0.512,7.517,-50.530,0.620,0.036
544,0.779,0.725,0.436,0.845,0.796,0.244,0.779,0.725,0.436,0.455,0.757,13.923,13.754,0.675,0.597
356,0.071,0.038,2.834,0.077,0.041,0.960,0.071,0.038,2.834,0.453,0.493,1.950,-50.457,0.573,0.037
454,0.062,0.165,2.573,0.067,0.181,0.882,0.062,0.165,2.573,0.453,0.556,10.412,-42.324,0.645,0.108
595,0.824,0.067,1.247,0.895,0.073,0.486,0.824,0.067,1.247,0.453,0.552,-53.036,1.789,0.105,0.493
428,0.212,0.085,2.450,0.230,0.093,0.845,0.212,0.085,2.450,0.451,0.600,21.538,-46.508,0.740,0.071
23,0.848,0.084,1.167,0.921,0.092,0.462,0.848,0.084,1.167,0.450,0.543,-55.768,0.582,0.082,0.482
567,0.049,0.809,1.332,0.053,0.888,0.511,0.049,0.809,1.332,0.450,0.539,-3.741,47.843,0.525,0.895
557,0.134,0.770,1.331,0.145,0.845,0.511,0.134,0.770,1.331,0.448,0.639,-2.325,49.538,0.537,0.909
487,0.054,0.134,2.657,0.059,0.147,0.907,0.054,0.134,2.657,0.447,0.527,6.220,-45.059,0.609,0.084
171,0.809,0.068,1.292,0.879,0.075,0.499,0.809,0.068,1.292,0.444,0.553,-51.736,2.261,0.117,0.497
371,0.045,0.172,2.594,0.048,0.188,0.888,0.045,0.172,2.594,0.442,0.527,9.446,-42.269,0.637,0.108
570,0.017,0.198,2.593,0.019,0.217,0.888,0.017,0.198,2.593,0.442,0.509,9.528,-41.231,0.637,0.117
199,0.121,0.042,2.711,0.131,0.046,0.923,0.121,0.042,2.711,0.440,0.502,6.005,-50.149,0.608,0.039
421,0.823,0.715,0.327,0.894,0.785,0.211,0.823,0.715,0.327,0.440,0.644,16.598,16.671,0.698,0.622
441,0.055,0.137,2.650,0.059,0.150,0.905,0.055,0.137,2.650,0.436,0.516,6.476,-44.810,0.612,0.086
197,0.773,0.722,0.494,0.839,0.793,0.261,0.773,0.722,0.494,0.434,0.751,12.739,12.772,0.665,0.588
233,0.058,0.142,2.632,0.062,0.156,0.899,0.058,0.142,2.632,0.433,0.518,7.130,-44.539,0.617,0.088
2,0.753,0.838,0.022,0.818,0.920,0.120,0.753,0.838,0.022,0.432,0.541,22.441,24.397,0.747,0.690
273,0.725,0.780,0.429,0.787,0.857,0.241,0.725,0.780,0.429,0.431,0.699,14.390,12.668,0.679,0.588
41,0.750,0.731,0.571,0.814,0.802,0.284,0.750,0.731,0.571,0.430,0.811,11.512,11.345,0.654,0.576
33,0.123,0.052,2.690,0.133,0.056,0.917,0.123,0.052,2.690,0.429,0.498,6.700,-49.844,0.613,0.042
308,0.781,0.717,0.485,0.848,0.787,0.258,0.781,0.717,0.485,0.426,0.723,12.848,13.193,0.666,0.592
78,0.839,0.210,0.921,0.911,0.230,0.388,0.839,0.210,0.921,0.424,0.623,-63.872,-3.308,0.013,0.448
512,0.086,0.041,2.795,0.093,0.045,0.948,0.086,0.041,2.795,0.424,0.470,3.046,-50.225,0.582,0.039
580,0.049,0.098,2.755,0.052,0.107,0.936,0.049,0.098,2.755,0.424,0.479,3.021,-47.639,0.582,0.061
119,0.780,0.100,1.357,0.846,0.110,0.519,0.780,0.100,1.357,0.421,0.571,-49.946,2.458,0.132,0.498
227,0.098,0.047,2.757,0.106,0.052,0.937,0.098,0.047,2.757,0.421,0.476,4.219,-50.097,0.592,0.040
355,0.820,0.215,0.958,0.890,0.236,0.400,0.820,0.215,0.958,0.421,0.644,-62.881,-3.623,0.022,0.445
445,0.053,0.087,2.769,0.058,0.096,0.940,0.053,0.087,2.769,0.421,0.477,2.771,-48.289,0.580,0.055
554,0.124,0.036,2.715,0.134,0.039,0.924,0.124,0.036,2.715,0.421,0.476,5.881,-50.403,0.606,0.037
339,0.191,0.211,2.220,0.207,0.231,0.776,0.191,0.211,2.220,0.420,0.738,27.767,-35.863,0.793,0.164
513,0.861,0.745,0.057,0.935,0.818,0.131,0.861,0.745,0.057,0.420,0.523,21.642,22.484,0.740,0.673
143,0.087,0.037,2.799,0.095,0.040,0.949,0.087,0.037,2.799,0.419,0.461,2.945,-50.589,0.581,0.035
281,0.210,0.850,0.908,0.228,0.933,0.384,0.210,0.850,0.908,0.419,0.595,-13.645,58.169,0.440,0.985
301,0.041,0.084,2.801,0.044,0.092,0.950,0.041,0.084,2.801,0.419,0.462,2.071,-48.908,0.574,0.050
420,0.854,0.758,-0.023,0.927,0.832,0.106,0.854,0.758,-0.023,0.418,0.509,22.391,26.420,0.747,0.708
255,0.043,0.205,2.543,0.047,0.225,0.873,0.043,0.205,2.543,0.417,0.504,10.886,-40.713,0.649,0.122
320,0.185,0.775,1.196,0.200,0.851,0.470,0.185,0.775,1.196,0.417,0.640,-5.308,52.456,0.511,0.935
395,0.745,0.730,0.609,0.809,0.802,0.295,0.745,0.730,0.609,0.417,0.811,10.845,10.619,0.649,0.570
370,0.713,0.823,0.341,0.774,0.903,0.215,0.713,0.823,0.341,0.416,0.604,15.554,19.339,0.689,0.646
468,0.079,0.758,1.533,0.085,0.832,0.571,0.079,0.758,1.533,0.416,0.557,0.928,45.432,0.564,0.873
215,0.216,0.189,2.217,0.234,0.207,0.775,0.216,0.189,2.217,0.415,0.731,28.280,-36.769,0.797,0.156
376,0.801,0.054,1.356,0.869,0.059,0.518,0.801,0.054,1.356,0.411,0.507,-50.298,3.237,0.129,0.505
12,0.216,0.061,2.497,0.235,0.066,0.859,0.216,0.061,2.497,0.407,0.513,19.436,-48.754,0.722,0.051
207,0.100,0.210,2.417,0.108,0.231,0.835,0.100,0.210,2.417,0.407,0.560,16.955,-38.331,0.701,0.142
457,0.044,0.153,2.634,0.048,0.167,0.900,0.044,0.153,2.634,0.407,0.478,6.770,-44.049,0.614,0.092
485,0.754,0.050,1.621,0.818,0.055,0.598,0.754,0.050,1.621,0.407,0.533,-44.300,4.410,0.180,0.515
19,0.727,0.080,1.743,0.790,0.088,0.634,0.727,0.080,1.743,0.406,0.578,-38.245,5.726,0.231,0.527
222,0.038,0.782,1.476,0.041,0.858,0.554,0.038,0.782,1.476,0.404,0.494,-0.487,45.529,0.552,0.874
136,0.726,0.760,0.546,0.788,0.834,0.277,0.726,0.760,0.546,0.402,0.722,12.286,11.035,0.661,0.573
178,0.205,0.799,1.048,0.223,0.877,0.426,0.205,0.799,1.048,0.400,0.612,-9.584,55.348,0.475,0.960
181,0.118,0.848,1.089,0.127,0.931,0.439,0.118,0.848,1.089,0.400,0.498,-9.060,52.755,0.479,0.937
223,0.778,0.203,1.153,0.845,0.223,0.458,0.778,0.203,1.153,0.400,0.643,-57.047,-3.648,0.071,0.445
397,0.030,0.119,2.734,0.033,0.131,0.930,0.030,0.119,2.734,0.400,0.446,3.469,-46.491,0.586,0.071
581,0.846,0.018,1.293,0.918,0.020,0.500,0.846,0.018,1.293,0.400,0.445,-52.108,3.376,0.113,0.506
598,0.067,0.792,1.367,0.072,0.870,0.522,0.067,0.792,1.367,0.400,0.501,-2.608,47.473,0.534,0.891
107,0.752,0.721,0.633,0.817,0.791,0.302,0.752,0.721,0.633,0.394,0.765,10.288,10.564,0.644,0.569
21,0.791,0.221,1.068,0.858,0.242,0.432,0.791,0.221,1.068,0.390,0.633,-59.206,-4.006,0.053,0.442
296,0.764,0.171,1.284,0.830,0.188,0.497,0.764,0.171,1.284,0.389,0.606,-50.323,-0.811,0.129,0.470
192,0.032,0.033,2.914,0.035,0.036,0.984,0.032,0.033,2.914,0.385,0.405,0.570,-50.765,0.561,0.034
390,0.215,0.049,2.521,0.234,0.054,0.866,0.215,0.049,2.521,0.385,0.474,18.701,-49.558,0.715,0.044
32,0.763,0.040,1.579,0.829,0.043,0.585,0.763,0.040,1.579,0.382,0.486,-45.020,4.334,0.174,0.515
319,0.174,0.759,1.313,0.188,0.833,0.505,0.174,0.759,1.313,0.381,0.591,-1.905,50.286,0.540,0.916
10,0.715,0.101,1.788,0.776,0.111,0.647,0.715,0.101,1.788,0.375,0.564,-37.415,5.718,0.238,0.527
88,0.203,0.021,2.581,0.220,0.022,0.884,0.203,0.021,2.581,0.375,0.435,15.610,-50.570,0.689,0.036
556,0.031,0.741,1.739,0.033,0.814,0.633,0.031,0.741,1.739,0.375,0.480,43.724,12.003,0.928,0.582
594,0.804,0.039,1.370,0.873,0.043,0.522,0.804,0.039,1.370,0.375,0.452,-50.036,3.746,0.131,0.510
560,0.769,0.174,1.250,0.835,0.191,0.487,0.769,0.174,1.250,0.372,0.578,-50.986,-1.203,0.123,0.466
83,0.125,0.753,1.461,0.136,0.826,0.550,0.125,0.753,1.461,0.371,0.537,0.531,46.895,0.561,0.886
347,0.217,0.038,2.539,0.236,0.041,0.871,0.217,0.038,2.539,0.371,0.448,17.792,-49.875,0.708,0.042
507,0.033,0.086,2.807,0.036,0.095,0.952,0.033,0.086,2.807,0.371,0.405,1.682,-48.773,0.571,0.051
601,0.863,0.149,1.013,0.937,0.163,0.416,0.863,0.149,1.013,0.370,0.477,-60.912,-1.376,0.038,0.465
82,0.072,0.224,2.467,0.078,0.245,0.850,0.072,0.224,2.467,0.368,0.477,14.463,-38.559,0.679,0.140
28,0.221,0.124,2.348,0.240,0.136,0.815,0.221,0.124,2.348,0.367,0.540,24.005,-42.422,0.761,0.107
205,0.752,0.141,1.428,0.816,0.155,0.540,0.752,0.141,1.428,0.367,0.555,-45.930,1.409,0.166,0.489
510,0.807,0.209,1.009,0.876,0.229,0.415,0.807,0.209,1.009,0.367,0.567,-61.077,-3.567,0.037,0.446
380,0.033,0.220,2.544,0.035,0.242,0.873,0.033,0.220,2.544,0.366,0.437,10.720,-40.199,0.648,0.126
422,0.841,0.712,0.317,0.913,0.781,0.208,0.841,0.712,0.317,0.366,0.519,17.315,16.603,0.704,0.622
429,0.060,0.777,1.459,0.065,0.853,0.549,0.060,0.777,1.459,0.366,0.465,-0.575,46.052,0.552,0.879
124,0.038,0.853,1.257,0.041,0.936,0.489,0.038,0.853,1.257,0.364,0.406,-5.959,48.549,0.506,0.901
267,0.200,0.014,2.594,0.217,0.015,0.888,0.200,0.014,2.594,0.364,0.417,15.099,-51.006,0.685,0.032
344,0.154,0.748,1.426,0.167,0.821,0.539,0.154,0.748,1.426,0.364,0.556,0.349,48.107,0.559,0.897
305,0.142,0.750,1.437,0.154,0.824,0.543,0.142,0.750,1.437,0.357,0.533,0.369,47.595,0.560,0.892
340,0.027,0.145,2.679,0.029,0.159,0.913,0.027,0.145,2.679,0.357,0.404,5.188,-45.040,0.601,0.084
434,0.092,0.768,1.441,0.100,0.843,0.544,0.092,0.768,1.441,0.356,0.480,-0.331,46.750,0.554,0.885
388,0.843,0.705,0.360,0.915,0.774,0.221,0.843,0.705,0.360,0.355,0.511,16.072,15.888,0.693,0.616
501,0.028,0.858,1.272,0.030,0.942,0.493,0.028,0.858,1.272,0.355,0.389,-5.634,48.015,0.509,0.896
42,0.173,0.733,1.495,0.188,0.804,0.560,0.173,0.733,1.495,0.353,0.573,1.785,47.468,0.572,0.891
65,0.081,0.777,1.418,0.087,0.853,0.537,0.081,0.777,1.418,0.353,0.461,-1.064,46.891,0.547,0.886
524,0.766,0.847,-0.073,0.832,0.930,0.092,0.766,0.847,-0.073,0.350,0.418,24.264,25.838,0.763,0.702
111,0.855,0.718,0.254,0.928,0.788,0.189,0.855,0.718,0.254,0.349,0.473,18.541,17.511,0.714,0.630
94,0.143,0.745,1.471,0.156,0.818,0.553,0.143,0.745,1.471,0.348,0.525,1.071,47.145,0.566,0.888
303,0.706,0.808,0.442,0.767,0.887,0.245,0.706,0.808,0.442,0.347,0.540,14.274,11.978,0.678,0.581
374,0.220,0.208,2.187,0.239,0.228,0.766,0.220,0.208,2.187,0.346,0.643,28.965,-36.154,0.803,0.161
66,0.708,0.157,1.707,0.769,0.172,0.623,0.708,0.157,1.707,0.345,0.578,-39.192,4.211,0.223,0.514
137,0.190,0.871,0.937,0.206,0.956,0.393,0.190,0.871,0.937,0.345,0.461,-13.764,57.407,0.439,0.978
4,0.815,0.032,1.341,0.885,0.035,0.514,0.815,0.032,1.341,0.344,0.404,-50.840,3.655,0.124,0.509
334,0.756,0.106,1.488,0.820,0.116,0.558,0.756,0.106,1.488,0.344,0.489,-45.537,2.708,0.169,0.501
467,0.709,0.113,1.802,0.770,0.124,0.651,0.709,0.113,1.802,0.344,0.533,-36.974,5.520,0.242,0.525
282,0.096,0.744,1.588,0.104,0.817,0.588,0.096,0.744,1.588,0.343,0.481,1.838,45.024,0.572,0.870
286,0.704,0.060,1.959,0.765,0.065,0.698,0.704,0.060,1.959,0.342,0.489,-33.902,6.839,0.268,0.537
57,0.040,0.703,2.004,0.044,0.772,0.712,0.040,0.703,2.004,0.341,0.469,46.749,8.118,0.954,0.548
185,0.751,0.202,1.320,0.815,0.221,0.508,0.751,0.202,1.320,0.341,0.574,-48.838,-1.214,0.141,0.466
324,0.714,0.767,0.593,0.775,0.842,0.290,0.714,0.767,0.593,0.341,0.618,11.551,10.084,0.655,0.565
419,0.087,0.231,2.429,0.094,0.254,0.839,0.087,0.231,2.429,0.341,0.458,16.038,-37.895,0.693,0.146
499,0.860,0.181,0.947,0.934,0.198,0.396,0.860,0.181,0.947,0.341,0.464,-63.342,-2.461,0.018,0.455
268,0.116,0.229,2.363,0.125,0.251,0.819,0.116,0.229,2.363,0.340,0.490,19.014,-37.460,0.718,0.150
26,0.834,0.226,0.915,0.905,0.248,0.387,0.834,0.226,0.915,0.333,0.507,-64.062,-3.835,0.012,0.443
74,0.159,0.067,2.576,0.173,0.073,0.883,0.159,0.067,2.576,0.333,0.412,13.825,-48.490,0.674,0.054
76,0.168,0.742,1.436,0.182,0.815,0.542,0.168,0.742,1.436,0.333,0.527,0.910,48.132,0.564,0.897
91,0.222,0.034,2.541,0.241,0.037,0.872,0.222,0.034,2.541,0.333,0.399,17.876,-50.200,0.708,0.039
104,0.225,0.832,0.919,0.244,0.913,0.388,0.225,0.832,0.919,0.333,0.498,-13.067,58.352,0.445,0.986
148,0.748,0.731,0.591,0.812,0.802,0.290,0.748,0.731,0.591,0.333,0.639,11.149,10.978,0.651,0.573
151,0.040,0.227,2.528,0.043,0.249,0.868,0.040,0.227,2.528,0.333,0.404,11.271,-39.838,0.652,0.129
258,0.234,0.142,2.298,0.254,0.155,0.799,0.234,0.142,2.298,0.333,0.518,25.454,-41.125,0.773,0.118
293,0.106,0.228,2.386,0.115,0.250,0.826,0.106,0.228,2.386,0.333,0.469,17.914,-37.532,0.709,0.149
330,0.735,0.715,0.797,0.798,0.784,0.351,0.735,0.715,0.797,0.333,0.744,7.465,8.579,0.620,0.552
438,0.073,0.228,2.461,0.079,0.250,0.848,0.073,0.228,2.461,0.333,0.433,14.778,-38.146,0.682,0.144
496,0.177,0.870,0.959,0.192,0.955,0.400,0.177,0.870,0.959,0.333,0.437,-13.395,56.884,0.443,0.973
532,0.110,0.229,2.377,0.119,0.252,0.823,0.110,0.229,2.377,0.333,0.473,18.390,-37.420,0.713,0.150
579,0.737,0.855,0.119,0.800,0.939,0.149,0.737,0.855,0.119,0.333,0.422,19.115,22.822,0.719,0.676
489,0.726,0.152,1.586,0.788,0.166,0.587,0.726,0.152,1.586,0.328,0.527,-42.463,2.953,0.195,0.503
328,0.134,0.863,1.045,0.146,0.948,0.426,0.134,0.863,1.045,0.326,0.406,-9.746,53.320,0.474,0.942
561,0.738,0.178,1.450,0.801,0.195,0.546,0.738,0.178,1.450,0.326,0.538,-45.303,0.878,0.171,0.485
190,0.865,0.098,1.132,0.939,0.108,0.451,0.865,0.098,1.132,0.324,0.389,-56.814,-0.097,0.073,0.476
62,0.864,0.097,1.133,0.938,0.106,0.452,0.864,0.097,1.133,0.323,0.388,-56.776,0.229,0.074,0.479
84,0.035,0.710,1.958,0.038,0.780,0.698,0.035,0.710,1.958,0.323,0.435,45.810,8.843,0.946,0.554
6,0.702,0.157,1.752,0.762,0.173,0.636,0.702,0.157,1.752,0.322,0.546,-38.069,4.650,0.233,0.518
490,0.131,0.705,1.792,0.142,0.774,0.649,0.131,0.705,1.792,0.320,0.506,44.958,12.588,0.939,0.587
93,0.010,0.701,2.062,0.011,0.770,0.729,0.010,0.701,2.062,0.319,0.421,47.381,7.033,0.959,0.538
209,0.231,0.055,2.497,0.250,0.060,0.859,0.231,0.055,2.497,0.318,0.398,19.712,-49.292,0.724,0.047
134,0.717,0.161,1.638,0.778,0.176,0.603,0.717,0.161,1.638,0.317,0.527,-41.211,3.325,0.206,0.506
302,0.700,0.077,1.959,0.759,0.084,0.698,0.700,0.077,1.959,0.316,0.468,-33.804,6.635,0.269,0.535
530,0.721,0.183,1.562,0.783,0.201,0.580,0.721,0.183,1.562,0.316,0.542,-42.632,2.244,0.194,0.497
277,0.711,0.759,0.663,0.772,0.833,0.311,0.711,0.759,0.663,0.311,0.595,10.281,9.419,0.644,0.559
291,0.068,0.234,2.468,0.074,0.256,0.850,0.068,0.234,2.468,0.311,0.401,14.103,-38.240,0.676,0.143
401,0.725,0.184,1.535,0.787,0.201,0.572,0.725,0.184,1.535,0.311,0.531,-43.356,1.916,0.188,0.494
411,0.780,0.223,1.119,0.847,0.245,0.447,0.780,0.223,1.119,0.306,0.509,-57.882,-4.053,0.064,0.442
17,0.158,0.702,1.752,0.171,0.771,0.636,0.158,0.702,1.752,0.305,0.508,44.915,13.380,0.938,0.594
515,0.696,0.129,1.864,0.755,0.142,0.670,0.696,0.129,1.864,0.303,0.494,-35.746,5.673,0.252,0.526
314,0.243,0.074,2.454,0.263,0.081,0.846,0.243,0.074,2.454,0.302,0.395,21.318,-47.600,0.738,0.061
123,0.698,0.112,1.886,0.758,0.123,0.677,0.698,0.112,1.886,0.301,0.474,-35.199,6.194,0.257,0.531
310,0.869,0.008,1.302,0.944,0.009,0.502,0.869,0.008,1.302,0.300,0.321,-52.298,4.042,0.112,0.512
448,0.163,0.694,1.804,0.177,0.762,0.652,0.163,0.694,1.804,0.300,0.513,45.620,12.840,0.944,0.589
480,0.796,0.867,-0.234,0.864,0.952,0.043,0.796,0.867,-0.234,0.297,0.327,27.125,29.558,0.787,0.735
97,0.169,0.694,1.792,0.183,0.762,0.648,0.169,0.694,1.792,0.296,0.511,45.473,13.162,0.943,0.592
16,0.232,0.115,2.362,0.251,0.126,0.819,0.232,0.115,2.362,0.294,0.424,23.782,-43.268,0.759,0.099
188,0.760,0.201,1.265,0.825,0.221,0.491,0.760,0.201,1.265,0.294,0.487,-50.194,-1.593,0.130,0.463
508,0.826,0.243,0.924,0.897,0.266,0.389,0.826,0.243,0.924,0.294,0.466,-63.858,-4.343,0.013,0.439
539,0.059,0.707,1.938,0.064,0.776,0.692,0.059,0.707,1.938,0.294,0.413,45.809,9.519,0.946,0.560
386,0.762,0.218,1.228,0.828,0.239,0.480,0.762,0.218,1.228,0.292,0.495,-50.689,-2.271,0.125,0.457
407,0.102,0.695,1.934,0.110,0.763,0.691,0.102,0.695,1.934,0.292,0.448,46.484,10.112,0.952,0.565
307,0.850,0.728,0.186,0.923,0.799,0.169,0.850,0.728,0.186,0.289,0.384,19.838,19.232,0.725,0.645
537,0.074,0.699,1.969,0.080,0.767,0.701,0.074,0.699,1.969,0.289,0.421,46.562,9.078,0.952,0.556
589,0.211,0.708,1.621,0.229,0.777,0.598,0.211,0.708,1.621,0.287,0.524,4.153,46.984,0.592,0.887
138,0.862,0.822,-0.331,0.936,0.902,0.015,0.862,0.822,-0.331,0.286,0.310,26.721,31.847,0.784,0.755
193,0.230,0.025,2.549,0.250,0.027,0.874,0.230,0.025,2.549,0.286,0.337,17.372,-50.639,0.704,0.035
367,0.232,0.116,2.359,0.252,0.127,0.818,0.232,0.116,2.359,0.286,0.413,24.164,-43.164,0.762,0.100
372,0.701,0.164,1.745,0.761,0.180,0.635,0.701,0.164,1.745,0.286,0.492,-38.295,4.353,0.231,0.515
409,0.849,0.729,0.179,0.922,0.800,0.167,0.849,0.729,0.179,0.286,0.378,20.042,19.466,0.727,0.647
8,0.125,0.238,2.335,0.136,0.262,0.811,0.125,0.238,2.335,0.283,0.419,19.943,-37.315,0.726,0.151
228,0.019,0.232,2.556,0.021,0.254,0.877,0.019,0.232,2.556,0.282,0.329,10.207,-40.021,0.643,0.128
45,0.713,0.190,1.613,0.774,0.208,0.595,0.713,0.190,1.613,0.280,0.495,-41.577,2.632,0.203,0.500
167,0.229,0.737,1.389,0.249,0.809,0.528,0.229,0.737,1.389,0.280,0.501,0.803,49.748,0.563,0.911
486,0.848,0.693,0.446,0.921,0.761,0.247,0.848,0.693,0.446,0.280,0.415,13.366,14.578,0.670,0.604
360,0.128,0.699,1.844,0.139,0.767,0.664,0.128,0.699,1.844,0.279,0.445,45.520,11.929,0.944,0.581
289,0.856,0.131,1.054,0.929,0.143,0.428,0.856,0.131,1.054,0.278,0.353,-59.378,-1.037,0.052,0.468
526,0.111,0.866,1.101,0.121,0.950,0.442,0.111,0.866,1.101,0.273,0.329,-8.722,52.204,0.482,0.933
547,0.691,0.827,0.498,0.750,0.907,0.262,0.691,0.827,0.498,0.273,0.423,13.648,11.026,0.672,0.573
587,0.871,0.763,-0.050,0.946,0.837,0.098,0.871,0.763,-0.050,0.273,0.322,22.670,27.122,0.749,0.714
491,0.199,0.733,1.447,0.216,0.805,0.545,0.199,0.733,1.447,0.270,0.459,1.461,48.481,0.569,0.900
234,0.710,0.183,1.646,0.771,0.200,0.605,0.710,0.183,1.646,0.269,0.472,-40.666,3.013,0.211,0.503
549,0.858,0.169,0.969,0.932,0.185,0.403,0.858,0.169,0.969,0.269,0.360,-62.640,-2.053,0.024,0.459
36,0.734,0.220,1.417,0.797,0.241,0.536,0.734,0.220,1.417,0.267,0.481,-45.869,-0.134,0.166,0.476
182,0.875,0.002,1.315,0.950,0.001,0.506,0.875,0.002,1.315,0.267,0.281,-51.880,4.385,0.115,0.515
96,0.736,0.235,1.394,0.799,0.257,0.530,0.736,0.235,1.394,0.265,0.488,-46.343,-0.681,0.162,0.471
379,0.692,0.187,1.771,0.752,0.205,0.642,0.692,0.187,1.771,0.263,0.481,-37.473,4.162,0.238,0.513
77,0.847,0.222,0.898,0.920,0.244,0.382,0.847,0.222,0.898,0.261,0.386,-64.634,-3.554,0.007,0.446
366,0.069,0.746,1.635,0.075,0.819,0.602,0.069,0.746,1.635,0.261,0.351,2.042,44.385,0.574,0.864
525,0.857,0.213,0.901,0.930,0.234,0.382,0.857,0.213,0.901,0.261,0.375,-64.704,-2.989,0.006,0.451
260,0.690,0.019,2.137,0.749,0.020,0.752,0.690,0.019,2.137,0.260,0.356,-28.519,6.192,0.314,0.531
354,0.178,0.252,2.218,0.193,0.276,0.776,0.178,0.252,2.218,0.259,0.445,27.334,-34.852,0.789,0.173
546,0.718,0.208,1.548,0.779,0.228,0.576,0.718,0.208,1.548,0.258,0.468,-42.725,1.601,0.193,0.491
588,0.685,0.156,1.887,0.744,0.171,0.677,0.685,0.156,1.887,0.258,0.450,-34.945,5.462,0.259,0.525
70,0.734,0.217,1.421,0.797,0.238,0.538,0.734,0.217,1.421,0.253,0.453,-45.556,-0.031,0.169,0.477
202,0.151,0.255,2.274,0.163,0.280,0.792,0.151,0.255,2.274,0.253,0.403,25.514,-34.938,0.773,0.172
369,0.223,0.735,1.412,0.242,0.806,0.535,0.223,0.735,1.412,0.253,0.449,1.212,49.312,0.567,0.907
95,0.227,0.060,2.488,0.247,0.066,0.856,0.227,0.060,2.488,0.250,0.316,20.156,-48.787,0.728,0.051
189,0.755,0.216,1.280,0.819,0.236,0.496,0.755,0.216,1.280,0.250,0.429,-49.604,-1.680,0.135,0.462
211,0.005,0.270,2.574,0.005,0.297,0.882,0.005,0.270,2.574,0.250,0.285,9.596,-39.611,0.638,0.131
247,0.794,0.246,1.041,0.862,0.270,0.424,0.794,0.246,1.041,0.250,0.422,-60.041,-4.728,0.046,0.436
283,0.084,0.242,2.431,0.091,0.266,0.839,0.084,0.242,2.431,0.250,0.334,15.755,-37.481,0.690,0.150
346,0.227,0.062,2.486,0.246,0.067,0.856,0.227,0.062,2.486,0.250,0.317,20.159,-48.459,0.728,0.054
391,0.197,0.238,2.190,0.213,0.261,0.767,0.197,0.238,2.190,0.250,0.451,28.677,-35.078,0.800,0.171
505,0.206,0.020,2.578,0.224,0.022,0.883,0.206,0.020,2.578,0.250,0.290,15.948,-50.793,0.692,0.034
591,0.053,0.690,2.082,0.057,0.757,0.735,0.053,0.690,2.082,0.250,0.357,48.238,6.993,0.967,0.538
599,0.081,0.860,1.170,0.088,0.944,0.463,0.081,0.860,1.170,0.250,0.292,-7.623,50.577,0.492,0.918
338,0.684,0.197,1.821,0.742,0.216,0.657,0.684,0.197,1.821,0.248,0.472,-36.281,4.268,0.248,0.514
288,0.064,0.712,1.890,0.070,0.782,0.678,0.064,0.712,1.890,0.247,0.347,45.454,10.276,0.943,0.567
117,0.681,0.175,1.882,0.739,0.191,0.675,0.681,0.175,1.882,0.242,0.442,-35.016,5.055,0.259,0.521
35,0.217,0.244,2.164,0.235,0.268,0.760,0.217,0.244,2.164,0.241,0.460,29.598,-35.249,0.808,0.169
378,0.031,0.695,2.083,0.034,0.763,0.735,0.031,0.695,2.083,0.241,0.331,47.961,6.605,0.964,0.535
238,0.788,0.689,0.665,0.856,0.756,0.312,0.788,0.689,0.665,0.240,0.442,9.391,10.871,0.636,0.572
503,0.808,0.868,-0.284,0.878,0.953,0.028,0.808,0.868,-0.284,0.237,0.256,27.633,30.350,0.791,0.742
574,0.064,0.714,1.876,0.069,0.784,0.674,0.064,0.714,1.876,0.236,0.330,45.304,10.688,0.942,0.570
402,0.236,0.125,2.335,0.256,0.137,0.811,0.236,0.125,2.335,0.235,0.349,24.720,-42.270,0.767,0.108
206,0.687,0.781,0.712,0.746,0.857,0.326,0.687,0.781,0.712,0.234,0.441,9.611,8.417,0.638,0.550
132,0.853,0.870,-0.380,0.926,0.955,0.000,0.853,0.870,-0.380,0.232,0.243,28.184,32.063,0.796,0.757
440,0.772,0.690,0.740,0.838,0.757,0.334,0.772,0.690,0.740,0.232,0.459,8.283,9.898,0.627,0.563
61,0.866,0.684,0.517,0.940,0.750,0.268,0.866,0.684,0.517,0.231,0.344,11.385,13.439,0.653,0.594
231,0.683,0.808,0.622,0.741,0.887,0.299,0.683,0.808,0.622,0.230,0.391,11.175,8.923,0.651,0.555
212,0.710,0.720,0.940,0.771,0.790,0.394,0.710,0.720,0.940,0.228,0.576,4.826,4.970,0.597,0.520
497,0.798,0.246,1.022,0.866,0.269,0.419,0.798,0.246,1.022,0.227,0.381,-60.564,-4.586,0.041,0.437
596,0.867,0.769,-0.091,0.941,0.844,0.086,0.867,0.769,-0.091,0.224,0.263,23.212,27.845,0.754,0.720
108,0.712,0.713,0.977,0.773,0.783,0.405,0.712,0.713,0.977,0.222,0.588,4.185,4.607,0.592,0.517
210,0.682,0.793,0.693,0.740,0.871,0.320,0.682,0.793,0.693,0.220,0.399,10.105,8.420,0.642,0.550
520,0.680,0.100,2.056,0.738,0.109,0.727,0.680,0.100,2.056,0.220,0.350,-30.196,5.893,0.300,0.528
414,0.680,0.070,2.120,0.738,0.077,0.746,0.680,0.070,2.120,0.219,0.327,-29.123,6.336,0.309,0.532
418,0.113,0.680,2.026,0.123,0.746,0.718,0.113,0.680,2.026,0.219,0.352,48.134,8.634,0.966,0.552
519,0.255,0.819,0.944,0.276,0.898,0.395,0.255,0.819,0.944,0.219,0.352,-12.155,58.637,0.453,0.989
201,0.229,0.750,1.300,0.248,0.823,0.502,0.229,0.750,1.300,0.217,0.377,-0.968,50.991,0.548,0.922
245,0.251,0.815,0.955,0.272,0.895,0.399,0.251,0.815,0.955,0.217,0.348,-12.019,58.111,0.454,0.984
464,0.191,0.230,2.202,0.208,0.253,0.771,0.191,0.230,2.202,0.217,0.386,28.154,-35.316,0.796,0.169
59,0.243,0.092,2.412,0.264,0.101,0.834,0.243,0.092,2.412,0.216,0.295,22.960,-45.326,0.752,0.081
582,0.080,0.681,2.094,0.087,0.747,0.739,0.080,0.681,2.094,0.216,0.328,48.828,6.993,0.972,0.538
184,0.739,0.698,0.900,0.802,0.766,0.382,0.739,0.698,0.900,0.215,0.511,5.443,4.588,0.603,0.517
352,0.840,0.677,0.579,0.912,0.743,0.286,0.840,0.677,0.579,0.209,0.334,10.288,12.460,0.644,0.586
425,0.722,0.243,1.495,0.783,0.267,0.560,0.722,0.243,1.495,0.209,0.406,-43.982,0.433,0.182,0.481
504,0.678,0.203,1.859,0.736,0.222,0.669,0.678,0.203,1.859,0.209,0.406,-35.551,4.392,0.254,0.515
135,0.695,0.223,1.704,0.755,0.244,0.622,0.695,0.223,1.704,0.208,0.408,-38.929,3.208,0.225,0.505
484,0.868,0.735,0.133,0.942,0.807,0.153,0.868,0.735,0.133,0.208,0.264,20.674,20.253,0.732,0.654
410,0.144,0.256,2.290,0.156,0.281,0.797,0.144,0.256,2.290,0.203,0.317,25.004,-35.064,0.769,0.171
426,0.162,0.675,1.950,0.176,0.740,0.696,0.162,0.675,1.950,0.203,0.360,47.877,10.724,0.964,0.571
597,0.696,0.239,1.688,0.756,0.262,0.617,0.696,0.239,1.688,0.203,0.410,-39.371,2.864,0.222,0.502
80,0.020,0.678,2.227,0.021,0.744,0.778,0.020,0.678,2.227,0.202,0.267,50.180,4.222,0.983,0.514
280,0.875,0.802,-0.253,0.949,0.880,0.038,0.875,0.802,-0.253,0.200,0.220,25.843,30.804,0.776,0.746
174,0.676,0.204,1.871,0.734,0.224,0.672,0.676,0.204,1.871,0.199,0.391,-35.067,4.350,0.258,0.515
446,0.675,0.205,1.872,0.733,0.225,0.672,0.675,0.205,1.872,0.198,0.389,-34.845,4.310,0.260,0.515
244,0.724,0.872,0.220,0.786,0.957,0.179,0.724,0.872,0.220,0.197,0.253,17.354,21.696,0.704,0.666
389,0.185,0.257,2.206,0.201,0.282,0.772,0.185,0.257,2.206,0.196,0.343,27.953,-34.375,0.794,0.177
43,0.008,0.672,2.284,0.009,0.738,0.795,0.008,0.672,2.284,0.194,0.247,50.675,3.567,0.987,0.508
533,0.082,0.676,2.129,0.089,0.741,0.749,0.082,0.676,2.129,0.194,0.293,49.303,6.313,0.976,0.532
106,0.252,0.015,2.557,0.273,0.016,0.877,0.252,0.015,2.557,0.193,0.224,17.684,-51.349,0.707,0.029
114,0.048,0.867,1.240,0.052,0.951,0.484,0.048,0.867,1.240,0.192,0.214,-6.317,49.016,0.503,0.905
494,0.066,0.675,2.166,0.071,0.741,0.760,0.066,0.675,2.166,0.192,0.278,49.740,5.578,0.979,0.526
38,0.671,0.192,1.924,0.728,0.211,0.688,0.671,0.192,1.924,0.190,0.367,-34.082,5.064,0.267,0.521
358,0.265,0.008,2.567,0.287,0.008,0.880,0.265,0.008,2.567,0.188,0.216,17.395,-51.851,0.704,0.024
566,0.236,0.674,1.853,0.257,0.740,0.667,0.236,0.674,1.853,0.188,0.390,46.906,13.191,0.955,0.592
569,0.211,0.252,2.170,0.229,0.277,0.761,0.211,0.252,2.170,0.188,0.352,29.351,-34.583,0.806,0.175
7,0.694,0.724,1.031,0.753,0.795,0.421,0.694,0.724,1.031,0.187,0.501,3.190,4.721,0.584,0.518
362,0.189,0.250,2.200,0.205,0.274,0.770,0.189,0.250,2.200,0.186,0.329,28.360,-34.459,0.798,0.176
5,0.048,0.253,2.504,0.052,0.278,0.861,0.048,0.253,2.504,0.184,0.228,11.964,-39.058,0.658,0.136
133,0.689,0.734,0.995,0.748,0.806,0.411,0.689,0.734,0.995,0.182,0.461,3.828,5.099,0.589,0.521
237,0.248,0.231,2.153,0.269,0.253,0.756,0.248,0.231,2.153,0.182,0.361,30.532,-35.865,0.816,0.164
325,0.685,0.752,0.903,0.744,0.825,0.383,0.685,0.752,0.903,0.182,0.411,5.557,5.548,0.604,0.525
99,0.124,0.672,2.056,0.135,0.738,0.727,0.124,0.672,2.056,0.179,0.296,48.861,8.323,0.972,0.550
276,0.009,0.668,2.311,0.010,0.734,0.803,0.009,0.668,2.311,0.177,0.223,51.046,3.352,0.991,0.506
406,0.238,0.247,2.149,0.258,0.271,0.755,0.238,0.247,2.149,0.177,0.357,30.485,-35.255,0.816,0.169
459,0.235,0.682,1.797,0.255,0.749,0.650,0.235,0.682,1.797,0.176,0.356,46.185,13.712,0.949,0.597
3,0.670,0.016,2.289,0.728,0.017,0.797,0.670,0.016,2.289,0.175,0.225,-26.736,7.088,0.329,0.539
24,0.863,0.706,0.348,0.937,0.775,0.217,0.863,0.706,0.348,0.174,0.242,16.756,15.818,0.699,0.615
309,0.668,0.083,2.182,0.725,0.091,0.765,0.668,0.083,2.182,0.171,0.254,-28.396,7.002,0.315,0.538
473,0.231,0.861,0.886,0.251,0.945,0.378,0.231,0.861,0.886,0.171,0.247,-13.794,58.923,0.439,0.991
203,0.266,0.812,0.970,0.289,0.891,0.403,0.266,0.812,0.970,0.169,0.280,-11.452,58.181,0.459,0.985
261,0.669,0.118,2.091,0.726,0.130,0.738,0.669,0.118,2.091,0.168,0.276,-29.827,6.393,0.303,0.533
392,0.234,0.027,2.544,0.254,0.029,0.873,0.234,0.027,2.544,0.167,0.197,18.142,-50.740,0.711,0.034
511,0.674,0.770,0.870,0.732,0.845,0.373,0.674,0.770,0.870,0.164,0.348,6.038,6.197,0.608,0.531
538,0.257,0.099,2.395,0.279,0.109,0.828,0.257,0.099,2.395,0.164,0.228,23.687,-44.765,0.758,0.086
48,0.259,0.108,2.375,0.281,0.118,0.822,0.259,0.108,2.375,0.161,0.228,24.144,-44.159,0.762,0.092
350,0.251,0.669,1.890,0.272,0.734,0.678,0.251,0.669,1.890,0.161,0.349,47.726,12.770,0.962,0.588
408,0.276,0.781,1.112,0.299,0.857,0.445,0.276,0.781,1.112,0.160,0.287,-8.849,56.498,0.481,0.970
11,0.274,0.159,2.264,0.298,0.174,0.789,0.274,0.159,2.264,0.159,0.258,27.285,-39.963,0.788,0.128
285,0.731,0.876,0.171,0.793,0.961,0.164,0.731,0.876,0.171,0.159,0.199,17.959,22.382,0.709,0.672
517,0.708,0.697,1.131,0.768,0.765,0.451,0.708,0.697,1.131,0.158,0.497,1.496,3.729,0.569,0.509
129,0.662,0.001,2.362,0.719,0.001,0.819,0.662,0.001,2.362,0.157,0.192,-25.860,7.126,0.337,0.539
523,0.077,0.666,2.207,0.084,0.731,0.772,0.077,0.666,2.207,0.156,0.227,50.374,5.089,0.985,0.521
120,0.233,0.207,2.178,0.252,0.228,0.764,0.233,0.207,2.178,0.154,0.287,29.422,-36.409,0.807,0.159
563,0.733,0.875,0.157,0.795,0.961,0.160,0.733,0.875,0.157,0.152,0.189,18.316,22.585,0.712,0.674
81,0.785,0.253,1.085,0.852,0.277,0.437,0.785,0.253,1.085,0.150,0.261,-58.750,-4.762,0.057,0.435
383,0.247,0.725,1.471,0.268,0.796,0.553,0.247,0.725,1.471,0.150,0.284,2.295,48.743,0.576,0.902
279,0.741,0.254,1.353,0.805,0.279,0.517,0.741,0.254,1.353,0.149,0.284,-47.231,-1.365,0.155,0.465
191,0.006,0.662,2.359,0.006,0.727,0.818,0.006,0.662,2.359,0.148,0.183,51.211,2.726,0.992,0.501
528,0.195,0.665,1.961,0.212,0.730,0.699,0.195,0.665,1.961,0.147,0.284,48.604,11.070,0.970,0.574
195,0.262,0.826,0.924,0.284,0.907,0.389,0.262,0.826,0.924,0.145,0.233,-12.551,59.025,0.450,0.992
102,0.078,0.663,2.232,0.085,0.727,0.780,0.078,0.663,2.232,0.141,0.203,50.830,4.706,0.989,0.518
118,0.283,0.179,2.231,0.307,0.196,0.780,0.283,0.179,2.231,0.141,0.241,28.735,-38.727,0.801,0.139
128,0.284,0.806,1.005,0.309,0.884,0.413,0.284,0.806,1.005,0.140,0.243,-10.617,57.824,0.466,0.982
177,0.015,0.662,2.354,0.016,0.726,0.816,0.015,0.662,2.354,0.140,0.175,51.690,3.008,0.996,0.503
465,0.727,0.686,1.077,0.789,0.752,0.435,0.727,0.686,1.077,0.137,0.387,2.432,3.972,0.577,0.512
364,0.758,0.248,1.242,0.823,0.272,0.484,0.758,0.248,1.242,0.135,0.245,-50.059,-2.570,0.131,0.455
548,0.659,0.842,0.707,0.716,0.924,0.324,0.659,0.842,0.707,0.133,0.221,10.054,7.548,0.642,0.543
584,0.821,0.874,-0.321,0.891,0.960,0.018,0.821,0.874,-0.321,0.133,0.142,27.898,31.042,0.794,0.748
37,0.662,0.025,2.340,0.718,0.027,0.812,0.662,0.025,2.340,0.132,0.169,-26.343,7.599,0.332,0.543
157,0.667,0.772,0.912,0.724,0.848,0.386,0.667,0.772,0.912,0.132,0.285,5.350,6.041,0.602,0.530
521,0.660,0.111,2.171,0.717,0.122,0.762,0.660,0.111,2.171,0.131,0.205,-28.876,7.242,0.311,0.540
87,0.249,0.212,2.168,0.270,0.233,0.761,0.249,0.212,2.168,0.130,0.247,29.975,-36.435,0.811,0.159
294,0.656,0.165,2.077,0.713,0.181,0.734,0.656,0.165,2.077,0.130,0.236,-30.551,6.646,0.297,0.535
368,0.790,0.242,1.058,0.858,0.265,0.429,0.790,0.242,1.058,0.130,0.220,-59.543,-4.561,0.050,0.437
413,0.267,0.184,2.211,0.289,0.202,0.773,0.267,0.184,2.211,0.127,0.223,29.019,-37.957,0.803,0.146
493,0.707,0.255,1.604,0.768,0.279,0.592,0.707,0.255,1.604,0.127,0.259,-41.461,1.768,0.204,0.492
558,0.677,0.717,1.213,0.735,0.787,0.476,0.677,0.717,1.213,0.127,0.409,-0.041,3.109,0.556,0.504
170,0.750,0.249,1.294,0.814,0.273,0.500,0.750,0.249,1.294,0.122,0.225,-48.861,-2.091,0.141,0.459
353,0.208,0.658,1.994,0.226,0.722,0.709,0.208,0.658,1.994,0.122,0.247,49.352,10.693,0.976,0.570
492,0.880,0.670,0.628,0.955,0.736,0.301,0.880,0.670,0.628,0.121,0.185,9.199,12.122,0.635,0.583
219,0.181,0.657,2.039,0.196,0.722,0.722,0.181,0.657,2.039,0.120,0.229,49.624,9.652,0.978,0.561
529,0.697,0.683,1.320,0.757,0.750,0.508,0.697,0.683,1.320,0.118,0.472,-1.487,1.995,0.544,0.494
323,0.656,0.196,2.027,0.712,0.215,0.719,0.656,0.196,2.027,0.115,0.229,-31.487,6.227,0.289,0.531
444,0.663,0.769,0.955,0.720,0.845,0.399,0.663,0.769,0.955,0.112,0.250,4.616,5.840,0.596,0.528
86,0.280,0.688,1.756,0.304,0.756,0.638,0.280,0.688,1.756,0.111,0.246,46.015,14.428,0.948,0.603
200,0.093,0.267,2.412,0.101,0.292,0.834,0.093,0.267,2.412,0.111,0.152,16.604,-36.943,0.698,0.154
229,0.269,0.011,2.565,0.292,0.012,0.879,0.269,0.011,2.565,0.111,0.128,17.869,-51.933,0.708,0.024
456,0.214,0.863,0.900,0.232,0.947,0.382,0.214,0.863,0.900,0.111,0.155,-14.213,58.297,0.436,0.986
163,0.688,0.683,1.387,0.747,0.750,0.528,0.688,0.683,1.387,0.110,0.493,-2.328,1.780,0.537,0.492
251,0.870,0.708,0.332,0.945,0.777,0.213,0.870,0.708,0.332,0.108,0.148,17.311,15.813,0.704,0.615
58,0.879,0.036,1.274,0.954,0.040,0.494,0.879,0.036,1.274,0.107,0.117,-52.909,3.422,0.107,0.507
476,0.716,0.259,1.534,0.778,0.284,0.571,0.716,0.259,1.534,0.107,0.217,-43.043,0.811,0.190,0.484
0,0.264,0.066,2.470,0.287,0.073,0.851,0.264,0.066,2.470,0.106,0.137,21.138,-48.616,0.736,0.053
551,0.842,0.267,0.895,0.914,0.293,0.381,0.842,0.267,0.895,0.106,0.171,-64.649,-4.680,0.007,0.436
131,0.775,0.660,0.948,0.841,0.724,0.397,0.775,0.660,0.948,0.103,0.233,4.606,3.676,0.596,0.509
130,0.652,0.160,2.121,0.707,0.175,0.747,0.652,0.160,2.121,0.102,0.179,-29.971,7.102,0.302,0.539
22,0.113,0.654,2.214,0.122,0.717,0.775,0.113,0.654,2.214,0.101,0.154,50.953,5.474,0.990,0.525
232,0.673,0.899,0.658,0.730,0.987,0.310,0.673,0.899,0.658,0.099,0.146,10.982,7.421,0.650,0.542
337,0.663,0.272,1.942,0.719,0.298,0.693,0.663,0.272,1.942,0.098,0.232,-33.247,4.735,0.274,0.518
427,0.675,0.676,1.536,0.733,0.742,0.572,0.675,0.676,1.536,0.098,0.577,-4.195,1.273,0.521,0.488
470,0.887,0.659,0.729,0.963,0.723,0.331,0.887,0.659,0.729,0.098,0.155,7.999,11.252,0.624,0.575
51,0.653,0.027,2.395,0.709,0.029,0.829,0.653,0.027,2.395,0.097,0.121,-25.546,7.419,0.339,0.542
455,0.674,0.896,0.643,0.731,0.984,0.305,0.674,0.896,0.643,0.097,0.143,11.275,7.681,0.652,0.544
359,0.756,0.263,1.254,0.821,0.289,0.488,0.756,0.263,1.254,0.095,0.179,-49.574,-2.620,0.135,0.454
506,0.101,0.881,1.141,0.110,0.967,0.454,0.101,0.881,1.141,0.094,0.110,-8.266,51.425,0.486,0.926
85,0.281,0.791,1.064,0.305,0.869,0.431,0.281,0.791,1.064,0.092,0.163,-9.554,56.953,0.475,0.974
121,0.184,0.651,2.077,0.200,0.715,0.733,0.184,0.651,2.077,0.092,0.173,50.311,9.074,0.984,0.556
240,0.268,0.852,0.886,0.291,0.935,0.378,0.268,0.852,0.886,0.092,0.143,-13.137,59.928,0.445,1.000
112,0.869,0.241,0.885,0.943,0.265,0.378,0.869,0.241,0.885,0.091,0.134,-65.325,-3.486,0.001,0.447
349,0.297,0.765,1.229,0.322,0.839,0.480,0.297,0.765,1.229,0.091,0.176,-1.077,52.206,0.547,0.933
522,0.648,0.164,2.140,0.703,0.180,0.752,0.648,0.164,2.140,0.090,0.157,-29.717,7.416,0.304,0.542
44,0.287,0.743,1.356,0.311,0.816,0.518,0.287,0.743,1.356,0.089,0.175,0.379,50.751,0.560,0.920
479,0.847,0.265,0.889,0.919,0.291,0.379,0.847,0.265,0.889,0.085,0.136,-64.994,-4.418,0.004,0.438
531,0.263,0.657,1.981,0.285,0.721,0.705,0.263,0.657,1.981,0.085,0.194,49.803,11.447,0.980,0.577
100,0.007,0.648,2.458,0.007,0.711,0.847,0.007,0.648,2.458,0.084,0.100,51.821,2.096,0.997,0.495
13,0.865,0.704,0.358,0.939,0.773,0.220,0.865,0.704,0.358,0.083,0.116,16.624,15.412,0.698,0.611
555,0.687,0.274,1.766,0.745,0.301,0.641,0.687,0.274,1.766,0.083,0.188,-37.429,2.931,0.238,0.503
214,0.882,0.125,1.087,0.957,0.137,0.438,0.882,0.125,1.087,0.082,0.100,-58.356,-0.226,0.060,0.475
514,0.300,0.757,1.277,0.325,0.831,0.495,0.300,0.757,1.277,0.082,0.163,-0.647,51.796,0.551,0.929
150,0.273,0.048,2.511,0.296,0.052,0.863,0.273,0.048,2.511,0.081,0.099,19.831,-50.324,0.725,0.038
254,0.730,0.269,1.440,0.792,0.295,0.543,0.730,0.269,1.440,0.081,0.162,-44.842,-0.618,0.175,0.472
527,0.649,0.222,2.047,0.704,0.243,0.725,0.649,0.222,2.047,0.081,0.168,-31.363,6.702,0.290,0.535
417,0.282,0.721,1.511,0.306,0.792,0.565,0.282,0.721,1.511,0.080,0.165,3.153,48.545,0.583,0.901
431,0.647,0.851,0.780,0.703,0.934,0.346,0.647,0.851,0.780,0.080,0.136,8.899,6.871,0.632,0.537
541,0.254,0.054,2.493,0.275,0.059,0.858,0.254,0.054,2.493,0.080,0.100,20.423,-49.524,0.730,0.045
542,0.862,0.266,0.883,0.936,0.291,0.377,0.862,0.266,0.883,0.079,0.123,-65.436,-4.152,0.000,0.441
313,0.681,0.664,1.578,0.740,0.729,0.585,0.681,0.664,1.578,0.078,0.502,-4.721,1.111,0.516,0.487
416,0.698,0.667,1.432,0.758,0.732,0.541,0.698,0.667,1.432,0.078,0.362,-2.899,1.283,0.532,0.488
483,0.684,0.287,1.795,0.743,0.314,0.649,0.684,0.287,1.795,0.078,0.181,-36.712,2.874,0.244,0.502
90,0.649,0.778,1.000,0.705,0.854,0.412,0.649,0.778,1.000,0.077,0.174,3.775,5.820,0.589,0.528
498,0.898,0.668,0.692,0.975,0.733,0.320,0.898,0.668,0.692,0.077,0.117,8.391,11.659,0.628,0.579
534,0.219,0.254,2.161,0.238,0.278,0.759,0.219,0.254,2.161,0.077,0.148,29.923,-34.705,0.811,0.174
31,0.037,0.264,2.526,0.040,0.289,0.868,0.037,0.264,2.526,0.075,0.091,10.990,-39.106,0.650,0.136
482,0.280,0.200,2.195,0.303,0.219,0.769,0.280,0.200,2.195,0.074,0.135,29.931,-37.783,0.811,0.147
565,0.218,0.648,2.054,0.237,0.711,0.727,0.218,0.648,2.054,0.074,0.151,50.382,9.936,0.985,0.564
162,0.240,0.864,0.883,0.261,0.949,0.377,0.240,0.864,0.883,0.071,0.104,-14.309,59.129,0.435,0.993
259,0.777,0.258,1.127,0.844,0.284,0.450,0.777,0.258,1.127,0.071,0.128,-57.895,-4.709,0.064,0.436
387,0.167,0.289,2.259,0.182,0.317,0.788,0.167,0.289,2.259,0.071,0.118,26.146,-34.504,0.779,0.176
299,0.250,0.647,2.046,0.272,0.710,0.724,0.250,0.647,2.046,0.068,0.151,50.662,10.605,0.987,0.570
317,0.803,0.646,0.905,0.872,0.709,0.384,0.803,0.646,0.905,0.068,0.139,5.282,3.590,0.601,0.508
72,0.303,0.713,1.601,0.329,0.782,0.591,0.303,0.713,1.601,0.067,0.147,4.246,47.800,0.593,0.894
250,0.097,0.276,2.409,0.105,0.303,0.833,0.097,0.276,2.409,0.067,0.092,16.846,-36.697,0.700,0.157
452,0.276,0.660,1.963,0.300,0.724,0.700,0.276,0.660,1.963,0.067,0.159,49.401,11.891,0.977,0.581
67,0.312,0.696,1.737,0.338,0.764,0.632,0.312,0.696,1.737,0.066,0.155,45.936,14.884,0.947,0.607
253,0.271,0.189,2.204,0.294,0.208,0.771,0.271,0.189,2.204,0.066,0.116,29.396,-37.820,0.806,0.147
604,0.088,0.645,2.334,0.096,0.708,0.810,0.088,0.645,2.334,0.064,0.089,51.823,3.742,0.997,0.510
101,0.272,0.148,2.285,0.295,0.162,0.796,0.272,0.148,2.285,0.063,0.099,26.625,-40.536,0.783,0.123
257,0.645,0.024,2.453,0.701,0.027,0.846,0.645,0.024,2.453,0.062,0.076,-25.006,7.726,0.344,0.544
488,0.763,0.652,1.075,0.828,0.716,0.434,0.763,0.652,1.075,0.062,0.156,2.509,3.294,0.578,0.506
535,0.644,0.051,2.419,0.699,0.055,0.836,0.644,0.051,2.419,0.061,0.079,-25.418,7.893,0.340,0.546
196,0.788,0.265,1.073,0.855,0.290,0.434,0.788,0.265,1.073,0.060,0.106,-59.212,-5.171,0.053,0.432
586,0.732,0.262,1.423,0.794,0.288,0.538,0.732,0.262,1.423,0.060,0.119,-45.335,-0.940,0.171,0.469
27,0.284,0.704,1.644,0.308,0.772,0.604,0.284,0.704,1.644,0.059,0.127,4.652,47.403,0.596,0.891
600,0.765,0.652,1.062,0.831,0.715,0.431,0.765,0.652,1.062,0.059,0.148,3.001,3.390,0.582,0.507
18,0.119,0.643,2.277,0.129,0.705,0.793,0.119,0.643,2.277,0.056,0.085,51.633,4.604,0.996,0.517
500,0.853,0.642,0.813,0.926,0.705,0.356,0.853,0.642,0.813,0.055,0.096,7.216,10.405,0.618,0.568
590,0.247,0.644,2.069,0.268,0.706,0.731,0.247,0.644,2.069,0.054,0.116,51.066,10.129,0.991,0.565
458,0.769,0.879,-0.078,0.835,0.965,0.090,0.769,0.879,-0.078,0.053,0.060,24.815,25.629,0.767,0.701
39,0.644,0.268,2.067,0.700,0.293,0.731,0.644,0.268,2.067,0.052,0.118,-31.416,7.284,0.289,0.541
105,0.139,0.642,2.232,0.151,0.705,0.780,0.139,0.642,2.232,0.052,0.082,51.512,5.472,0.994,0.525
216,0.285,0.729,1.456,0.309,0.800,0.548,0.285,0.729,1.456,0.052,0.106,2.381,49.383,0.577,0.908
475,0.261,0.093,2.410,0.283,0.102,0.833,0.261,0.093,2.410,0.050,0.068,23.499,-45.464,0.756,0.080
29,0.657,0.889,0.745,0.713,0.976,0.336,0.657,0.889,0.745,0.047,0.073,9.694,6.891,0.639,0.537
336,0.650,0.706,1.488,0.706,0.775,0.558,0.650,0.706,1.488,0.047,0.218,-3.513,1.312,0.527,0.488
52,0.640,0.128,2.272,0.695,0.140,0.792,0.640,0.128,2.272,0.043,0.066,-27.434,7.749,0.323,0.545
75,0.759,0.641,1.170,0.824,0.704,0.463,0.759,0.641,1.170,0.043,0.120,1.200,2.793,0.567,0.501
142,0.772,0.645,1.068,0.838,0.708,0.432,0.772,0.645,1.068,0.043,0.106,2.886,2.826,0.581,0.502
385,0.732,0.261,1.417,0.795,0.287,0.536,0.732,0.261,1.417,0.043,0.086,-45.647,-1.048,0.168,0.468
15,0.691,0.298,1.760,0.750,0.327,0.639,0.691,0.298,1.760,0.041,0.097,-37.457,2.521,0.238,0.499
218,0.717,0.649,1.411,0.779,0.713,0.535,0.717,0.649,1.411,0.040,0.164,-2.452,1.153,0.536,0.487
248,0.187,0.640,2.149,0.203,0.702,0.755,0.187,0.640,2.149,0.040,0.072,51.299,7.985,0.993,0.547
583,0.645,0.727,1.365,0.700,0.798,0.521,0.645,0.727,1.365,0.040,0.144,-2.365,2.444,0.536,0.498
144,0.646,0.718,1.427,0.701,0.788,0.539,0.646,0.718,1.427,0.039,0.156,-3.057,2.196,0.530,0.496
271,0.642,0.653,1.939,0.697,0.717,0.692,0.642,0.653,1.939,0.038,1.511,-8.065,-0.159,0.488,0.476
166,0.183,0.273,2.216,0.198,0.299,0.775,0.183,0.273,2.216,0.036,0.062,27.357,-34.193,0.789,0.178
577,0.018,0.638,2.510,0.019,0.700,0.863,0.018,0.638,2.510,0.036,0.043,51.936,1.688,0.998,0.492
246,0.253,0.639,2.100,0.275,0.701,0.740,0.253,0.639,2.100,0.034,0.072,51.600,9.740,0.995,0.562
53,0.641,0.877,0.831,0.696,0.962,0.362,0.641,0.877,0.831,0.033,0.056,8.073,6.420,0.625,0.533
518,0.277,0.835,0.913,0.301,0.917,0.386,0.277,0.835,0.913,0.033,0.053,-12.421,59.610,0.451,0.997
71,0.637,0.687,1.723,0.691,0.754,0.628,0.637,0.687,1.723,0.031,0.246,-6.304,0.568,0.503,0.482
127,0.260,0.862,0.881,0.282,0.946,0.377,0.260,0.862,0.881,0.031,0.047,-13.934,59.793,0.438,0.999
357,0.890,0.795,-0.195,0.966,0.873,0.055,0.890,0.795,-0.195,0.031,0.034,24.805,29.941,0.767,0.738
399,0.835,0.891,-0.322,0.906,0.978,0.017,0.835,0.891,-0.322,0.030,0.032,28.248,31.247,0.797,0.750
153,0.263,0.861,0.882,0.285,0.945,0.377,0.263,0.861,0.882,0.029,0.045,-13.468,59.537,0.442,0.997
396,0.293,0.811,0.994,0.318,0.890,0.410,0.293,0.811,0.994,0.028,0.049,-10.681,58.392,0.466,0.987
552,0.641,0.646,1.993,0.696,0.709,0.709,0.641,0.646,1.993,0.028,2.128,-8.464,-0.103,0.484,0.476
241,0.246,0.638,2.107,0.267,0.700,0.743,0.246,0.638,2.107,0.027,0.058,51.319,9.309,0.993,0.558
447,0.741,0.282,1.372,0.804,0.310,0.523,0.741,0.282,1.372,0.027,0.055,-46.462,-1.555,0.161,0.463
269,0.270,0.144,2.293,0.293,0.158,0.798,0.270,0.144,2.293,0.024,0.037,26.341,-40.849,0.780,0.120
40,0.893,0.859,-0.341,0.970,0.943,0.011,0.893,0.859,-0.341,0.023,0.024,27.593,32.339,0.791,0.759
275,0.638,0.716,1.491,0.693,0.786,0.558,0.638,0.716,1.491,0.023,0.102,-3.702,1.889,0.525,0.493
122,0.654,0.640,1.943,0.710,0.703,0.694,0.654,0.640,1.943,0.022,1.385,-8.190,0.141,0.487,0.478
213,0.635,0.830,0.894,0.689,0.911,0.380,0.635,0.830,0.894,0.022,0.041,6.663,6.088,0.613,0.530
295,0.637,0.271,2.117,0.692,0.297,0.745,0.637,0.271,2.117,0.022,0.049,-30.915,7.673,0.294,0.544
49,0.635,0.089,2.394,0.690,0.098,0.828,0.635,0.089,2.394,0.021,0.029,-26.003,8.224,0.335,0.549
463,0.636,0.685,1.744,0.690,0.752,0.634,0.636,0.685,1.744,0.021,0.176,-6.600,0.472,0.500,0.481
173,0.886,0.201,0.944,0.962,0.220,0.395,0.886,0.201,0.944,0.020,0.027,-63.997,-2.350,0.012,0.456
316,0.275,0.212,2.176,0.298,0.232,0.763,0.275,0.212,2.176,0.020,0.038,30.327,-37.231,0.814,0.152
572,0.774,0.637,1.109,0.840,0.699,0.445,0.774,0.637,1.109,0.020,0.050,2.084,2.799,0.574,0.501
603,0.883,0.834,-0.339,0.959,0.915,0.012,0.883,0.834,-0.339,0.020,0.022,26.982,32.296,0.786,0.759
180,0.676,0.632,1.836,0.734,0.693,0.662,0.676,0.632,1.836,0.017,0.231,-7.378,0.205,0.494,0.479
451,0.639,0.633,2.089,0.694,0.695,0.737,0.639,0.633,2.089,0.015,0.342,-8.819,-0.204,0.481,0.475
9,0.796,0.635,1.010,0.864,0.697,0.415,0.796,0.635,1.010,0.014,0.031,3.787,3.097,0.589,0.504
34,0.634,0.719,1.498,0.688,0.790,0.561,0.634,0.719,1.498,0.014,0.061,-3.962,2.023,0.523,0.495
230,0.894,0.063,1.255,0.970,0.069,0.488,0.894,0.063,1.255,0.013,0.014,-53.510,2.988,0.101,0.503
270,0.898,0.789,-0.145,0.975,0.866,0.070,0.898,0.789,-0.145,0.013,0.014,24.026,29.062,0.761,0.731
471,0.323,0.004,2.642,0.351,0.004,0.902,0.323,0.004,2.642,0.013,0.015,16.957,-52.867,0.701,0.016
79,0.712,0.635,1.545,0.773,0.697,0.575,0.712,0.635,1.545,0.012,0.061,-4.040,0.689,0.522,0.483
155,0.632,0.096,2.397,0.686,0.105,0.829,0.632,0.096,2.397,0.010,0.014,-25.901,8.383,0.336,0.550
311,0.814,0.309,1.007,0.883,0.339,0.414,0.814,0.309,1.007,0.009,0.016,-61.119,-5.682,0.037,0.427
331,0.792,0.911,-0.111,0.859,1.000,0.080,0.792,0.911,-0.111,0.009,0.010,25.621,26.170,0.774,0.705
361,0.690,0.910,0.567,0.749,0.999,0.283,0.690,0.910,0.567,0.009,0.012,12.145,8.105,0.660,0.548
60,0.461,0.000,2.969,0.501,0.000,1.000,0.461,0.000,2.969,0.007,0.007,8.020,-54.635,0.625,0.000
175,0.631,0.782,1.103,0.685,0.859,0.443,0.631,0.782,1.103,0.005,0.012,2.081,5.164,0.574,0.522
345,0.244,0.632,2.144,0.265,0.694,0.753,0.244,0.632,2.144,0.005,0.010,51.897,8.936,0.998,0.555
115,0.002,0.608,2.708,0.002,0.668,0.922,0.002,0.608,2.708,0.004,0.004,52.161,0.939,1.000,0.485
462,0.673,0.629,1.872,0.731,0.691,0.672,0.673,0.629,1.872,0.004,0.073,-7.665,0.197,0.491,0.479
46,0.627,0.088,2.447,0.681,0.096,0.844,0.627,0.088,2.447,0.002,0.003,-25.233,8.370,0.342,0.550
156,0.226,0.631,2.158,0.246,0.693,0.758,0.226,0.631,2.158,0.002,0.005,51.781,8.421,0.997,0.550
272,0.542,0.002,2.955,0.589,0.002,0.996,0.542,0.002,2.955,0.002,0.002,8.032,-54.644,0.625,0.000
373,0.755,0.631,1.264,0.820,0.692,0.491,0.755,0.631,1.264,0.002,0.007,-0.325,2.174,0.554,0.496
146,0.921,0.001,1.455,1.000,0.001,0.548,0.921,0.001,1.455,0.000,0.000,-49.249,5.350,0.138,0.524
278,0.076,0.698,1.969,0.083,0.767,0.701,0.076,0.698,1.969,0.000,0.000,46.700,9.210,0.954,0.557
333,0.274,0.813,0.969,0.297,0.892,0.403,0.274,0.813,0.969,0.000,0.000,-11.340,58.804,0.460,0.990
398,0.625,0.757,1.288,0.679,0.831,0.498,0.625,0.757,1.288,0.000,0.000,-1.515,2.833,0.544,0.502
415,0.786,0.906,-0.099,0.853,0.995,0.084,0.786,0.906,-0.099,0.000,0.000,25.406,25.895,0.772,0.703
436,0.819,0.316,1.001,0.890,0.347,0.412,0.819,0.316,1.001,0.000,0.000,-61.323,-5.739,0.035,0.427
439,0.871,0.133,1.053,0.945,0.146,0.428,0.871,0.133,1.053,0.000,0.000,-59.450,-0.628,0.051,0.471
502,0.891,0.115,1.130,0.967,0.126,0.451,0.891,0.115,1.130,0.000,0.000,-57.431,0.224,0.068,0.479
564,0.262,0.214,2.168,0.285,0.235,0.761,0.262,0.214,2.168,0.000,0.000,30.493,-36.685,0.816,0.157
585,0.003,0.352,2.708,0.003,0.387,0.922,0.003,0.352,2.708,0.000,0.000,8.221,-39.804,0.626,0.130
592,0.886,0.714,0.315,0.962,0.783,0.208,0.886,0.714,0.315,0.000,0.000,17.824,16.042,0.708,0.617
