# {'f_': [3, 5], 'y_': [12, 13], 'x': [6, 7], 'y': [10, 11], 'f': [0, 2], 'N': 2, 'M': 3, 'mu_': [9, 9], 'n': 1000, 'mu': [8, 8]}
37,0.001,0.028,0.971,0.001,0.027,1.000,0.001,0.028,1.345,1.346,33.334,-75.261,0.895,0.006
536,0.694,0.894,-0.587,0.694,0.894,0.186,0.694,0.894,1.181,1.668,6.307,76.470,0.591,0.986
718,0.013,0.724,0.262,0.013,0.725,0.630,0.013,0.724,1.121,1.574,-35.242,-14.308,0.124,0.400
902,0.386,0.414,0.121,0.386,0.414,0.556,0.386,0.414,1.071,6.303,-6.257,-7.234,0.450,0.445
293,0.635,0.205,0.158,0.635,0.204,0.576,0.635,0.205,1.058,2.455,24.914,0.388,0.800,0.495
128,0.707,0.138,0.155,0.708,0.137,0.574,0.707,0.138,0.945,1.655,29.431,1.394,0.851,0.501
628,0.809,0.049,0.142,0.809,0.049,0.567,0.809,0.049,0.941,1.238,36.585,3.856,0.932,0.517
90,0.460,0.317,0.180,0.460,0.316,0.587,0.460,0.317,0.933,3.444,-0.097,-11.172,0.519,0.420
702,0.436,0.367,0.122,0.436,0.367,0.557,0.436,0.367,0.922,4.850,-4.585,-7.464,0.468,0.444
266,0.581,0.426,-0.119,0.581,0.427,0.431,0.581,0.426,0.892,5.795,13.581,12.292,0.673,0.571
399,0.217,0.573,0.204,0.217,0.573,0.600,0.217,0.573,0.892,2.329,-26.049,-11.866,0.227,0.415
145,0.437,0.437,-0.006,0.437,0.437,0.490,0.437,0.437,0.892,16.828,-5.669,-3.081,0.456,0.472
675,0.205,0.582,0.208,0.205,0.583,0.602,0.205,0.582,0.885,2.230,-26.747,-12.103,0.219,0.414
666,0.437,0.395,0.070,0.437,0.395,0.530,0.437,0.395,0.882,6.536,-5.041,-6.044,0.463,0.453
7,0.402,0.423,0.078,0.402,0.423,0.534,0.402,0.423,0.880,6.667,-6.473,-6.011,0.447,0.453
944,0.425,0.424,0.037,0.425,0.424,0.513,0.425,0.424,0.875,9.831,-5.612,-4.702,0.457,0.462
249,0.144,0.630,0.225,0.144,0.631,0.611,0.144,0.630,0.863,1.771,-29.667,-12.596,0.186,0.411
429,0.418,0.435,0.032,0.418,0.435,0.510,0.418,0.435,0.857,9.317,-6.414,-4.493,0.448,0.463
906,0.455,0.390,0.052,0.455,0.390,0.520,0.455,0.390,0.833,6.410,-4.202,-5.390,0.473,0.457
410,0.601,0.287,0.092,0.601,0.287,0.541,0.601,0.287,0.831,2.648,21.613,2.337,0.763,0.507
591,0.057,0.698,0.245,0.057,0.698,0.621,0.057,0.698,0.818,1.276,-33.765,-13.947,0.140,0.402
925,0.117,0.661,0.221,0.117,0.661,0.609,0.117,0.661,0.817,1.501,-31.118,-12.893,0.170,0.409
325,0.447,0.470,-0.072,0.447,0.470,0.455,0.447,0.470,0.814,35.389,-8.611,4.793,0.423,0.523
476,0.408,0.453,0.021,0.409,0.453,0.504,0.408,0.453,0.811,8.535,-7.121,-3.863,0.440,0.467
453,0.346,0.007,0.647,0.346,0.006,0.831,0.346,0.007,0.810,0.981,5.666,-67.331,0.584,0.057
120,0.457,0.425,-0.016,0.458,0.425,0.485,0.457,0.425,0.810,13.492,-4.538,-2.955,0.469,0.473
664,0.784,0.092,0.124,0.784,0.092,0.558,0.784,0.092,0.791,1.143,34.549,3.818,0.909,0.517
613,0.665,0.944,-0.609,0.665,0.945,0.175,0.665,0.944,0.784,1.019,5.666,77.827,0.584,0.995
239,0.476,0.417,-0.027,0.476,0.417,0.479,0.476,0.417,0.778,12.545,-3.549,-2.792,0.480,0.474
159,0.412,0.472,-0.012,0.412,0.472,0.487,0.412,0.472,0.773,10.303,-7.259,-2.645,0.438,0.475
478,0.733,0.127,0.140,0.733,0.126,0.566,0.733,0.127,0.760,1.252,30.322,2.073,0.861,0.505
853,0.174,0.620,0.205,0.173,0.620,0.600,0.174,0.620,0.759,1.697,-28.342,-11.956,0.201,0.415
743,0.909,0.001,0.090,0.910,0.000,0.540,0.909,0.001,0.752,0.827,40.837,8.746,0.979,0.549
401,0.438,0.482,-0.073,0.438,0.482,0.455,0.438,0.482,0.750,17.045,-9.521,4.911,0.413,0.524
707,0.662,0.948,-0.610,0.663,0.949,0.174,0.662,0.948,0.750,0.968,5.648,78.516,0.583,0.999
400,0.354,0.002,0.644,0.354,0.001,0.830,0.354,0.002,0.750,0.905,4.865,-67.439,0.575,0.057
486,0.373,0.465,0.072,0.373,0.465,0.531,0.373,0.465,0.745,4.716,-8.061,-5.590,0.429,0.456
826,0.040,0.008,0.952,0.040,0.008,0.990,0.040,0.008,0.744,0.757,32.574,-76.144,0.886,0.000
70,0.110,0.674,0.216,0.110,0.674,0.606,0.110,0.674,0.736,1.305,-31.912,-12.884,0.161,0.409
81,0.379,0.476,0.048,0.379,0.476,0.518,0.379,0.476,0.726,5.222,-8.290,-4.664,0.427,0.462
521,0.461,0.483,-0.112,0.461,0.484,0.435,0.461,0.483,0.714,14.577,-8.777,6.865,0.421,0.536
377,0.293,0.565,0.115,0.293,0.566,0.553,0.293,0.565,0.711,2.603,-21.603,-6.396,0.277,0.451
741,0.469,0.493,-0.134,0.469,0.493,0.423,0.469,0.493,0.706,10.084,-8.648,8.235,0.423,0.545
462,0.501,0.488,-0.168,0.501,0.488,0.405,0.501,0.488,0.682,7.102,-7.599,9.586,0.434,0.554
730,0.046,0.716,0.238,0.046,0.716,0.617,0.046,0.716,0.667,0.995,-34.571,-13.591,0.131,0.404
154,0.454,0.475,-0.089,0.454,0.475,0.447,0.454,0.475,0.667,23.810,-8.863,5.778,0.420,0.529
562,0.595,0.409,-0.093,0.595,0.409,0.444,0.595,0.409,0.667,3.584,14.367,12.101,0.682,0.570
824,0.507,0.285,0.179,0.507,0.285,0.587,0.507,0.285,0.660,2.184,0.981,-10.782,0.531,0.422
274,0.527,0.454,-0.142,0.527,0.454,0.419,0.527,0.454,0.650,6.019,-6.653,8.846,0.445,0.549
883,0.804,0.066,0.130,0.804,0.066,0.561,0.804,0.066,0.647,0.877,35.716,3.891,0.922,0.517
405,0.628,0.369,-0.044,0.629,0.369,0.470,0.628,0.369,0.645,2.483,18.046,10.514,0.723,0.560
989,0.088,0.690,0.223,0.088,0.690,0.609,0.088,0.690,0.645,1.072,-32.942,-13.146,0.149,0.407
430,0.287,0.576,0.114,0.287,0.577,0.552,0.287,0.576,0.636,2.194,-22.318,-6.801,0.269,0.448
561,0.882,0.030,0.088,0.883,0.030,0.539,0.882,0.030,0.635,0.745,39.762,8.173,0.967,0.545
770,0.332,0.446,0.170,0.332,0.447,0.582,0.332,0.446,0.622,2.486,10.514,-31.170,0.638,0.291
634,0.410,0.332,0.217,0.410,0.332,0.606,0.410,0.332,0.620,2.262,5.580,-34.976,0.583,0.266
98,0.340,0.407,0.207,0.340,0.407,0.601,0.340,0.407,0.619,2.371,9.700,-32.850,0.629,0.280
535,0.366,0.365,0.226,0.366,0.365,0.611,0.366,0.365,0.618,2.514,7.423,-34.525,0.603,0.269
990,0.505,0.392,-0.010,0.505,0.392,0.488,0.505,0.392,0.615,5.446,-2.310,-3.769,0.494,0.468
611,0.318,0.436,0.204,0.319,0.436,0.600,0.318,0.436,0.603,2.147,10.801,-32.287,0.641,0.284
592,0.634,0.268,0.089,0.634,0.267,0.539,0.634,0.268,0.603,1.644,22.480,3.045,0.773,0.512
186,0.329,0.388,0.249,0.329,0.388,0.623,0.329,0.388,0.603,2.050,9.019,-34.259,0.621,0.271
636,0.312,0.458,0.189,0.312,0.458,0.592,0.312,0.458,0.602,2.151,11.409,-31.249,0.648,0.290
570,0.483,0.509,-0.169,0.483,0.509,0.405,0.483,0.509,0.600,5.769,-8.513,10.010,0.424,0.557
76,0.329,0.381,0.259,0.329,0.381,0.628,0.329,0.381,0.599,2.003,8.756,-35.220,0.618,0.265
800,0.523,0.341,0.072,0.523,0.341,0.531,0.523,0.341,0.598,3.146,-0.258,-6.495,0.517,0.450
722,0.327,0.386,0.254,0.327,0.386,0.626,0.327,0.386,0.597,1.998,9.721,-34.720,0.629,0.268
78,0.397,0.322,0.249,0.397,0.321,0.623,0.397,0.322,0.597,1.978,5.797,-35.963,0.585,0.260
264,0.304,0.455,0.205,0.304,0.455,0.600,0.304,0.455,0.594,2.006,11.810,-31.977,0.653,0.286
490,0.362,0.333,0.278,0.362,0.332,0.638,0.362,0.333,0.594,1.940,7.253,-36.440,0.602,0.257
783,0.315,0.390,0.267,0.315,0.390,0.632,0.315,0.390,0.592,1.866,10.256,-35.501,0.635,0.263
546,0.636,0.256,0.100,0.637,0.255,0.545,0.636,0.256,0.585,1.531,23.303,2.290,0.782,0.507
583,0.325,0.375,0.272,0.325,0.375,0.635,0.325,0.375,0.584,1.885,9.313,-35.953,0.625,0.260
921,0.642,0.349,-0.023,0.642,0.349,0.481,0.642,0.349,0.583,1.988,19.168,9.994,0.736,0.557
508,0.373,0.495,0.039,0.373,0.495,0.513,0.373,0.495,0.579,4.135,-9.038,-4.189,0.418,0.465
687,0.326,0.362,0.287,0.326,0.362,0.643,0.326,0.362,0.576,1.817,8.974,-36.806,0.621,0.254
272,0.360,0.327,0.289,0.360,0.327,0.644,0.360,0.327,0.575,1.815,7.064,-37.309,0.599,0.251
589,0.507,0.305,0.149,0.507,0.305,0.571,0.507,0.305,0.574,2.160,0.435,-9.926,0.525,0.428
873,0.759,0.005,0.236,0.759,0.004,0.616,0.759,0.005,0.569,0.754,-17.337,-52.628,0.325,0.152
314,0.341,0.337,0.300,0.341,0.337,0.650,0.341,0.337,0.568,1.816,8.086,-37.598,0.611,0.249
75,0.303,0.368,0.310,0.303,0.368,0.655,0.303,0.368,0.564,1.602,10.070,-37.667,0.633,0.249
757,0.644,0.265,0.083,0.644,0.264,0.536,0.644,0.265,0.562,1.480,23.218,3.384,0.781,0.514
922,0.320,0.343,0.319,0.320,0.343,0.660,0.320,0.343,0.562,1.652,8.929,-38.470,0.620,0.244
955,0.412,0.284,0.284,0.412,0.284,0.641,0.412,0.284,0.560,1.569,0.950,-43.295,0.531,0.212
225,0.441,0.274,0.264,0.442,0.274,0.631,0.441,0.274,0.556,1.557,-0.386,-43.494,0.516,0.211
95,0.704,0.182,0.113,0.705,0.182,0.552,0.704,0.182,0.556,1.062,27.709,2.502,0.832,0.508
131,0.281,0.594,0.107,0.280,0.595,0.549,0.281,0.594,0.556,1.764,-23.038,-6.229,0.261,0.452
312,0.296,0.335,0.357,0.296,0.335,0.679,0.296,0.335,0.554,1.448,9.980,-40.434,0.632,0.231
728,0.519,0.362,0.035,0.520,0.362,0.512,0.519,0.362,0.554,3.505,-1.379,-5.153,0.504,0.459
367,0.266,0.440,0.277,0.266,0.440,0.638,0.266,0.440,0.554,1.488,14.776,-34.191,0.686,0.271
945,0.300,0.511,0.152,0.300,0.511,0.573,0.300,0.511,0.554,2.028,12.009,-29.922,0.655,0.299
651,0.291,0.353,0.343,0.291,0.353,0.672,0.291,0.353,0.553,1.452,9.682,-39.551,0.629,0.237
349,0.285,0.358,0.345,0.285,0.358,0.673,0.285,0.358,0.551,1.421,10.718,-39.486,0.641,0.237
308,0.526,0.357,0.040,0.526,0.357,0.514,0.526,0.357,0.549,3.250,-0.627,-5.426,0.513,0.457
277,0.250,0.443,0.294,0.250,0.444,0.646,0.250,0.443,0.548,1.383,15.604,-34.629,0.695,0.268
554,0.252,0.429,0.306,0.252,0.429,0.653,0.252,0.429,0.547,1.365,15.320,-35.470,0.692,0.263
174,0.246,0.450,0.292,0.246,0.450,0.645,0.246,0.450,0.547,1.370,16.369,-35.000,0.704,0.266
53,0.342,0.280,0.368,0.342,0.280,0.685,0.342,0.280,0.546,1.348,7.904,-47.662,0.609,0.184
255,0.539,0.297,0.131,0.540,0.297,0.561,0.539,0.297,0.545,2.066,1.048,-9.111,0.532,0.433
236,0.482,0.244,0.261,0.483,0.244,0.629,0.482,0.244,0.544,1.413,-2.724,-44.104,0.489,0.207
740,0.331,0.290,0.370,0.331,0.290,0.686,0.331,0.290,0.544,1.373,8.679,-47.045,0.618,0.188
705,0.258,0.515,0.210,0.258,0.515,0.603,0.258,0.515,0.543,1.575,15.443,-31.280,0.694,0.290
946,0.533,0.254,0.197,0.533,0.254,0.596,0.533,0.254,0.543,1.589,-5.184,-42.572,0.462,0.217
297,0.241,0.461,0.286,0.241,0.461,0.643,0.241,0.461,0.542,1.348,16.784,-34.243,0.709,0.271
820,0.392,0.260,0.338,0.392,0.259,0.669,0.392,0.260,0.542,1.321,3.797,-47.261,0.563,0.187
191,0.164,0.659,0.177,0.164,0.659,0.585,0.164,0.659,0.542,1.094,-29.565,-10.708,0.187,0.423
12,0.369,0.271,0.349,0.369,0.271,0.675,0.369,0.271,0.542,1.341,6.323,-47.388,0.591,0.186
632,0.473,0.242,0.273,0.473,0.242,0.636,0.473,0.242,0.541,1.373,-1.793,-44.441,0.500,0.205
3,0.684,0.199,0.116,0.685,0.199,0.554,0.684,0.199,0.540,1.111,26.423,2.036,0.817,0.505
361,0.004,0.939,0.057,0.004,0.940,0.523,0.004,0.939,0.540,0.576,-45.363,-4.607,0.010,0.462
245,0.415,0.245,0.329,0.415,0.245,0.665,0.415,0.245,0.539,1.283,2.106,-47.065,0.544,0.188
954,0.131,0.005,0.864,0.131,0.005,0.944,0.131,0.005,0.538,0.573,28.708,-75.938,0.843,0.002
32,0.236,0.606,0.151,0.236,0.606,0.572,0.236,0.606,0.538,1.455,-25.617,-9.218,0.232,0.433
515,0.516,0.249,0.222,0.516,0.248,0.609,0.516,0.249,0.538,1.492,-4.449,-43.243,0.470,0.213
516,0.827,0.880,-0.708,0.828,0.881,0.123,0.827,0.880,0.538,0.710,-0.751,71.338,0.512,0.953
831,0.254,0.626,0.111,0.254,0.627,0.551,0.254,0.626,0.538,1.444,-24.506,-7.406,0.244,0.444
973,0.332,0.277,0.382,0.333,0.277,0.693,0.332,0.277,0.538,1.293,8.934,-47.996,0.620,0.182
378,0.234,0.489,0.267,0.234,0.489,0.633,0.234,0.489,0.538,1.348,17.102,-33.122,0.712,0.278
338,0.672,0.248,0.076,0.672,0.247,0.533,0.672,0.248,0.537,1.265,24.185,3.892,0.792,0.517
261,0.517,0.399,-0.034,0.517,0.399,0.475,0.517,0.399,0.537,4.547,-1.744,-2.774,0.500,0.474
458,0.228,0.519,0.243,0.228,0.520,0.620,0.228,0.519,0.536,1.368,17.340,-31.962,0.715,0.286
959,0.335,0.257,0.402,0.335,0.257,0.703,0.335,0.257,0.536,1.202,9.308,-48.981,0.625,0.176
913,0.480,0.219,0.293,0.480,0.219,0.646,0.480,0.219,0.536,1.255,-2.548,-46.121,0.491,0.194
665,0.096,0.010,0.895,0.095,0.009,0.960,0.096,0.010,0.536,0.563,30.204,-75.929,0.860,0.002
99,0.503,0.407,-0.037,0.504,0.407,0.474,0.503,0.407,0.536,5.523,-2.564,-2.535,0.491,0.476
624,0.459,0.227,0.306,0.459,0.226,0.653,0.459,0.227,0.536,1.255,-1.107,-46.243,0.508,0.193
454,0.433,0.224,0.335,0.433,0.224,0.668,0.433,0.224,0.534,1.204,0.742,-47.357,0.528,0.186
382,0.664,0.221,0.113,0.664,0.220,0.552,0.664,0.221,0.533,1.201,24.918,1.866,0.800,0.504
590,0.464,0.206,0.324,0.464,0.206,0.662,0.464,0.206,0.533,1.169,-1.712,-47.697,0.501,0.184
20,0.009,0.863,0.128,0.009,0.864,0.560,0.009,0.863,0.532,0.623,-42.377,-7.959,0.043,0.441
202,0.426,0.225,0.342,0.426,0.225,0.672,0.426,0.225,0.532,1.190,1.151,-48.206,0.533,0.181
278,0.000,0.406,0.594,0.000,0.406,0.803,0.000,0.406,0.532,0.662,29.657,-50.139,0.854,0.168
603,0.415,0.224,0.355,0.415,0.223,0.679,0.415,0.224,0.531,1.166,2.022,-48.695,0.543,0.178
889,0.385,0.003,0.613,0.385,0.002,0.813,0.385,0.003,0.531,0.655,4.040,-66.625,0.565,0.062
530,0.443,0.218,0.332,0.443,0.218,0.667,0.443,0.218,0.531,1.182,-0.137,-47.712,0.518,0.184
704,0.311,0.269,0.415,0.311,0.269,0.710,0.311,0.269,0.531,1.203,10.736,-49.221,0.641,0.174
604,0.716,0.011,0.273,0.717,0.011,0.635,0.716,0.011,0.530,0.751,-16.025,-53.025,0.340,0.150
63,0.207,0.504,0.283,0.207,0.504,0.641,0.207,0.504,0.530,1.221,18.568,-33.417,0.729,0.276
208,0.278,0.294,0.423,0.278,0.294,0.714,0.278,0.294,0.530,1.215,13.262,-49.318,0.669,0.174
141,0.382,0.223,0.391,0.382,0.223,0.697,0.382,0.223,0.530,1.117,3.958,-51.208,0.564,0.161
568,0.457,0.203,0.336,0.457,0.203,0.668,0.457,0.203,0.529,1.138,-1.009,-48.498,0.509,0.179
848,0.214,0.415,0.366,0.214,0.415,0.684,0.214,0.415,0.529,1.126,19.395,-41.980,0.738,0.221
771,0.227,0.375,0.394,0.226,0.375,0.699,0.227,0.375,0.528,1.117,18.715,-43.913,0.730,0.208
379,0.191,0.463,0.342,0.191,0.463,0.672,0.191,0.463,0.528,1.097,19.105,-36.171,0.735,0.258
107,0.726,0.155,0.119,0.726,0.155,0.555,0.726,0.155,0.528,0.924,29.259,2.602,0.849,0.509
868,0.432,0.191,0.374,0.432,0.191,0.688,0.432,0.191,0.528,1.062,0.793,-50.652,0.529,0.165
522,0.449,0.177,0.372,0.449,0.176,0.687,0.449,0.177,0.527,1.032,-0.350,-51.048,0.516,0.162
799,0.016,0.109,0.875,0.015,0.108,0.950,0.016,0.109,0.526,0.563,32.313,-72.050,0.883,0.027
865,0.904,0.049,0.048,0.904,0.048,0.518,0.904,0.049,0.526,0.615,39.956,9.981,0.969,0.557
765,0.450,0.192,0.354,0.450,0.192,0.678,0.450,0.192,0.526,1.083,-0.315,-49.591,0.516,0.172
941,0.199,0.329,0.470,0.199,0.329,0.738,0.199,0.329,0.526,0.975,18.266,-48.233,0.725,0.181
262,0.317,0.232,0.448,0.317,0.232,0.727,0.317,0.232,0.525,1.061,11.109,-51.025,0.645,0.163
698,0.321,0.564,0.073,0.321,0.564,0.531,0.321,0.564,0.525,2.162,-20.430,-5.064,0.290,0.459
309,0.027,0.478,0.495,0.027,0.478,0.751,0.027,0.478,0.525,0.725,28.858,-42.318,0.845,0.219
517,0.288,0.263,0.446,0.288,0.263,0.726,0.288,0.263,0.525,1.134,12.557,-50.521,0.661,0.166
789,0.008,0.542,0.451,0.007,0.542,0.728,0.008,0.542,0.524,0.727,29.429,-38.910,0.851,0.241
156,0.517,0.150,0.332,0.517,0.150,0.666,0.517,0.150,0.524,1.016,-5.545,-50.570,0.458,0.165
643,0.238,0.298,0.461,0.238,0.298,0.734,0.238,0.298,0.524,1.057,16.152,-49.674,0.702,0.171
214,0.028,0.813,0.159,0.028,0.813,0.576,0.028,0.813,0.524,0.668,-39.327,-9.571,0.078,0.430
310,0.478,0.228,0.285,0.478,0.228,0.642,0.478,0.228,0.524,1.265,-2.248,-45.291,0.495,0.200
303,0.971,0.044,-0.015,0.972,0.043,0.485,0.971,0.044,0.524,0.564,41.509,12.697,0.987,0.574
961,0.055,0.015,0.930,0.055,0.014,0.979,0.055,0.015,0.524,0.543,32.003,-75.334,0.880,0.006
18,0.052,0.773,0.175,0.052,0.773,0.584,0.052,0.773,0.524,0.727,-37.148,-10.685,0.102,0.423
479,0.017,0.994,-0.011,0.016,0.995,0.487,0.017,0.994,0.524,0.535,-46.221,-1.889,0.000,0.480
644,0.255,0.302,0.440,0.255,0.302,0.723,0.255,0.302,0.524,1.119,14.919,-49.369,0.688,0.173
260,0.172,0.433,0.393,0.172,0.433,0.698,0.172,0.433,0.524,0.995,21.298,-41.986,0.760,0.221
304,0.019,0.869,0.113,0.018,0.869,0.552,0.019,0.869,0.523,0.615,-42.850,-7.092,0.038,0.446
619,0.496,0.113,0.390,0.496,0.112,0.697,0.496,0.113,0.523,0.895,-4.753,-54.736,0.466,0.139
641,0.542,0.214,0.238,0.543,0.213,0.617,0.542,0.214,0.523,1.295,-5.486,-44.018,0.458,0.208
355,0.338,0.165,0.496,0.338,0.164,0.752,0.338,0.165,0.523,0.890,7.146,-58.779,0.600,0.112
62,0.885,0.059,0.056,0.885,0.059,0.522,0.885,0.059,0.523,0.633,39.109,9.170,0.960,0.551
537,0.011,0.459,0.531,0.010,0.459,0.770,0.011,0.459,0.523,0.688,29.359,-46.254,0.850,0.193
56,0.606,0.170,0.223,0.607,0.169,0.609,0.606,0.170,0.523,1.188,-11.836,-47.255,0.387,0.187
785,0.375,0.161,0.463,0.375,0.160,0.735,0.375,0.161,0.523,0.909,4.657,-57.179,0.572,0.123
772,0.193,0.397,0.407,0.193,0.397,0.706,0.193,0.397,0.523,1.019,20.182,-43.460,0.747,0.211
495,0.121,0.751,0.129,0.120,0.751,0.560,0.121,0.751,0.523,0.829,-35.093,-7.933,0.125,0.441
581,0.219,0.306,0.473,0.219,0.306,0.740,0.219,0.306,0.523,1.004,17.452,-49.702,0.716,0.171
114,0.418,0.173,0.408,0.418,0.172,0.706,0.418,0.173,0.523,0.979,1.899,-53.067,0.541,0.149
887,0.923,0.110,-0.032,0.923,0.109,0.476,0.923,0.110,0.523,0.642,38.238,14.254,0.950,0.584
393,0.433,0.096,0.471,0.433,0.095,0.739,0.433,0.096,0.523,0.812,-0.214,-59.186,0.518,0.110
71,0.545,0.165,0.287,0.546,0.165,0.643,0.545,0.165,0.523,1.094,-7.468,-48.816,0.436,0.177
828,0.549,0.071,0.379,0.549,0.071,0.691,0.549,0.071,0.523,0.843,-8.036,-55.146,0.430,0.136
219,0.461,0.090,0.449,0.462,0.089,0.727,0.461,0.090,0.523,0.819,-1.546,-58.549,0.503,0.114
301,0.151,0.694,0.155,0.151,0.694,0.574,0.151,0.694,0.522,0.962,-31.054,-9.404,0.171,0.431
241,0.202,0.938,-0.139,0.201,0.938,0.420,0.202,0.938,0.522,0.709,-38.137,13.498,0.091,0.579
455,0.166,0.529,0.303,0.166,0.530,0.651,0.166,0.529,0.522,1.077,20.899,-33.887,0.755,0.273
814,0.273,0.256,0.469,0.273,0.256,0.738,0.273,0.256,0.522,1.084,13.492,-51.657,0.672,0.158
882,0.248,0.083,0.669,0.248,0.082,0.842,0.248,0.083,0.522,0.687,18.352,-70.737,0.726,0.035
679,0.155,0.218,0.627,0.155,0.217,0.820,0.155,0.218,0.522,0.785,22.525,-60.764,0.773,0.100
43,0.129,0.832,0.039,0.128,0.833,0.513,0.129,0.832,0.522,0.741,-39.103,-2.743,0.080,0.474
374,0.006,0.560,0.434,0.005,0.560,0.720,0.006,0.560,0.522,0.730,29.210,-37.756,0.849,0.248
910,0.315,0.197,0.487,0.315,0.197,0.747,0.315,0.197,0.522,0.949,8.908,-57.767,0.620,0.119
640,0.659,0.041,0.300,0.659,0.040,0.650,0.659,0.041,0.522,0.843,-13.859,-53.360,0.364,0.147
630,0.142,0.397,0.460,0.142,0.397,0.733,0.142,0.397,0.522,0.883,22.798,-45.205,0.776,0.200
876,0.112,0.479,0.408,0.112,0.479,0.706,0.112,0.479,0.522,0.878,24.123,-40.305,0.791,0.232
993,0.709,0.994,-0.702,0.709,0.994,0.126,0.709,0.994,0.522,0.601,1.687,77.679,0.539,0.994
970,0.786,0.962,-0.748,0.786,0.963,0.102,0.786,0.962,0.522,0.606,-0.769,75.671,0.511,0.981
815,0.130,0.576,0.293,0.130,0.576,0.646,0.130,0.576,0.522,1.011,23.391,-33.055,0.783,0.279
956,0.451,0.063,0.486,0.451,0.062,0.747,0.451,0.063,0.522,0.762,-1.245,-60.195,0.506,0.103
332,0.224,0.241,0.535,0.224,0.240,0.772,0.224,0.241,0.522,0.952,16.219,-56.382,0.702,0.128
439,0.175,0.545,0.278,0.175,0.545,0.638,0.175,0.545,0.522,1.127,21.035,-32.884,0.757,0.280
165,0.426,0.018,0.556,0.427,0.017,0.783,0.426,0.018,0.522,0.681,2.659,-64.561,0.550,0.075
798,0.033,0.900,0.067,0.032,0.901,0.528,0.033,0.900,0.522,0.600,-43.832,-5.043,0.027,0.460
147,0.404,0.017,0.579,0.405,0.016,0.795,0.404,0.017,0.522,0.670,3.487,-65.391,0.559,0.070
778,0.035,0.536,0.429,0.034,0.536,0.717,0.035,0.536,0.522,0.764,28.040,-38.295,0.835,0.245
949,0.699,0.027,0.274,0.699,0.027,0.636,0.699,0.027,0.522,0.776,-15.162,-52.703,0.349,0.152
997,0.076,0.211,0.713,0.076,0.210,0.865,0.076,0.211,0.521,0.661,28.913,-64.487,0.845,0.076
767,0.773,0.954,-0.727,0.773,0.955,0.113,0.773,0.954,0.521,0.619,0.315,75.300,0.523,0.978
346,0.914,0.156,-0.070,0.914,0.156,0.456,0.914,0.156,0.521,0.688,36.160,16.282,0.927,0.597
122,0.485,0.053,0.462,0.485,0.053,0.734,0.485,0.053,0.521,0.765,-2.682,-59.327,0.490,0.109
404,0.133,0.723,0.144,0.133,0.723,0.568,0.133,0.723,0.521,0.884,-33.119,-8.542,0.147,0.437
684,0.639,0.043,0.318,0.640,0.042,0.659,0.639,0.043,0.521,0.845,-12.601,-53.631,0.378,0.146
886,0.502,0.016,0.482,0.502,0.015,0.745,0.502,0.016,0.521,0.714,-3.917,-60.614,0.476,0.101
731,0.129,0.208,0.663,0.129,0.207,0.839,0.129,0.208,0.521,0.734,24.479,-61.508,0.795,0.095
194,0.751,0.908,-0.658,0.751,0.908,0.149,0.751,0.908,0.521,0.687,3.148,75.306,0.555,0.978
339,0.162,0.014,0.824,0.162,0.013,0.923,0.162,0.014,0.521,0.573,26.455,-75.392,0.818,0.005
708,0.171,0.391,0.436,0.171,0.391,0.721,0.171,0.391,0.521,0.947,21.326,-44.524,0.760,0.205
797,0.564,0.048,0.389,0.564,0.047,0.696,0.564,0.048,0.521,0.803,-8.922,-56.156,0.420,0.129
597,0.048,0.980,-0.028,0.048,0.981,0.478,0.048,0.980,0.521,0.558,-45.983,-0.792,0.003,0.487
317,0.030,0.286,0.684,0.029,0.286,0.850,0.030,0.286,0.521,0.634,29.207,-58.927,0.849,0.112
839,0.221,0.883,-0.105,0.221,0.884,0.438,0.221,0.883,0.521,0.786,-35.879,12.316,0.116,0.572
240,0.299,0.128,0.573,0.299,0.127,0.792,0.299,0.128,0.521,0.783,9.332,-61.964,0.625,0.092
629,0.027,0.404,0.569,0.027,0.404,0.790,0.027,0.404,0.521,0.682,29.135,-49.128,0.848,0.175
168,0.499,0.171,0.327,0.500,0.171,0.664,0.499,0.171,0.521,1.056,-4.146,-49.790,0.473,0.171
483,0.952,0.148,-0.101,0.953,0.148,0.440,0.952,0.148,0.521,0.647,37.288,17.861,0.939,0.607
498,0.907,0.146,-0.053,0.908,0.145,0.465,0.907,0.146,0.521,0.682,36.665,15.420,0.932,0.592
609,0.220,0.148,0.632,0.220,0.147,0.823,0.220,0.148,0.521,0.770,19.050,-67.500,0.734,0.056
348,0.985,0.957,-0.942,0.986,0.957,0.001,0.985,0.957,0.521,0.528,-11.040,74.273,0.396,0.972
502,0.341,0.547,0.051,0.341,0.547,0.520,0.341,0.547,0.521,2.527,-19.115,-4.411,0.305,0.464
295,0.154,0.141,0.705,0.153,0.141,0.861,0.154,0.141,0.520,0.723,22.919,-68.936,0.778,0.047
779,0.108,0.477,0.415,0.107,0.477,0.710,0.108,0.477,0.520,0.863,24.537,-40.954,0.796,0.228
115,0.882,0.074,0.044,0.883,0.073,0.516,0.882,0.074,0.520,0.642,38.220,9.614,0.950,0.554
25,0.897,0.931,-0.828,0.898,0.932,0.060,0.897,0.931,0.520,0.597,-7.541,73.786,0.435,0.969
106,0.127,0.357,0.516,0.127,0.357,0.762,0.127,0.357,0.520,0.819,23.802,-48.853,0.788,0.177
354,0.115,0.370,0.515,0.114,0.370,0.762,0.115,0.370,0.520,0.803,24.841,-48.548,0.799,0.179
545,0.235,0.111,0.654,0.235,0.111,0.834,0.235,0.111,0.520,0.719,19.233,-69.230,0.736,0.045
980,0.072,0.275,0.654,0.072,0.274,0.834,0.072,0.275,0.520,0.683,27.613,-59.141,0.831,0.110
16,0.957,0.839,-0.796,0.958,0.839,0.077,0.957,0.839,0.520,0.590,-8.290,68.967,0.427,0.938
788,0.694,0.239,0.064,0.695,0.239,0.526,0.694,0.239,0.520,1.140,24.803,4.847,0.799,0.523
520,0.950,0.052,-0.002,0.951,0.051,0.492,0.950,0.052,0.520,0.578,40.584,12.527,0.977,0.573
845,0.230,0.348,0.418,0.230,0.348,0.712,0.230,0.348,0.520,1.079,18.018,-45.690,0.723,0.197
335,0.938,0.835,-0.773,0.939,0.835,0.089,0.938,0.835,0.520,0.612,-7.038,68.273,0.441,0.933
212,0.982,0.258,-0.241,0.983,0.258,0.367,0.982,0.258,0.520,0.717,27.099,28.331,0.825,0.675
170,0.111,0.914,-0.025,0.110,0.915,0.480,0.111,0.914,0.520,0.646,-43.426,0.425,0.031,0.495
146,0.930,0.894,-0.824,0.931,0.895,0.062,0.930,0.894,0.520,0.598,-8.391,71.824,0.426,0.956
934,0.179,0.500,0.318,0.179,0.501,0.659,0.179,0.500,0.520,1.083,19.745,-34.541,0.742,0.269
968,0.919,0.831,-0.750,0.919,0.832,0.101,0.919,0.831,0.520,0.636,-5.589,68.110,0.457,0.932
774,0.012,0.194,0.794,0.011,0.194,0.908,0.012,0.194,0.520,0.579,31.353,-68.181,0.873,0.052
727,0.008,0.349,0.643,0.008,0.349,0.829,0.008,0.349,0.520,0.633,29.860,-55.919,0.856,0.131
967,0.807,0.203,-0.011,0.808,0.203,0.487,0.807,0.203,0.520,0.859,29.539,9.725,0.852,0.555
500,0.089,0.863,0.048,0.088,0.864,0.518,0.089,0.863,0.520,0.670,-41.538,-3.807,0.053,0.468
92,0.975,0.245,-0.220,0.976,0.244,0.378,0.975,0.245,0.520,0.710,28.055,27.951,0.836,0.673
172,0.599,0.020,0.381,0.600,0.019,0.692,0.599,0.020,0.520,0.772,-10.278,-55.818,0.404,0.132
790,0.006,0.661,0.333,0.006,0.661,0.667,0.006,0.661,0.520,0.786,29.037,-32.560,0.847,0.282
8,0.079,0.309,0.611,0.079,0.309,0.812,0.079,0.309,0.520,0.709,27.187,-56.443,0.826,0.128
350,0.788,0.173,0.039,0.788,0.173,0.513,0.788,0.173,0.520,0.845,30.686,7.250,0.865,0.539
701,0.378,0.201,0.418,0.378,0.201,0.712,0.378,0.201,0.519,1.017,3.799,-52.790,0.563,0.151
237,0.149,0.466,0.383,0.149,0.467,0.693,0.149,0.466,0.519,0.955,22.701,-40.476,0.775,0.231
144,0.198,0.328,0.473,0.198,0.328,0.740,0.198,0.328,0.519,0.958,19.015,-48.471,0.734,0.179
223,0.368,0.061,0.571,0.368,0.061,0.791,0.368,0.061,0.519,0.712,4.951,-64.227,0.576,0.077
766,0.907,0.970,-0.877,0.907,0.971,0.035,0.907,0.970,0.519,0.555,-9.006,75.044,0.419,0.977
747,0.135,0.330,0.534,0.135,0.330,0.772,0.135,0.330,0.519,0.815,23.386,-50.007,0.783,0.169
909,0.647,0.142,0.211,0.647,0.142,0.603,0.647,0.142,0.519,1.028,-13.265,-47.829,0.371,0.183
550,0.038,0.267,0.695,0.037,0.267,0.856,0.038,0.267,0.519,0.634,28.954,-60.139,0.846,0.104
448,0.857,0.848,-0.706,0.858,0.849,0.124,0.857,0.848,0.519,0.708,-2.106,69.473,0.496,0.941
746,0.002,0.079,0.919,0.002,0.078,0.973,0.002,0.079,0.519,0.535,32.934,-73.898,0.890,0.015
59,0.167,0.808,0.025,0.166,0.809,0.506,0.167,0.808,0.519,0.808,-36.983,-1.327,0.104,0.484
608,0.866,0.985,-0.851,0.867,0.986,0.048,0.866,0.985,0.519,0.554,-7.341,75.498,0.437,0.980
428,0.347,0.999,-0.346,0.347,1.000,0.312,0.347,0.999,0.519,0.755,-34.384,26.513,0.133,0.663
118,0.401,0.056,0.543,0.401,0.055,0.777,0.401,0.056,0.519,0.719,3.672,-63.724,0.561,0.081
368,0.217,0.926,-0.144,0.217,0.927,0.418,0.217,0.926,0.519,0.731,-37.361,13.905,0.100,0.582
38,0.656,0.135,0.209,0.657,0.134,0.602,0.656,0.135,0.519,0.993,-13.975,-48.168,0.363,0.181
45,0.268,0.235,0.496,0.268,0.235,0.752,0.268,0.235,0.519,1.004,14.085,-54.580,0.678,0.140
776,0.277,0.184,0.538,0.277,0.184,0.774,0.277,0.184,0.519,0.880,11.196,-59.311,0.646,0.109
875,0.723,0.055,0.222,0.724,0.054,0.609,0.723,0.055,0.519,0.775,-16.470,-51.083,0.335,0.162
543,0.245,0.089,0.666,0.245,0.088,0.841,0.245,0.089,0.519,0.689,19.082,-70.248,0.735,0.038
11,0.147,0.320,0.532,0.147,0.320,0.771,0.147,0.320,0.519,0.832,22.469,-50.015,0.773,0.169
101,0.099,0.485,0.415,0.099,0.485,0.710,0.099,0.485,0.519,0.849,25.069,-40.237,0.802,0.232
283,0.621,0.144,0.234,0.622,0.144,0.615,0.621,0.144,0.519,1.086,-12.203,-48.287,0.383,0.180
497,0.352,0.079,0.568,0.352,0.079,0.790,0.352,0.079,0.519,0.730,5.890,-63.511,0.586,0.082
285,0.113,0.070,0.816,0.113,0.070,0.919,0.113,0.070,0.519,0.611,27.721,-73.308,0.832,0.019
542,0.983,0.919,-0.902,0.984,0.919,0.022,0.983,0.919,0.519,0.539,-10.435,73.327,0.403,0.966
709,0.205,0.196,0.599,0.205,0.195,0.806,0.205,0.196,0.519,0.849,20.115,-61.173,0.746,0.097
139,0.921,0.791,-0.712,0.921,0.792,0.121,0.921,0.791,0.519,0.649,-4.100,65.713,0.474,0.917
983,0.284,0.025,0.691,0.284,0.024,0.854,0.284,0.025,0.519,0.625,19.038,-73.004,0.734,0.021
119,0.806,0.092,0.103,0.806,0.091,0.547,0.806,0.092,0.519,0.725,34.996,4.890,0.914,0.524
463,0.815,0.951,-0.766,0.815,0.952,0.093,0.815,0.951,0.519,0.604,-1.866,75.046,0.499,0.977
791,0.488,0.036,0.475,0.489,0.036,0.741,0.488,0.036,0.519,0.735,-2.811,-60.495,0.488,0.101
700,0.923,0.200,-0.124,0.924,0.200,0.428,0.923,0.200,0.519,0.716,35.166,18.411,0.916,0.611
796,0.513,0.031,0.456,0.513,0.031,0.731,0.513,0.031,0.519,0.741,-4.375,-59.389,0.471,0.109
852,0.104,0.264,0.633,0.104,0.263,0.823,0.104,0.264,0.519,0.721,25.829,-59.071,0.811,0.111
289,0.065,0.949,-0.014,0.064,0.950,0.486,0.065,0.949,0.519,0.585,-44.971,-1.144,0.014,0.485
999,0.032,0.528,0.440,0.031,0.528,0.723,0.032,0.528,0.519,0.749,28.432,-39.053,0.840,0.240
318,0.056,0.394,0.550,0.056,0.394,0.780,0.056,0.394,0.519,0.716,27.817,-49.195,0.833,0.174
326,0.597,0.119,0.283,0.597,0.119,0.641,0.597,0.119,0.519,0.993,-10.502,-50.053,0.402,0.169
97,0.004,0.184,0.812,0.004,0.184,0.917,0.004,0.184,0.519,0.568,31.343,-69.077,0.873,0.046
461,0.089,0.382,0.529,0.089,0.382,0.769,0.089,0.382,0.518,0.762,26.179,-48.526,0.814,0.179
162,0.081,0.882,0.037,0.081,0.883,0.512,0.081,0.882,0.518,0.646,-42.648,-3.430,0.040,0.470
692,0.992,0.030,-0.022,0.993,0.029,0.482,0.992,0.030,0.518,0.537,42.425,13.174,0.997,0.577
975,0.125,0.414,0.460,0.125,0.415,0.733,0.125,0.414,0.518,0.852,23.925,-44.746,0.789,0.203
917,0.168,0.372,0.459,0.168,0.372,0.733,0.168,0.372,0.518,0.917,21.337,-45.887,0.760,0.196
801,0.428,0.139,0.433,0.428,0.139,0.719,0.428,0.139,0.518,0.893,0.880,-56.157,0.530,0.129
431,0.287,0.992,-0.279,0.287,0.993,0.347,0.287,0.992,0.518,0.733,-35.531,22.936,0.120,0.640
140,0.195,0.906,-0.102,0.195,0.907,0.440,0.195,0.906,0.518,0.727,-37.311,11.993,0.100,0.570
148,0.067,0.588,0.345,0.067,0.588,0.673,0.067,0.588,0.518,0.854,26.945,-34.406,0.823,0.270
100,0.215,0.242,0.542,0.215,0.242,0.776,0.215,0.242,0.518,0.923,16.916,-56.946,0.710,0.124
459,0.270,0.174,0.556,0.270,0.174,0.783,0.270,0.174,0.518,0.850,11.032,-60.225,0.644,0.103
336,0.262,0.057,0.682,0.262,0.056,0.849,0.262,0.057,0.517,0.653,18.722,-71.925,0.731,0.028
284,0.969,0.251,-0.220,0.970,0.250,0.378,0.969,0.251,0.517,0.719,27.737,27.263,0.832,0.668
911,0.975,0.963,-0.938,0.976,0.964,0.003,0.975,0.963,0.517,0.532,-11.147,75.270,0.395,0.978
211,0.086,0.360,0.554,0.086,0.360,0.782,0.086,0.360,0.517,0.743,26.267,-49.935,0.815,0.170
819,0.025,0.502,0.473,0.025,0.502,0.740,0.025,0.502,0.517,0.723,29.014,-40.688,0.846,0.229
540,0.073,0.026,0.901,0.073,0.025,0.964,0.073,0.026,0.517,0.551,30.963,-75.140,0.868,0.007
58,0.355,0.027,0.618,0.355,0.026,0.816,0.355,0.027,0.517,0.655,5.316,-66.292,0.580,0.064
885,0.661,0.067,0.272,0.661,0.067,0.635,0.661,0.067,0.517,0.871,-13.999,-51.663,0.362,0.158
105,0.864,0.782,-0.646,0.865,0.783,0.155,0.864,0.782,0.517,0.729,-1.159,65.624,0.507,0.916
969,0.891,0.842,-0.733,0.892,0.843,0.110,0.891,0.842,0.517,0.661,-3.945,68.529,0.476,0.935
173,0.055,0.215,0.731,0.054,0.214,0.875,0.055,0.215,0.517,0.630,29.498,-65.408,0.852,0.070
390,0.014,0.680,0.306,0.014,0.680,0.653,0.014,0.680,0.517,0.777,28.503,-31.590,0.841,0.288
178,0.883,0.997,-0.881,0.884,0.998,0.033,0.883,0.997,0.517,0.536,-8.540,75.941,0.424,0.983
890,0.816,0.100,0.084,0.817,0.099,0.537,0.816,0.100,0.517,0.720,34.808,5.963,0.912,0.531
912,0.844,0.876,-0.721,0.845,0.877,0.117,0.844,0.876,0.517,0.681,-1.761,71.125,0.500,0.951
869,0.138,0.910,-0.048,0.138,0.910,0.468,0.138,0.910,0.517,0.670,-42.910,1.594,0.037,0.502
27,0.226,0.233,0.540,0.226,0.233,0.775,0.226,0.233,0.517,0.942,15.779,-57.098,0.697,0.123
721,0.970,0.796,-0.766,0.971,0.796,0.093,0.970,0.796,0.517,0.589,-7.557,66.345,0.435,0.921
275,0.582,0.978,-0.560,0.582,0.979,0.200,0.582,0.978,0.517,0.664,-32.618,44.818,0.153,0.782
919,0.093,0.850,0.058,0.092,0.851,0.523,0.093,0.850,0.517,0.681,-40.524,-4.274,0.064,0.465
6,0.086,0.936,-0.022,0.085,0.937,0.482,0.086,0.936,0.517,0.607,-44.408,-0.282,0.020,0.490
601,0.170,0.789,0.040,0.170,0.790,0.514,0.170,0.789,0.517,0.834,-35.779,-1.594,0.117,0.482
840,0.554,0.144,0.301,0.554,0.143,0.651,0.554,0.144,0.517,1.017,-8.209,-50.126,0.428,0.168
957,0.434,0.007,0.559,0.434,0.007,0.785,0.434,0.007,0.517,0.664,2.339,-65.344,0.546,0.070
69,0.613,0.205,0.179,0.613,0.205,0.586,0.613,0.205,0.517,1.267,-12.348,-45.613,0.381,0.198
943,0.160,0.999,-0.159,0.160,1.000,0.410,0.160,0.999,0.517,0.615,-39.961,13.301,0.070,0.578
49,0.203,0.318,0.478,0.203,0.318,0.743,0.203,0.318,0.517,0.957,18.463,-49.383,0.728,0.173
247,0.868,0.140,-0.008,0.869,0.139,0.489,0.868,0.140,0.517,0.708,36.117,13.367,0.926,0.578
812,0.959,0.010,0.031,0.960,0.010,0.509,0.959,0.010,0.517,0.544,41.991,11.023,0.992,0.563
132,0.504,0.108,0.388,0.504,0.107,0.696,0.504,0.108,0.517,0.877,-5.382,-54.638,0.459,0.139
51,0.509,0.175,0.313,0.509,0.175,0.657,0.509,0.175,0.517,1.072,-5.099,-49.043,0.463,0.175
471,0.197,0.656,0.146,0.197,0.656,0.569,0.197,0.656,0.517,1.126,-28.169,-8.957,0.203,0.434
573,0.167,0.325,0.507,0.167,0.325,0.758,0.167,0.325,0.517,0.874,21.071,-49.389,0.757,0.173
94,0.811,0.168,0.021,0.812,0.167,0.504,0.811,0.168,0.517,0.801,31.335,8.463,0.872,0.547
953,0.215,0.897,-0.111,0.215,0.897,0.435,0.215,0.897,0.517,0.757,-36.613,12.819,0.108,0.575
89,0.194,0.944,-0.138,0.194,0.945,0.421,0.194,0.944,0.516,0.688,-38.569,12.926,0.086,0.576
394,0.997,0.003,-0.000,0.998,0.003,0.493,0.997,0.003,0.516,0.519,42.672,12.127,1.000,0.570
398,0.429,0.164,0.406,0.429,0.164,0.705,0.429,0.164,0.516,0.955,1.025,-53.239,0.531,0.148
807,0.899,0.136,-0.035,0.900,0.135,0.475,0.899,0.136,0.516,0.675,36.889,14.436,0.935,0.585
228,0.022,0.283,0.695,0.022,0.283,0.856,0.022,0.283,0.516,0.619,29.843,-59.463,0.856,0.108
149,0.998,0.889,-0.887,0.998,0.890,0.030,0.998,0.889,0.516,0.534,-10.869,72.279,0.398,0.959
102,0.021,0.194,0.785,0.020,0.194,0.903,0.021,0.194,0.516,0.585,30.688,-67.785,0.865,0.054
724,0.645,0.115,0.239,0.646,0.115,0.618,0.645,0.115,0.516,0.972,-13.426,-49.366,0.369,0.173
230,0.851,0.837,-0.688,0.852,0.837,0.134,0.851,0.837,0.516,0.719,-1.223,68.664,0.506,0.936
844,0.963,0.733,-0.696,0.964,0.734,0.129,0.963,0.733,0.516,0.618,-4.683,62.503,0.467,0.896
216,0.567,0.162,0.270,0.567,0.162,0.634,0.567,0.162,0.516,1.093,-8.828,-48.837,0.421,0.177
513,0.656,0.057,0.287,0.656,0.057,0.643,0.656,0.057,0.516,0.862,-13.536,-52.478,0.368,0.153
82,0.557,0.023,0.421,0.557,0.022,0.713,0.557,0.023,0.516,0.747,-7.977,-57.096,0.430,0.123
769,0.876,0.803,-0.678,0.876,0.803,0.139,0.876,0.803,0.516,0.700,-1.807,66.619,0.500,0.922
4,0.075,0.333,0.592,0.075,0.333,0.802,0.075,0.333,0.516,0.710,27.504,-54.907,0.829,0.137
499,0.844,0.848,-0.692,0.845,0.848,0.132,0.844,0.848,0.516,0.721,-1.041,69.666,0.508,0.942
353,0.276,0.878,-0.154,0.276,0.879,0.412,0.276,0.878,0.516,0.856,-34.472,15.373,0.132,0.591
14,0.934,0.753,-0.688,0.935,0.754,0.134,0.934,0.753,0.516,0.644,-3.952,63.568,0.476,0.903
903,0.385,0.136,0.478,0.385,0.136,0.743,0.385,0.136,0.516,0.850,4.030,-58.386,0.565,0.115
655,0.855,0.200,-0.055,0.856,0.200,0.464,0.855,0.200,0.516,0.786,31.985,16.684,0.880,0.600
635,0.380,0.186,0.433,0.380,0.186,0.719,0.380,0.186,0.516,0.967,3.685,-53.875,0.561,0.144
780,0.686,0.106,0.208,0.687,0.105,0.602,0.686,0.106,0.516,0.886,-14.830,-49.232,0.353,0.174
758,0.980,0.208,-0.188,0.980,0.208,0.395,0.980,0.208,0.516,0.668,28.994,27.121,0.846,0.667
414,0.829,0.094,0.078,0.829,0.093,0.534,0.829,0.094,0.516,0.701,35.753,6.303,0.922,0.533
218,0.109,0.060,0.831,0.108,0.060,0.927,0.109,0.060,0.516,0.595,28.440,-73.994,0.840,0.014
187,0.421,0.098,0.482,0.421,0.097,0.745,0.421,0.098,0.515,0.795,0.871,-59.224,0.530,0.110
773,0.155,0.903,-0.057,0.155,0.903,0.463,0.155,0.903,0.515,0.689,-42.135,2.226,0.046,0.506
836,0.181,0.709,0.109,0.181,0.709,0.550,0.181,0.709,0.515,0.976,-30.963,-6.952,0.172,0.447
443,0.957,0.967,-0.924,0.957,0.968,0.011,0.957,0.967,0.515,0.538,-10.245,74.829,0.405,0.975
39,0.424,0.096,0.480,0.424,0.096,0.744,0.424,0.096,0.515,0.795,0.350,-59.925,0.524,0.105
66,0.115,0.339,0.546,0.115,0.339,0.778,0.115,0.339,0.515,0.777,24.573,-50.129,0.796,0.168
444,0.964,0.133,-0.098,0.965,0.133,0.442,0.964,0.133,0.515,0.619,37.977,17.173,0.947,0.603
713,0.050,0.745,0.205,0.050,0.745,0.600,0.050,0.745,0.515,0.741,-35.679,-12.402,0.119,0.412
427,0.549,0.975,-0.524,0.549,0.976,0.219,0.549,0.975,0.515,0.681,-32.687,41.754,0.152,0.762
447,0.102,0.566,0.331,0.102,0.567,0.666,0.102,0.566,0.515,0.913,24.817,-34.115,0.799,0.272
927,0.070,0.154,0.777,0.069,0.153,0.899,0.070,0.154,0.515,0.621,29.487,-68.629,0.852,0.049
614,0.799,0.158,0.042,0.800,0.158,0.515,0.799,0.158,0.515,0.802,31.794,7.429,0.878,0.540
91,0.098,0.073,0.829,0.098,0.072,0.926,0.098,0.073,0.515,0.603,29.054,-73.358,0.847,0.018
235,0.209,0.230,0.561,0.209,0.229,0.786,0.209,0.230,0.515,0.893,17.405,-57.929,0.716,0.118
331,0.618,0.033,0.348,0.619,0.033,0.675,0.618,0.033,0.515,0.802,-11.370,-54.705,0.392,0.139
365,0.038,0.632,0.329,0.038,0.633,0.665,0.038,0.632,0.515,0.821,27.702,-32.829,0.832,0.280
130,0.915,0.742,-0.657,0.916,0.742,0.150,0.915,0.742,0.515,0.672,-3.034,62.726,0.486,0.897
577,0.120,0.236,0.645,0.119,0.235,0.830,0.120,0.236,0.515,0.724,24.835,-60.216,0.799,0.103
582,0.101,0.761,0.137,0.101,0.762,0.565,0.101,0.761,0.515,0.779,-36.233,-8.482,0.112,0.437
838,0.126,0.893,-0.019,0.126,0.894,0.483,0.126,0.893,0.515,0.670,-42.188,0.582,0.045,0.496
231,0.137,0.801,0.062,0.137,0.802,0.525,0.137,0.801,0.515,0.774,-37.148,-4.071,0.102,0.466
234,0.747,0.943,-0.690,0.748,0.943,0.133,0.747,0.943,0.515,0.635,1.929,76.236,0.542,0.985
84,0.133,0.561,0.306,0.133,0.561,0.653,0.133,0.561,0.515,0.990,22.783,-33.672,0.776,0.275
372,0.190,0.124,0.687,0.189,0.124,0.852,0.190,0.124,0.514,0.707,21.174,-68.868,0.758,0.047
433,0.954,0.827,-0.781,0.955,0.828,0.085,0.954,0.827,0.514,0.591,-7.957,67.746,0.430,0.930
870,0.945,0.034,0.021,0.946,0.034,0.504,0.945,0.034,0.514,0.564,41.013,11.341,0.981,0.565
560,0.071,0.012,0.917,0.071,0.012,0.972,0.071,0.012,0.514,0.536,31.336,-76.191,0.872,0.000
762,0.065,0.068,0.866,0.065,0.068,0.946,0.065,0.068,0.514,0.584,30.600,-73.644,0.864,0.016
939,0.893,0.085,0.021,0.894,0.085,0.504,0.893,0.085,0.514,0.636,38.390,11.168,0.952,0.564
19,0.124,0.782,0.094,0.124,0.782,0.542,0.124,0.782,0.514,0.782,-36.536,-6.300,0.109,0.451
383,0.552,0.150,0.297,0.552,0.150,0.648,0.552,0.150,0.514,1.033,-7.605,-49.696,0.434,0.171
811,0.186,0.676,0.136,0.186,0.677,0.564,0.186,0.676,0.514,1.047,-29.608,-8.843,0.187,0.435
50,0.859,0.916,-0.775,0.860,0.917,0.088,0.859,0.916,0.514,0.620,-3.096,73.689,0.485,0.968
551,0.203,0.755,0.042,0.203,0.755,0.515,0.203,0.755,0.514,0.932,-32.350,-0.241,0.156,0.491
489,0.797,0.132,0.071,0.797,0.132,0.530,0.797,0.132,0.514,0.773,33.067,6.121,0.892,0.532
986,0.161,0.246,0.592,0.161,0.246,0.802,0.161,0.246,0.514,0.802,21.599,-59.371,0.763,0.109
895,0.514,0.129,0.356,0.515,0.128,0.679,0.514,0.129,0.514,0.933,-5.535,-52.729,0.458,0.152
10,0.234,0.641,0.120,0.234,0.641,0.556,0.234,0.641,0.514,1.264,-26.108,-7.901,0.226,0.441
715,0.533,0.936,-0.468,0.533,0.936,0.248,0.533,0.936,0.514,0.747,-31.368,37.827,0.167,0.736
563,0.753,0.238,0.008,0.753,0.238,0.497,0.753,0.238,0.514,0.998,26.468,9.082,0.818,0.551
34,0.134,0.122,0.744,0.134,0.121,0.882,0.134,0.122,0.514,0.675,25.377,-70.669,0.805,0.036
979,0.177,0.189,0.634,0.177,0.189,0.824,0.177,0.189,0.514,0.794,21.918,-62.274,0.767,0.090
294,0.270,0.940,-0.210,0.270,0.941,0.383,0.270,0.940,0.514,0.766,-35.603,19.591,0.119,0.619
46,0.053,0.844,0.103,0.053,0.844,0.547,0.053,0.844,0.514,0.650,-41.229,-6.949,0.056,0.447
971,0.066,0.830,0.104,0.066,0.831,0.547,0.066,0.830,0.514,0.672,-40.243,-7.224,0.067,0.445
623,0.252,0.032,0.716,0.252,0.032,0.867,0.252,0.032,0.514,0.615,20.303,-72.833,0.748,0.022
781,0.813,0.842,-0.656,0.814,0.843,0.151,0.813,0.842,0.514,0.742,0.090,69.141,0.521,0.939
982,0.232,0.823,-0.055,0.232,0.824,0.464,0.232,0.823,0.514,0.868,-33.420,9.333,0.144,0.552
468,0.819,0.147,0.034,0.820,0.146,0.511,0.819,0.147,0.514,0.762,32.698,7.826,0.888,0.543
719,0.920,0.945,-0.865,0.921,0.946,0.041,0.920,0.945,0.514,0.567,-8.808,74.009,0.421,0.970
677,0.868,0.815,-0.683,0.869,0.816,0.136,0.868,0.815,0.514,0.701,-1.330,67.516,0.505,0.928
242,0.261,0.107,0.632,0.261,0.106,0.823,0.261,0.107,0.514,0.716,17.682,-69.069,0.719,0.046
605,0.257,0.064,0.679,0.257,0.064,0.848,0.257,0.064,0.514,0.655,19.479,-71.405,0.739,0.031
633,0.742,0.024,0.235,0.742,0.023,0.616,0.742,0.024,0.514,0.714,-16.788,-52.025,0.331,0.156
436,0.063,0.618,0.319,0.063,0.618,0.660,0.063,0.618,0.514,0.860,26.807,-33.146,0.822,0.278
936,0.097,0.082,0.821,0.097,0.081,0.922,0.097,0.082,0.514,0.611,28.682,-72.582,0.843,0.023
808,0.582,0.074,0.343,0.583,0.074,0.672,0.582,0.074,0.514,0.859,-9.634,-54.252,0.412,0.142
594,0.532,0.981,-0.513,0.532,0.982,0.225,0.532,0.981,0.513,0.678,-32.677,40.727,0.152,0.755
322,0.209,0.865,-0.074,0.208,0.866,0.455,0.209,0.865,0.513,0.780,-35.737,11.034,0.118,0.563
894,0.548,0.996,-0.543,0.548,0.997,0.209,0.548,0.996,0.513,0.651,-33.589,42.528,0.142,0.767
735,0.041,0.350,0.609,0.041,0.350,0.811,0.041,0.350,0.513,0.666,28.801,-54.607,0.844,0.139
833,0.024,0.639,0.337,0.024,0.640,0.669,0.024,0.639,0.513,0.795,28.427,-33.344,0.840,0.277
26,0.446,0.971,-0.417,0.446,0.972,0.275,0.446,0.971,0.513,0.736,-32.346,31.180,0.156,0.693
994,0.453,0.966,-0.419,0.453,0.967,0.274,0.453,0.966,0.513,0.740,-32.696,31.978,0.152,0.699
416,0.142,0.066,0.792,0.142,0.065,0.907,0.142,0.066,0.513,0.609,26.373,-73.268,0.817,0.019
834,0.107,0.102,0.791,0.107,0.102,0.906,0.107,0.102,0.513,0.638,27.545,-71.839,0.830,0.028
426,0.183,0.323,0.493,0.183,0.323,0.751,0.183,0.323,0.513,0.903,19.787,-49.286,0.743,0.174
224,0.839,0.947,-0.785,0.839,0.948,0.083,0.839,0.947,0.513,0.593,-3.012,74.785,0.486,0.975
881,0.335,0.169,0.496,0.335,0.169,0.752,0.335,0.169,0.513,0.880,7.930,-58.612,0.609,0.114
829,0.849,0.231,-0.081,0.850,0.231,0.451,0.849,0.231,0.513,0.828,30.559,17.443,0.864,0.605
842,0.888,0.978,-0.866,0.889,0.979,0.041,0.888,0.978,0.513,0.546,-8.091,75.032,0.429,0.977
984,0.853,0.229,-0.082,0.854,0.229,0.450,0.853,0.229,0.513,0.820,31.150,17.725,0.870,0.607
978,0.259,0.879,-0.139,0.259,0.880,0.421,0.259,0.879,0.512,0.825,-35.131,14.242,0.125,0.584
958,0.982,0.711,-0.693,0.982,0.712,0.131,0.982,0.711,0.512,0.602,-4.456,61.372,0.470,0.888
195,0.798,0.119,0.083,0.799,0.118,0.537,0.798,0.119,0.512,0.752,33.744,5.363,0.900,0.527
21,0.036,0.510,0.454,0.036,0.510,0.730,0.036,0.510,0.512,0.738,28.248,-39.998,0.838,0.234
259,0.561,0.058,0.380,0.562,0.058,0.692,0.561,0.058,0.512,0.808,-8.936,-55.320,0.419,0.135
452,0.279,0.972,-0.251,0.279,0.973,0.362,0.279,0.972,0.512,0.738,-35.634,21.687,0.119,0.632
668,0.993,0.741,-0.734,0.994,0.741,0.110,0.993,0.741,0.512,0.579,-5.956,63.389,0.453,0.902
192,0.819,0.080,0.101,0.819,0.080,0.546,0.819,0.080,0.512,0.693,36.011,5.201,0.925,0.526
564,0.774,0.236,-0.011,0.775,0.236,0.487,0.774,0.236,0.512,0.950,27.237,10.065,0.826,0.557
207,0.592,0.969,-0.561,0.592,0.970,0.200,0.592,0.969,0.512,0.665,-31.637,44.841,0.164,0.782
103,0.992,0.952,-0.944,0.993,0.953,0.000,0.992,0.952,0.512,0.515,-11.923,74.414,0.386,0.973
180,0.169,0.413,0.416,0.169,0.413,0.711,0.169,0.413,0.512,0.944,21.484,-43.269,0.762,0.213
210,0.482,0.186,0.329,0.482,0.186,0.665,0.482,0.186,0.512,1.068,-2.865,-48.710,0.488,0.177
470,0.040,0.084,0.876,0.040,0.083,0.951,0.040,0.084,0.512,0.562,31.551,-73.135,0.875,0.020
729,0.059,0.871,0.070,0.059,0.871,0.530,0.059,0.871,0.512,0.630,-42.419,-5.330,0.043,0.458
360,0.934,0.179,-0.113,0.934,0.179,0.434,0.934,0.179,0.512,0.678,36.004,18.011,0.925,0.608
492,0.477,0.965,-0.443,0.478,0.966,0.262,0.477,0.965,0.512,0.727,-32.244,33.535,0.157,0.709
135,0.815,0.928,-0.743,0.816,0.929,0.105,0.815,0.928,0.512,0.621,-0.939,74.125,0.509,0.971
866,0.084,0.856,0.060,0.084,0.856,0.525,0.084,0.856,0.512,0.663,-41.312,-4.798,0.055,0.461
460,0.917,0.070,0.013,0.918,0.069,0.500,0.917,0.070,0.512,0.603,39.565,11.572,0.965,0.567
316,0.243,0.021,0.736,0.243,0.020,0.878,0.243,0.021,0.511,0.596,21.008,-73.726,0.756,0.016
179,0.820,0.925,-0.745,0.821,0.926,0.104,0.820,0.925,0.511,0.622,-1.679,73.816,0.501,0.969
389,0.124,0.988,-0.112,0.124,0.989,0.435,0.124,0.988,0.511,0.591,-40.547,11.971,0.064,0.569
424,0.153,0.076,0.771,0.152,0.076,0.896,0.153,0.076,0.511,0.623,25.343,-72.874,0.805,0.021
627,0.094,0.422,0.484,0.094,0.422,0.746,0.094,0.422,0.511,0.784,25.559,-45.444,0.807,0.199
659,0.251,0.865,-0.115,0.251,0.865,0.433,0.251,0.865,0.511,0.832,-34.644,13.036,0.130,0.576
754,0.650,0.170,0.178,0.651,0.170,0.586,0.650,0.170,0.511,1.063,-13.475,-46.485,0.368,0.192
981,0.564,0.100,0.335,0.565,0.100,0.668,0.564,0.100,0.511,0.900,-8.880,-53.184,0.420,0.149
254,0.520,0.988,-0.508,0.520,0.989,0.228,0.520,0.988,0.511,0.671,-33.523,40.327,0.143,0.753
901,0.733,0.990,-0.723,0.734,0.991,0.116,0.733,0.990,0.511,0.584,0.662,77.242,0.527,0.991
422,0.393,0.984,-0.377,0.393,0.985,0.296,0.393,0.984,0.511,0.742,-33.314,28.840,0.145,0.678
279,0.862,0.191,-0.053,0.863,0.190,0.466,0.862,0.191,0.511,0.759,32.773,16.505,0.889,0.599
859,0.429,0.977,-0.406,0.429,0.978,0.281,0.429,0.977,0.511,0.733,-32.898,30.277,0.150,0.688
534,0.077,0.585,0.338,0.077,0.585,0.670,0.077,0.585,0.511,0.862,26.043,-34.257,0.813,0.271
879,0.091,0.825,0.083,0.091,0.826,0.537,0.091,0.825,0.511,0.695,-39.591,-5.864,0.075,0.454
710,0.158,0.039,0.803,0.158,0.038,0.913,0.158,0.039,0.511,0.584,25.885,-74.381,0.811,0.012
861,0.947,0.153,-0.100,0.947,0.153,0.441,0.947,0.153,0.511,0.643,36.771,17.229,0.934,0.603
33,0.097,0.238,0.666,0.096,0.237,0.841,0.097,0.238,0.511,0.685,26.329,-60.489,0.816,0.101
177,0.219,0.050,0.731,0.219,0.050,0.875,0.219,0.050,0.511,0.619,21.831,-72.882,0.766,0.021
265,0.362,0.116,0.522,0.362,0.116,0.766,0.362,0.116,0.511,0.786,5.929,-61.095,0.587,0.098
578,0.264,0.887,-0.152,0.264,0.888,0.414,0.264,0.887,0.511,0.818,-35.446,15.294,0.121,0.591
602,0.147,0.268,0.585,0.146,0.268,0.799,0.147,0.268,0.511,0.782,22.590,-58.126,0.774,0.117
52,0.579,0.961,-0.540,0.579,0.962,0.211,0.579,0.961,0.510,0.680,-31.283,43.098,0.168,0.770
663,0.943,0.276,-0.219,0.944,0.276,0.379,0.943,0.276,0.510,0.764,26.859,26.898,0.822,0.666
928,0.794,0.216,-0.010,0.794,0.216,0.488,0.794,0.216,0.510,0.883,28.501,9.689,0.841,0.555
930,0.141,0.778,0.081,0.141,0.779,0.535,0.141,0.778,0.510,0.800,-36.153,-5.261,0.113,0.458
962,0.323,0.152,0.525,0.323,0.152,0.767,0.323,0.152,0.510,0.830,8.207,-59.976,0.612,0.105
121,0.083,0.620,0.297,0.083,0.621,0.648,0.083,0.620,0.510,0.903,25.950,-32.632,0.812,0.281
35,0.160,0.261,0.579,0.160,0.261,0.795,0.160,0.261,0.510,0.803,21.515,-58.275,0.762,0.116
334,0.247,0.644,0.103,0.247,0.644,0.547,0.247,0.644,0.510,1.285,-25.406,-7.119,0.234,0.446
915,0.675,0.212,0.110,0.676,0.212,0.551,0.675,0.212,0.510,1.100,25.756,2.776,0.810,0.510
918,0.588,0.960,-0.547,0.588,0.961,0.207,0.588,0.960,0.510,0.676,-31.044,43.973,0.171,0.776
714,0.365,0.981,-0.346,0.365,0.982,0.313,0.365,0.981,0.510,0.762,-33.438,26.820,0.144,0.665
856,0.969,0.831,-0.800,0.970,0.832,0.075,0.969,0.831,0.510,0.570,-9.010,68.369,0.419,0.934
395,0.073,0.911,0.016,0.073,0.911,0.502,0.073,0.911,0.510,0.608,-43.763,-2.234,0.028,0.478
988,0.274,0.866,-0.141,0.274,0.867,0.420,0.274,0.866,0.510,0.860,-33.952,14.351,0.138,0.585
658,0.105,0.959,-0.064,0.105,0.960,0.460,0.105,0.959,0.510,0.596,-44.789,1.157,0.016,0.500
153,0.875,0.249,-0.124,0.876,0.249,0.428,0.875,0.249,0.510,0.813,29.329,19.505,0.850,0.618
723,0.227,0.720,0.052,0.227,0.720,0.520,0.227,0.720,0.510,1.034,-30.406,-0.665,0.178,0.488
555,0.348,0.132,0.520,0.348,0.131,0.765,0.348,0.132,0.509,0.804,6.848,-60.380,0.597,0.102
450,0.282,0.821,-0.103,0.282,0.821,0.439,0.282,0.821,0.509,0.945,-32.657,11.683,0.153,0.568
734,0.140,0.874,-0.014,0.139,0.875,0.486,0.140,0.874,0.509,0.692,-41.179,-0.033,0.057,0.492
496,0.981,0.769,-0.750,0.981,0.770,0.102,0.981,0.769,0.509,0.580,-6.728,64.691,0.444,0.910
667,0.514,0.975,-0.489,0.514,0.976,0.238,0.514,0.975,0.509,0.690,-33.014,39.137,0.149,0.745
116,0.052,0.434,0.514,0.052,0.434,0.762,0.052,0.434,0.509,0.717,27.976,-46.548,0.835,0.191
276,0.192,0.039,0.769,0.191,0.039,0.895,0.192,0.039,0.509,0.595,23.711,-74.212,0.787,0.013
188,0.143,0.872,-0.016,0.143,0.873,0.485,0.143,0.872,0.509,0.697,-40.963,0.764,0.059,0.497
217,0.360,0.941,-0.301,0.360,0.942,0.336,0.360,0.941,0.509,0.840,-33.158,24.304,0.147,0.649
556,0.399,0.973,-0.372,0.399,0.974,0.299,0.399,0.973,0.509,0.754,-32.722,28.137,0.152,0.674
880,0.695,0.949,-0.644,0.696,0.949,0.157,0.695,0.949,0.509,0.642,3.914,77.752,0.564,0.994
418,0.546,0.923,-0.469,0.546,0.924,0.248,0.546,0.923,0.509,0.752,-30.333,38.078,0.179,0.738
610,0.389,0.993,-0.381,0.389,0.994,0.294,0.389,0.993,0.509,0.726,-33.922,28.213,0.138,0.674
893,0.560,0.964,-0.525,0.561,0.965,0.219,0.560,0.964,0.508,0.682,-31.682,41.988,0.164,0.763
421,0.973,0.882,-0.854,0.974,0.882,0.047,0.973,0.882,0.508,0.549,-9.812,71.523,0.410,0.954
566,0.736,0.212,0.051,0.737,0.212,0.520,0.736,0.212,0.508,0.968,26.970,6.519,0.823,0.534
688,0.091,0.441,0.468,0.091,0.441,0.738,0.091,0.441,0.508,0.785,25.517,-44.293,0.807,0.206
469,0.061,0.315,0.624,0.061,0.315,0.819,0.061,0.315,0.508,0.670,28.165,-56.599,0.837,0.127
292,0.062,0.569,0.369,0.062,0.569,0.686,0.062,0.569,0.508,0.814,26.840,-35.637,0.822,0.262
648,0.395,0.533,-0.039,0.395,0.533,0.473,0.395,0.533,0.508,3.683,-13.493,2.160,0.368,0.506
987,0.559,0.913,-0.472,0.559,0.914,0.246,0.559,0.913,0.508,0.761,-29.547,38.564,0.188,0.741
268,0.186,0.053,0.761,0.186,0.052,0.891,0.186,0.053,0.508,0.605,23.839,-73.257,0.788,0.019
822,0.728,0.922,-0.650,0.729,0.922,0.154,0.728,0.922,0.508,0.661,3.477,76.569,0.559,0.987
660,0.752,0.970,-0.722,0.753,0.971,0.116,0.752,0.970,0.508,0.594,0.607,76.304,0.527,0.985
964,0.117,0.900,-0.016,0.117,0.900,0.485,0.117,0.900,0.508,0.648,-42.646,-0.241,0.040,0.491
238,0.223,0.764,0.013,0.223,0.764,0.500,0.223,0.764,0.508,0.938,-31.287,1.644,0.168,0.503
652,0.742,0.911,-0.654,0.743,0.912,0.152,0.742,0.911,0.507,0.668,3.699,75.723,0.562,0.981
109,0.211,0.035,0.754,0.211,0.035,0.887,0.211,0.035,0.507,0.595,22.566,-73.866,0.774,0.015
524,0.326,0.114,0.560,0.326,0.114,0.786,0.326,0.114,0.507,0.754,7.598,-62.114,0.605,0.091
190,0.105,0.794,0.101,0.105,0.795,0.546,0.105,0.794,0.507,0.734,-37.646,-6.790,0.096,0.448
344,0.230,0.217,0.553,0.230,0.217,0.782,0.230,0.217,0.507,0.897,16.096,-58.014,0.701,0.117
280,0.012,0.614,0.374,0.012,0.614,0.689,0.012,0.614,0.506,0.748,28.756,-34.571,0.843,0.269
706,0.324,0.941,-0.265,0.324,0.942,0.355,0.324,0.941,0.506,0.820,-34.112,22.312,0.136,0.636
703,0.922,0.291,-0.212,0.923,0.290,0.382,0.922,0.291,0.506,0.800,26.538,25.939,0.818,0.660
41,0.531,0.925,-0.457,0.531,0.926,0.255,0.531,0.925,0.506,0.754,-30.530,36.947,0.177,0.731
932,0.526,0.932,-0.458,0.526,0.933,0.254,0.526,0.932,0.506,0.745,-31.406,36.794,0.167,0.730
689,0.966,0.669,-0.635,0.967,0.669,0.161,0.966,0.669,0.506,0.628,-3.098,58.461,0.485,0.870
137,0.596,0.933,-0.530,0.597,0.934,0.216,0.596,0.933,0.506,0.705,-29.770,43.596,0.185,0.774
952,0.468,0.935,-0.403,0.468,0.936,0.283,0.468,0.935,0.506,0.774,-31.487,32.309,0.166,0.701
576,0.182,0.702,0.116,0.182,0.702,0.554,0.182,0.702,0.505,0.972,-30.322,-7.634,0.179,0.443
160,0.291,0.877,-0.169,0.291,0.878,0.405,0.291,0.877,0.505,0.861,-34.391,16.374,0.133,0.598
381,0.304,0.917,-0.221,0.304,0.918,0.378,0.304,0.917,0.505,0.823,-34.276,19.995,0.134,0.621
155,0.996,0.319,-0.314,0.996,0.318,0.329,0.996,0.319,0.505,0.744,25.298,31.445,0.805,0.695
337,0.979,0.516,-0.494,0.979,0.516,0.235,0.979,0.516,0.505,0.678,7.705,48.971,0.607,0.808
549,0.559,0.901,-0.461,0.560,0.902,0.252,0.559,0.901,0.504,0.776,-28.777,37.930,0.196,0.737
438,0.351,0.895,-0.246,0.351,0.896,0.364,0.351,0.895,0.504,0.925,-32.588,21.292,0.153,0.630
364,0.501,0.932,-0.433,0.501,0.933,0.267,0.501,0.932,0.504,0.756,-31.158,35.101,0.169,0.719
855,0.912,0.281,-0.193,0.913,0.281,0.392,0.912,0.281,0.503,0.797,27.091,25.065,0.825,0.654
850,0.301,0.868,-0.169,0.301,0.868,0.405,0.301,0.868,0.503,0.888,-33.282,16.493,0.146,0.599
529,0.537,0.912,-0.449,0.537,0.913,0.259,0.537,0.912,0.503,0.770,-29.663,36.847,0.186,0.730
888,0.986,0.319,-0.306,0.987,0.319,0.333,0.986,0.319,0.503,0.753,25.066,30.629,0.802,0.690
621,0.879,0.812,-0.691,0.880,0.813,0.132,0.879,0.812,0.500,0.668,-2.355,67.663,0.493,0.929
329,0.176,0.818,0.006,0.176,0.819,0.496,0.176,0.818,0.500,0.778,-37.525,-0.458,0.098,0.489
637,0.538,0.955,-0.494,0.539,0.956,0.235,0.538,0.955,0.500,0.693,-31.691,39.792,0.163,0.749
167,0.978,0.687,-0.665,0.978,0.688,0.146,0.978,0.687,0.500,0.601,-3.647,59.941,0.479,0.879
65,0.951,0.792,-0.743,0.952,0.793,0.105,0.951,0.792,0.500,0.590,-6.301,65.956,0.449,0.918
286,0.047,0.574,0.378,0.047,0.575,0.691,0.047,0.574,0.500,0.776,27.807,-35.663,0.833,0.262
371,0.030,0.573,0.397,0.030,0.573,0.701,0.030,0.573,0.500,0.745,28.651,-36.376,0.842,0.257
57,0.212,0.757,0.030,0.212,0.758,0.509,0.212,0.757,0.500,0.916,-31.527,0.447,0.165,0.495
755,0.211,0.760,0.028,0.211,0.761,0.508,0.211,0.760,0.500,0.909,-32.259,0.875,0.157,0.498
867,0.024,0.420,0.556,0.024,0.420,0.784,0.024,0.420,0.500,0.658,29.263,-48.032,0.849,0.182
557,0.573,0.983,-0.556,0.573,0.984,0.203,0.573,0.983,0.500,0.640,-32.592,43.245,0.153,0.771
5,0.989,0.292,-0.280,0.989,0.292,0.347,0.989,0.292,0.500,0.717,26.049,29.768,0.813,0.684
296,0.928,0.823,-0.752,0.929,0.824,0.101,0.928,0.823,0.500,0.604,-6.213,67.395,0.450,0.927
104,0.151,0.210,0.639,0.150,0.210,0.827,0.151,0.210,0.500,0.739,23.189,-61.471,0.781,0.095
151,0.184,0.022,0.794,0.184,0.021,0.908,0.184,0.022,0.500,0.564,24.723,-74.804,0.798,0.009
846,0.495,0.181,0.321,0.496,0.181,0.661,0.495,0.181,0.500,1.042,-3.940,-48.693,0.476,0.178
506,0.044,0.293,0.663,0.044,0.293,0.839,0.044,0.293,0.500,0.629,28.782,-58.056,0.844,0.117
544,0.157,0.087,0.756,0.157,0.087,0.888,0.157,0.087,0.500,0.624,24.870,-72.063,0.800,0.027
669,0.768,0.046,0.187,0.768,0.045,0.591,0.768,0.046,0.500,0.692,-18.000,-51.353,0.317,0.160
680,0.240,0.252,0.507,0.240,0.252,0.758,0.240,0.252,0.500,0.965,15.380,-55.263,0.693,0.135
123,0.305,0.159,0.535,0.305,0.159,0.773,0.305,0.159,0.500,0.814,9.368,-60.059,0.625,0.104
357,0.264,0.105,0.632,0.264,0.104,0.823,0.264,0.105,0.500,0.695,17.373,-69.735,0.715,0.042
487,0.146,0.231,0.623,0.145,0.231,0.819,0.146,0.231,0.500,0.742,23.314,-60.064,0.782,0.104
488,0.201,0.141,0.658,0.201,0.141,0.837,0.201,0.141,0.500,0.718,20.207,-67.997,0.747,0.053
596,0.703,0.047,0.250,0.704,0.046,0.624,0.703,0.047,0.500,0.760,-15.506,-51.679,0.346,0.158
615,0.164,0.840,-0.004,0.164,0.841,0.491,0.164,0.840,0.500,0.739,-38.905,-0.200,0.082,0.491
694,0.262,0.777,-0.040,0.262,0.777,0.472,0.262,0.777,0.500,0.971,-29.892,4.576,0.184,0.522
717,0.018,0.098,0.884,0.018,0.098,0.955,0.018,0.098,0.500,0.534,32.530,-72.837,0.886,0.022
794,0.916,0.086,-0.002,0.917,0.086,0.492,0.916,0.086,0.500,0.602,38.855,12.495,0.957,0.573
60,0.111,0.857,0.031,0.111,0.858,0.510,0.111,0.857,0.500,0.669,-40.719,-2.623,0.062,0.475
351,0.101,0.278,0.621,0.100,0.278,0.818,0.101,0.278,0.500,0.696,26.036,-58.039,0.813,0.117
531,0.840,0.103,0.057,0.841,0.103,0.523,0.840,0.103,0.500,0.678,35.524,7.357,0.920,0.540
598,0.938,0.122,-0.060,0.938,0.122,0.462,0.938,0.122,0.500,0.613,37.885,15.842,0.946,0.594
725,0.084,0.166,0.749,0.084,0.166,0.885,0.084,0.166,0.500,0.624,29.049,-67.455,0.847,0.056
209,0.069,0.784,0.147,0.068,0.785,0.570,0.069,0.784,0.500,0.697,-37.715,-9.397,0.096,0.431
552,0.036,0.924,0.040,0.036,0.925,0.514,0.036,0.924,0.500,0.562,-44.663,-3.767,0.018,0.468
23,0.094,0.873,0.032,0.094,0.874,0.510,0.094,0.873,0.500,0.641,-41.881,-2.739,0.049,0.474
44,0.277,0.957,-0.234,0.277,0.958,0.371,0.277,0.957,0.500,0.734,-35.572,20.757,0.120,0.626
54,0.177,0.548,0.273,0.176,0.548,0.636,0.177,0.548,0.500,1.087,20.264,-32.728,0.748,0.281
73,0.019,0.909,0.072,0.019,0.910,0.531,0.019,0.909,0.500,0.561,-44.530,-5.568,0.019,0.456
96,0.786,0.188,0.026,0.787,0.187,0.507,0.786,0.188,0.500,0.833,29.985,8.138,0.857,0.545
169,0.492,0.037,0.471,0.492,0.037,0.739,0.492,0.037,0.500,0.712,-3.421,-59.762,0.481,0.106
176,0.887,0.810,-0.697,0.888,0.811,0.129,0.887,0.810,0.500,0.659,-2.929,66.964,0.487,0.925
198,0.926,0.090,-0.016,0.927,0.090,0.485,0.926,0.090,0.500,0.597,39.215,13.472,0.961,0.579
213,0.886,0.077,0.037,0.887,0.077,0.512,0.886,0.077,0.500,0.617,38.754,10.278,0.956,0.558
215,0.575,0.987,-0.562,0.575,0.988,0.200,0.575,0.987,0.500,0.635,-33.380,44.016,0.144,0.776
232,0.137,0.417,0.445,0.137,0.417,0.726,0.137,0.417,0.500,0.849,23.064,-43.991,0.779,0.208
246,0.296,0.354,0.336,0.296,0.354,0.669,0.296,0.354,0.500,1.340,10.140,-38.842,0.634,0.241
287,0.965,0.516,-0.481,0.966,0.516,0.242,0.965,0.516,0.500,0.691,8.871,47.638,0.620,0.800
327,0.984,0.044,-0.028,0.985,0.044,0.478,0.984,0.044,0.500,0.531,41.502,13.706,0.987,0.581
370,0.673,0.323,-0.011,0.673,0.323,0.487,0.673,0.323,0.500,1.429,20.798,9.532,0.754,0.554
375,0.366,0.511,0.037,0.366,0.511,0.512,0.366,0.511,0.500,3.425,-9.873,-4.449,0.409,0.463
413,0.290,0.862,-0.152,0.290,0.863,0.414,0.290,0.862,0.500,0.873,-33.387,15.311,0.144,0.591
415,0.231,0.730,0.038,0.231,0.730,0.513,0.231,0.730,0.500,1.002,-30.357,0.326,0.178,0.494
437,0.630,0.125,0.244,0.631,0.125,0.621,0.630,0.125,0.500,0.988,-12.499,-49.198,0.379,0.174
449,0.049,0.727,0.224,0.049,0.727,0.610,0.049,0.727,0.500,0.737,-34.696,-12.821,0.130,0.409
538,0.465,0.179,0.353,0.466,0.179,0.677,0.465,0.179,0.500,1.004,-1.470,-49.774,0.503,0.171
539,0.576,0.983,-0.560,0.577,0.984,0.201,0.576,0.983,0.500,0.639,-32.287,43.924,0.157,0.776
558,0.223,0.308,0.466,0.223,0.308,0.737,0.223,0.308,0.500,0.973,17.036,-48.808,0.712,0.177
586,0.445,0.101,0.454,0.445,0.101,0.730,0.445,0.101,0.500,0.795,-0.522,-58.264,0.514,0.116
593,0.941,0.111,-0.052,0.942,0.110,0.466,0.941,0.111,0.500,0.601,38.706,15.337,0.955,0.591
595,0.181,0.196,0.623,0.180,0.196,0.819,0.181,0.196,0.500,0.782,21.385,-61.511,0.761,0.095
656,0.034,0.341,0.625,0.034,0.341,0.820,0.034,0.341,0.500,0.636,28.918,-55.612,0.845,0.133
683,0.188,0.633,0.177,0.188,0.633,0.586,0.188,0.633,0.500,1.124,-27.942,-10.761,0.206,0.423
693,0.590,0.075,0.335,0.590,0.075,0.668,0.590,0.075,0.500,0.843,-10.274,-53.736,0.404,0.145
697,0.614,0.954,-0.568,0.614,0.955,0.197,0.614,0.954,0.500,0.660,-30.625,45.281,0.175,0.785
733,0.511,0.497,-0.187,0.512,0.497,0.395,0.511,0.497,0.500,4.274,-7.316,10.618,0.438,0.561
742,0.188,0.647,0.164,0.188,0.647,0.579,0.188,0.647,0.500,1.089,-28.518,-9.980,0.199,0.428
827,0.059,0.400,0.542,0.058,0.400,0.776,0.059,0.400,0.500,0.696,28.022,-48.325,0.835,0.180
857,0.701,0.903,-0.604,0.702,0.904,0.177,0.701,0.903,0.500,0.688,5.417,76.335,0.581,0.985
892,0.369,0.084,0.547,0.369,0.084,0.779,0.369,0.084,0.500,0.719,5.052,-62.787,0.577,0.087
904,0.199,0.742,0.058,0.199,0.743,0.524,0.199,0.742,0.500,0.919,-31.707,-1.070,0.163,0.485
931,0.281,0.188,0.530,0.281,0.188,0.770,0.281,0.188,0.500,0.859,10.482,-58.952,0.638,0.111
933,0.462,0.178,0.358,0.462,0.177,0.680,0.462,0.178,0.500,0.994,-1.453,-50.635,0.504,0.165
942,0.356,0.899,-0.255,0.356,0.899,0.360,0.356,0.899,0.500,0.921,-32.337,22.087,0.156,0.635
136,0.977,0.643,-0.619,0.977,0.643,0.170,0.977,0.643,0.500,0.620,-2.479,57.621,0.492,0.864
199,0.344,0.852,-0.197,0.344,0.853,0.390,0.344,0.852,0.500,0.982,-31.857,18.718,0.162,0.613
929,0.237,0.699,0.062,0.237,0.699,0.525,0.237,0.699,0.500,1.082,-29.510,-1.093,0.188,0.485
166,0.207,0.991,-0.198,0.207,0.992,0.390,0.207,0.991,0.500,0.637,-39.385,14.735,0.077,0.587
806,0.697,0.930,-0.626,0.697,0.931,0.166,0.697,0.930,0.500,0.654,4.730,77.130,0.573,0.990
572,0.926,0.800,-0.726,0.926,0.801,0.114,0.926,0.800,0.500,0.616,-4.952,66.676,0.464,0.923
126,0.294,0.886,-0.181,0.294,0.887,0.399,0.294,0.886,0.500,0.843,-34.183,17.334,0.135,0.604
127,0.760,0.920,-0.680,0.761,0.920,0.138,0.760,0.920,0.500,0.639,2.192,75.252,0.545,0.978
805,0.320,0.997,-0.317,0.320,0.998,0.328,0.320,0.997,0.500,0.737,-34.785,25.014,0.129,0.654
584,0.119,0.041,0.840,0.119,0.041,0.932,0.119,0.041,0.500,0.561,28.102,-74.834,0.836,0.009
691,0.079,0.817,0.104,0.079,0.818,0.548,0.079,0.817,0.500,0.677,-39.202,-7.179,0.079,0.446
642,0.756,0.155,0.089,0.757,0.154,0.540,0.756,0.155,0.500,0.829,30.656,4.152,0.865,0.519
263,0.046,0.124,0.830,0.045,0.124,0.927,0.046,0.124,0.500,0.567,30.702,-70.885,0.865,0.034
835,0.661,0.962,-0.623,0.662,0.963,0.168,0.661,0.962,0.500,0.629,4.794,78.636,0.574,1.000
67,0.738,0.163,0.099,0.738,0.163,0.545,0.738,0.163,0.500,0.870,29.626,3.522,0.853,0.515
514,0.179,0.707,0.114,0.179,0.708,0.553,0.179,0.707,0.500,0.945,-31.196,-7.818,0.169,0.442
503,0.122,0.507,0.371,0.122,0.507,0.687,0.122,0.507,0.500,0.885,23.896,-39.000,0.789,0.240
519,0.148,0.743,0.108,0.148,0.744,0.550,0.148,0.743,0.500,0.839,-33.831,-7.128,0.139,0.446
518,0.042,0.118,0.840,0.042,0.117,0.932,0.042,0.118,0.500,0.562,31.030,-71.715,0.869,0.029
376,0.022,0.130,0.848,0.021,0.130,0.936,0.022,0.130,0.500,0.546,31.916,-70.963,0.879,0.034
671,0.269,0.121,0.611,0.269,0.120,0.812,0.269,0.121,0.500,0.723,16.923,-68.361,0.710,0.051
442,0.193,0.678,0.128,0.192,0.679,0.560,0.193,0.678,0.500,1.027,-29.151,-7.993,0.192,0.440
36,0.616,0.929,-0.545,0.617,0.929,0.208,0.616,0.929,0.497,0.690,-29.385,44.580,0.189,0.780
803,0.410,0.905,-0.315,0.410,0.905,0.328,0.410,0.905,0.497,0.861,-31.350,24.807,0.167,0.652
617,0.266,0.747,-0.015,0.266,0.748,0.485,0.266,0.747,0.496,1.030,-28.915,3.272,0.195,0.513
825,0.757,0.253,-0.011,0.758,0.253,0.487,0.757,0.253,0.496,0.982,26.048,10.324,0.813,0.559
72,0.719,0.859,-0.578,0.719,0.860,0.191,0.719,0.859,0.495,0.741,-15.163,51.153,0.349,0.822
129,0.272,0.810,-0.082,0.272,0.811,0.450,0.272,0.810,0.495,0.919,-32.389,10.423,0.156,0.559
795,0.995,0.343,-0.337,0.996,0.342,0.317,0.995,0.343,0.495,0.729,24.375,32.134,0.794,0.700
83,0.988,0.610,-0.598,0.989,0.611,0.181,0.988,0.610,0.494,0.612,-1.583,57.092,0.502,0.861
696,0.406,0.918,-0.324,0.406,0.919,0.324,0.406,0.918,0.494,0.830,-31.890,25.386,0.161,0.656
328,0.240,0.768,-0.009,0.240,0.769,0.489,0.240,0.768,0.493,0.932,-30.617,2.891,0.176,0.511
809,0.825,0.272,-0.096,0.825,0.271,0.443,0.825,0.272,0.492,0.889,27.643,18.144,0.831,0.609
792,0.946,0.530,-0.476,0.947,0.530,0.244,0.946,0.530,0.492,0.700,6.965,47.874,0.598,0.801
80,0.630,0.884,-0.514,0.630,0.885,0.224,0.630,0.884,0.490,0.741,-26.664,43.804,0.220,0.775
940,0.274,0.781,-0.056,0.274,0.781,0.464,0.274,0.781,0.489,0.965,-30.002,5.734,0.182,0.529
464,0.876,0.284,-0.161,0.877,0.284,0.409,0.876,0.284,0.489,0.825,27.451,22.397,0.829,0.637
676,0.990,0.432,-0.422,0.991,0.432,0.273,0.990,0.432,0.489,0.681,11.813,45.405,0.653,0.785
441,0.619,0.906,-0.525,0.620,0.907,0.219,0.619,0.906,0.489,0.710,-28.068,44.019,0.204,0.776
164,0.543,0.890,-0.434,0.544,0.891,0.266,0.543,0.890,0.489,0.782,-28.463,36.737,0.200,0.729
884,0.771,0.280,-0.052,0.771,0.279,0.466,0.771,0.280,0.488,0.992,24.974,12.745,0.801,0.574
877,0.257,0.746,-0.005,0.257,0.747,0.491,0.257,0.746,0.488,0.996,-29.464,2.399,0.189,0.508
157,0.961,0.336,-0.297,0.962,0.336,0.338,0.961,0.336,0.487,0.779,24.052,30.648,0.791,0.690
252,0.710,0.260,0.027,0.710,0.260,0.507,0.710,0.260,0.487,1.083,24.338,7.437,0.794,0.540
587,0.157,0.254,0.589,0.157,0.254,0.801,0.157,0.254,0.487,0.756,22.302,-58.926,0.771,0.112
732,0.658,0.304,0.024,0.658,0.304,0.505,0.658,0.304,0.486,1.374,21.797,7.188,0.765,0.539
117,0.350,0.860,-0.211,0.350,0.861,0.383,0.350,0.860,0.486,0.952,-31.772,19.676,0.163,0.619
650,0.859,0.303,-0.162,0.859,0.303,0.408,0.859,0.303,0.485,0.873,26.515,21.950,0.818,0.634
681,0.535,0.376,-0.004,0.535,0.376,0.491,0.535,0.376,0.485,3.049,-1.064,-3.786,0.508,0.468
612,0.407,0.888,-0.295,0.407,0.889,0.339,0.407,0.888,0.485,0.881,-30.998,23.940,0.171,0.647
474,0.948,0.527,-0.474,0.948,0.527,0.245,0.948,0.527,0.484,0.688,7.530,46.905,0.605,0.795
387,0.856,0.296,-0.153,0.857,0.296,0.413,0.856,0.296,0.483,0.861,27.153,21.085,0.825,0.628
79,0.649,0.856,-0.505,0.649,0.857,0.229,0.649,0.856,0.483,0.769,-22.233,43.805,0.270,0.775
341,0.592,0.876,-0.468,0.592,0.876,0.249,0.592,0.876,0.482,0.770,-24.817,39.797,0.241,0.749
205,0.846,0.314,-0.160,0.847,0.314,0.409,0.846,0.314,0.482,0.905,25.601,21.369,0.808,0.630
777,0.797,0.158,0.045,0.798,0.158,0.517,0.797,0.158,0.481,0.752,31.667,6.647,0.876,0.535
851,0.044,0.553,0.403,0.044,0.553,0.704,0.044,0.553,0.481,0.730,27.775,-37.132,0.832,0.252
739,0.901,0.705,-0.606,0.901,0.706,0.177,0.901,0.705,0.481,0.665,-3.458,54.740,0.481,0.846
125,0.712,0.838,-0.550,0.712,0.838,0.206,0.712,0.838,0.481,0.761,-14.876,50.170,0.353,0.816
9,0.874,0.328,-0.201,0.874,0.328,0.388,0.874,0.328,0.481,0.880,25.457,23.825,0.806,0.646
482,0.943,0.513,-0.455,0.943,0.513,0.255,0.943,0.513,0.481,0.698,8.490,46.377,0.615,0.792
525,0.974,0.846,-0.820,0.975,0.847,0.065,0.974,0.846,0.480,0.527,-9.467,69.649,0.413,0.942
736,0.842,0.311,-0.153,0.843,0.311,0.413,0.842,0.311,0.479,0.901,26.148,20.704,0.814,0.626
532,0.479,0.094,0.426,0.480,0.094,0.716,0.479,0.094,0.478,0.769,-2.557,-57.571,0.491,0.120
579,0.254,0.718,0.026,0.254,0.719,0.507,0.254,0.718,0.478,1.029,-29.173,0.801,0.192,0.497
625,0.954,0.523,-0.478,0.955,0.524,0.244,0.954,0.523,0.478,0.673,7.879,47.687,0.609,0.800
380,0.702,0.840,-0.542,0.703,0.840,0.210,0.702,0.840,0.478,0.758,-15.482,49.666,0.346,0.813
599,0.822,0.302,-0.125,0.823,0.302,0.428,0.822,0.302,0.477,0.915,26.512,19.264,0.818,0.617
996,0.896,0.709,-0.605,0.897,0.710,0.177,0.896,0.709,0.476,0.662,-3.965,54.157,0.475,0.842
541,0.817,0.312,-0.130,0.818,0.312,0.425,0.817,0.312,0.476,0.941,25.566,19.354,0.808,0.617
738,0.939,0.536,-0.475,0.940,0.536,0.245,0.939,0.536,0.476,0.685,6.550,46.981,0.594,0.796
813,0.359,0.872,-0.231,0.359,0.873,0.373,0.359,0.872,0.476,0.926,-31.590,20.771,0.165,0.626
670,0.963,0.853,-0.816,0.964,0.854,0.067,0.963,0.853,0.476,0.531,-8.623,70.138,0.423,0.945
678,0.989,0.570,-0.559,0.990,0.570,0.201,0.989,0.570,0.476,0.603,5.498,50.573,0.582,0.819
1,0.743,0.266,-0.010,0.744,0.265,0.488,0.743,0.266,0.475,0.992,25.000,10.182,0.801,0.558
920,0.959,0.481,-0.441,0.960,0.481,0.263,0.959,0.481,0.475,0.681,9.906,46.113,0.631,0.790
862,0.823,0.772,-0.595,0.824,0.773,0.182,0.823,0.772,0.474,0.738,-9.704,52.161,0.411,0.829
646,0.537,0.950,-0.487,0.537,0.951,0.239,0.537,0.950,0.474,0.665,-31.731,38.892,0.163,0.743
843,0.375,0.898,-0.273,0.375,0.899,0.351,0.375,0.898,0.474,0.864,-31.878,23.014,0.161,0.641
533,0.851,0.335,-0.186,0.851,0.335,0.396,0.851,0.335,0.474,0.918,25.582,22.722,0.808,0.639
369,0.999,0.921,-0.920,1.000,0.922,0.013,0.999,0.921,0.474,0.480,-11.570,73.305,0.390,0.966
854,0.388,0.018,0.594,0.388,0.018,0.804,0.388,0.018,0.474,0.603,4.369,-65.623,0.569,0.068
362,0.309,0.799,-0.109,0.309,0.800,0.436,0.309,0.799,0.473,0.964,-31.565,11.536,0.165,0.567
0,0.794,0.315,-0.111,0.795,0.315,0.435,0.794,0.315,0.473,0.985,25.120,17.466,0.803,0.605
863,0.909,0.686,-0.595,0.910,0.687,0.182,0.909,0.686,0.472,0.649,-2.806,54.001,0.488,0.841
465,0.999,0.385,-0.384,1.000,0.385,0.293,0.999,0.385,0.472,0.668,23.503,33.550,0.784,0.709
647,0.951,0.467,-0.418,0.951,0.467,0.275,0.951,0.467,0.472,0.698,10.590,45.085,0.639,0.783
152,0.955,0.383,-0.338,0.956,0.383,0.316,0.955,0.383,0.471,0.736,22.506,32.449,0.773,0.702
737,0.314,0.129,0.557,0.314,0.129,0.784,0.314,0.129,0.471,0.718,8.456,-61.412,0.615,0.095
528,0.936,0.481,-0.417,0.937,0.481,0.275,0.936,0.481,0.470,0.710,9.679,44.607,0.629,0.780
674,0.784,0.797,-0.582,0.785,0.798,0.189,0.784,0.797,0.470,0.771,-11.023,51.446,0.396,0.824
13,0.671,0.833,-0.505,0.671,0.834,0.230,0.671,0.833,0.469,0.776,-20.840,44.151,0.286,0.777
896,0.764,0.293,-0.059,0.764,0.293,0.462,0.764,0.293,0.467,0.992,23.956,13.045,0.789,0.576
250,0.936,0.464,-0.400,0.937,0.464,0.284,0.936,0.464,0.467,0.716,10.707,43.977,0.640,0.776
575,0.566,0.301,0.103,0.566,0.301,0.547,0.566,0.301,0.467,1.761,1.292,-7.984,0.534,0.441
406,0.081,0.786,0.133,0.081,0.787,0.563,0.081,0.786,0.467,0.661,-37.697,-8.383,0.096,0.438
672,0.739,0.296,-0.038,0.739,0.295,0.473,0.739,0.296,0.466,1.049,23.689,11.755,0.786,0.568
425,0.847,0.339,-0.187,0.848,0.339,0.395,0.847,0.339,0.464,0.912,24.813,22.483,0.799,0.637
201,0.728,0.815,-0.543,0.729,0.816,0.209,0.728,0.815,0.464,0.764,-13.929,49.833,0.363,0.814
686,0.545,0.363,0.014,0.545,0.363,0.500,0.545,0.363,0.462,2.536,-0.352,-4.344,0.516,0.464
748,0.654,0.272,0.064,0.655,0.272,0.527,0.654,0.272,0.462,1.205,22.857,4.446,0.777,0.521
31,0.893,0.346,-0.239,0.893,0.346,0.368,0.893,0.346,0.462,0.844,22.873,27.364,0.777,0.669
858,0.940,0.846,-0.786,0.941,0.846,0.083,0.940,0.846,0.462,0.538,-7.367,69.284,0.437,0.940
782,0.826,0.756,-0.582,0.826,0.757,0.189,0.826,0.756,0.459,0.721,-8.719,51.352,0.422,0.824
481,0.806,0.773,-0.580,0.807,0.774,0.190,0.806,0.773,0.459,0.744,-9.851,51.111,0.409,0.822
28,0.774,0.307,-0.083,0.775,0.307,0.450,0.774,0.307,0.458,0.979,24.160,14.904,0.792,0.588
138,0.780,0.788,-0.568,0.781,0.788,0.196,0.780,0.788,0.457,0.773,-11.094,50.541,0.395,0.819
333,0.929,0.355,-0.284,0.930,0.355,0.345,0.929,0.355,0.457,0.781,22.820,30.004,0.777,0.686
440,0.872,0.693,-0.565,0.873,0.693,0.198,0.872,0.693,0.456,0.675,-3.265,52.339,0.483,0.830
203,0.299,0.639,0.046,0.299,0.639,0.517,0.299,0.639,0.456,1.340,-22.136,-2.957,0.271,0.473
512,0.122,0.373,0.504,0.122,0.373,0.757,0.122,0.373,0.455,0.716,24.213,-47.763,0.792,0.184
823,0.298,0.726,-0.028,0.298,0.726,0.478,0.298,0.726,0.455,1.062,-27.215,3.113,0.214,0.512
163,0.404,0.063,0.533,0.404,0.063,0.772,0.404,0.063,0.455,0.641,3.214,-62.995,0.556,0.085
221,0.872,0.703,-0.575,0.873,0.704,0.193,0.872,0.703,0.455,0.668,-4.019,52.846,0.475,0.833
477,0.925,0.797,-0.722,0.926,0.798,0.116,0.925,0.797,0.455,0.561,-4.984,65.887,0.464,0.918
494,0.900,0.653,-0.552,0.900,0.653,0.205,0.900,0.653,0.452,0.650,-1.503,51.876,0.503,0.827
134,0.961,0.374,-0.334,0.961,0.374,0.318,0.961,0.374,0.451,0.701,23.127,31.862,0.780,0.698
685,0.928,0.403,-0.331,0.928,0.403,0.320,0.928,0.403,0.450,0.741,21.152,32.150,0.758,0.700
87,0.871,0.672,-0.543,0.871,0.672,0.210,0.871,0.672,0.450,0.681,-2.631,51.206,0.490,0.823
600,0.835,0.892,-0.727,0.836,0.893,0.114,0.835,0.892,0.450,0.578,-1.454,72.311,0.504,0.959
388,0.838,0.707,-0.545,0.838,0.707,0.209,0.838,0.707,0.450,0.715,-4.473,51.094,0.470,0.822
832,0.286,0.695,0.013,0.286,0.695,0.500,0.286,0.695,0.449,1.098,-26.998,1.473,0.216,0.502
88,0.910,0.624,-0.534,0.911,0.624,0.214,0.910,0.624,0.449,0.644,-0.115,51.017,0.519,0.822
392,0.932,0.395,-0.327,0.933,0.395,0.322,0.932,0.395,0.448,0.734,21.758,31.532,0.765,0.696
342,0.931,0.580,-0.511,0.932,0.580,0.226,0.931,0.580,0.448,0.634,4.747,48.589,0.573,0.806
878,0.949,0.570,-0.519,0.950,0.571,0.222,0.949,0.570,0.448,0.615,5.668,49.093,0.584,0.809
74,0.732,0.795,-0.527,0.732,0.795,0.218,0.732,0.795,0.447,0.776,-13.363,48.909,0.370,0.808
802,0.903,0.468,-0.371,0.903,0.468,0.299,0.903,0.468,0.446,0.739,10.876,42.425,0.642,0.766
484,0.715,0.311,-0.033,0.716,0.311,0.476,0.715,0.311,0.446,1.102,22.299,11.178,0.771,0.564
47,0.307,0.728,-0.040,0.307,0.728,0.472,0.307,0.728,0.445,1.057,-26.788,3.992,0.219,0.518
950,0.689,0.289,0.015,0.690,0.288,0.501,0.689,0.289,0.444,1.106,22.757,7.922,0.776,0.543
411,0.765,0.300,-0.067,0.766,0.300,0.458,0.765,0.300,0.444,0.954,24.150,13.843,0.792,0.582
434,0.294,0.610,0.076,0.294,0.610,0.533,0.294,0.610,0.444,1.406,-22.178,-4.868,0.270,0.461
654,0.826,0.765,-0.591,0.827,0.765,0.185,0.826,0.765,0.444,0.692,-8.925,52.163,0.420,0.829
744,0.493,0.534,-0.199,0.494,0.534,0.389,0.493,0.534,0.444,3.065,-8.417,11.617,0.425,0.567
311,0.463,0.538,-0.162,0.464,0.538,0.408,0.463,0.538,0.444,3.419,-9.585,10.405,0.412,0.559
226,0.759,0.324,-0.087,0.760,0.324,0.448,0.759,0.324,0.443,1.016,22.903,14.471,0.778,0.586
363,0.601,0.854,-0.456,0.602,0.855,0.255,0.601,0.854,0.443,0.738,-23.328,40.041,0.258,0.751
270,0.595,0.851,-0.447,0.596,0.852,0.260,0.595,0.851,0.438,0.740,-23.320,39.121,0.258,0.745
319,0.308,0.723,-0.036,0.308,0.724,0.474,0.308,0.723,0.438,1.052,-26.120,3.443,0.226,0.514
423,0.763,0.766,-0.530,0.763,0.767,0.216,0.763,0.766,0.436,0.791,-11.825,48.656,0.387,0.806
485,0.771,0.761,-0.532,0.772,0.761,0.215,0.771,0.761,0.435,0.781,-11.021,48.999,0.396,0.809
662,0.402,0.562,-0.069,0.402,0.563,0.457,0.402,0.562,0.432,2.686,-14.892,3.563,0.352,0.515
750,0.309,0.696,-0.014,0.309,0.696,0.486,0.309,0.696,0.432,1.116,-25.765,2.324,0.230,0.507
77,0.312,0.608,0.053,0.312,0.608,0.521,0.312,0.608,0.432,1.459,-21.210,-3.742,0.281,0.468
300,0.896,0.564,-0.461,0.897,0.565,0.252,0.896,0.564,0.431,0.669,4.592,45.954,0.572,0.789
764,0.470,0.181,0.346,0.471,0.181,0.674,0.470,0.181,0.429,0.869,-2.334,-49.745,0.494,0.171
227,0.245,0.457,0.286,0.245,0.457,0.643,0.245,0.457,0.429,1.077,15.960,-33.775,0.700,0.274
2,0.906,0.571,-0.477,0.906,0.571,0.244,0.906,0.571,0.427,0.645,4.544,47.019,0.571,0.796
761,0.881,0.365,-0.246,0.882,0.365,0.365,0.881,0.365,0.425,0.823,21.857,27.817,0.766,0.672
963,0.420,0.555,-0.098,0.420,0.555,0.442,0.420,0.555,0.425,3.146,-13.443,4.459,0.369,0.521
638,0.914,0.521,-0.436,0.915,0.521,0.266,0.914,0.521,0.424,0.654,8.008,45.135,0.610,0.784
580,0.456,0.552,-0.157,0.456,0.552,0.411,0.456,0.552,0.424,3.005,-10.276,10.967,0.404,0.563
699,0.913,0.522,-0.435,0.914,0.523,0.266,0.913,0.522,0.422,0.652,7.322,45.172,0.602,0.784
93,0.890,0.627,-0.518,0.891,0.628,0.223,0.890,0.627,0.420,0.628,-0.362,50.002,0.516,0.815
673,0.852,0.655,-0.508,0.853,0.655,0.228,0.852,0.655,0.418,0.669,-1.894,49.641,0.499,0.813
42,0.422,0.851,-0.274,0.422,0.852,0.350,0.422,0.851,0.417,0.831,-29.731,23.385,0.186,0.643
821,0.610,0.829,-0.440,0.610,0.830,0.263,0.610,0.829,0.416,0.733,-21.754,39.933,0.275,0.750
493,0.781,0.732,-0.514,0.782,0.733,0.224,0.781,0.732,0.416,0.745,-10.319,47.948,0.404,0.802
645,0.414,0.558,-0.088,0.414,0.559,0.447,0.414,0.558,0.416,2.866,-14.314,4.277,0.359,0.520
320,0.839,0.677,-0.517,0.840,0.678,0.223,0.839,0.677,0.415,0.672,-3.272,49.783,0.483,0.814
690,0.776,0.730,-0.507,0.776,0.731,0.228,0.776,0.730,0.413,0.754,-10.755,47.196,0.399,0.797
622,0.605,0.827,-0.433,0.605,0.827,0.267,0.605,0.827,0.412,0.736,-22.029,39.109,0.272,0.745
752,0.788,0.714,-0.503,0.789,0.714,0.230,0.788,0.714,0.412,0.737,-9.555,47.266,0.412,0.797
200,0.343,0.579,0.026,0.343,0.579,0.506,0.343,0.579,0.412,1.745,-19.451,-3.052,0.301,0.472
30,0.848,0.657,-0.506,0.849,0.657,0.229,0.848,0.657,0.411,0.663,-2.437,49.057,0.493,0.809
716,0.586,0.836,-0.423,0.586,0.836,0.272,0.586,0.836,0.408,0.723,-22.454,38.059,0.267,0.738
271,0.491,0.885,-0.377,0.491,0.886,0.296,0.491,0.885,0.407,0.689,-25.280,32.653,0.236,0.703
504,0.894,0.494,-0.388,0.895,0.494,0.290,0.894,0.494,0.405,0.669,9.679,42.644,0.629,0.768
446,0.880,0.380,-0.260,0.881,0.380,0.357,0.880,0.380,0.403,0.770,21.061,28.513,0.757,0.676
68,0.845,0.645,-0.491,0.846,0.646,0.237,0.845,0.645,0.402,0.661,-1.598,48.380,0.502,0.805
189,0.739,0.750,-0.490,0.740,0.750,0.237,0.739,0.750,0.402,0.784,-12.299,46.505,0.382,0.792
281,0.889,0.581,-0.471,0.890,0.582,0.247,0.889,0.581,0.402,0.625,3.449,46.432,0.559,0.792
900,0.658,0.799,-0.459,0.659,0.799,0.253,0.658,0.799,0.402,0.735,-18.737,41.844,0.309,0.762
397,0.570,0.345,0.028,0.571,0.345,0.508,0.570,0.345,0.400,1.770,0.481,-4.960,0.525,0.460
17,0.061,0.402,0.538,0.061,0.402,0.774,0.061,0.402,0.400,0.561,27.439,-47.917,0.829,0.183
305,0.243,0.113,0.644,0.243,0.113,0.830,0.243,0.113,0.400,0.558,18.494,-68.856,0.728,0.047
445,0.968,0.518,-0.485,0.969,0.518,0.240,0.968,0.518,0.400,0.549,8.536,48.495,0.616,0.805
935,0.075,0.276,0.649,0.075,0.276,0.832,0.075,0.276,0.400,0.528,27.350,-58.362,0.828,0.115
657,0.801,0.673,-0.475,0.801,0.673,0.245,0.801,0.673,0.399,0.718,-3.653,47.334,0.479,0.798
745,0.718,0.756,-0.476,0.718,0.757,0.244,0.718,0.756,0.398,0.777,-13.381,45.728,0.369,0.787
22,0.886,0.478,-0.364,0.887,0.478,0.303,0.886,0.478,0.398,0.682,10.416,41.630,0.637,0.761
847,0.720,0.753,-0.474,0.720,0.753,0.245,0.720,0.753,0.398,0.783,-13.221,44.977,0.371,0.783
837,0.317,0.641,0.020,0.317,0.642,0.504,0.317,0.641,0.397,1.223,-21.590,-1.707,0.277,0.481
432,0.865,0.595,-0.461,0.866,0.596,0.252,0.865,0.595,0.397,0.647,2.272,45.589,0.546,0.787
872,0.645,0.805,-0.452,0.645,0.806,0.257,0.645,0.805,0.397,0.723,-19.485,41.057,0.301,0.757
649,0.860,0.612,-0.472,0.861,0.612,0.246,0.860,0.612,0.397,0.645,1.230,46.436,0.534,0.792
810,0.489,0.869,-0.359,0.489,0.870,0.306,0.489,0.869,0.395,0.700,-24.453,32.645,0.245,0.703
523,0.735,0.731,-0.469,0.736,0.732,0.248,0.735,0.731,0.394,0.807,-12.111,45.352,0.384,0.785
110,0.683,0.345,-0.046,0.683,0.345,0.469,0.683,0.345,0.390,1.155,20.004,11.143,0.745,0.564
726,0.680,0.783,-0.466,0.681,0.784,0.250,0.680,0.783,0.390,0.731,-17.556,42.557,0.322,0.767
817,0.488,0.860,-0.349,0.488,0.861,0.311,0.488,0.860,0.390,0.708,-23.992,32.131,0.250,0.700
15,0.745,0.360,-0.113,0.745,0.360,0.434,0.745,0.360,0.388,1.008,20.160,14.856,0.747,0.588
639,0.603,0.821,-0.427,0.604,0.822,0.270,0.603,0.821,0.383,0.694,-21.231,38.731,0.281,0.742
682,0.683,0.356,-0.060,0.684,0.356,0.462,0.683,0.356,0.382,1.164,19.388,11.895,0.738,0.569
749,0.902,0.402,-0.304,0.902,0.402,0.334,0.902,0.402,0.380,0.669,20.551,30.707,0.751,0.690
182,0.336,0.597,0.024,0.336,0.597,0.506,0.336,0.597,0.380,1.456,-20.277,-2.586,0.292,0.475
948,0.346,0.608,0.002,0.346,0.608,0.494,0.346,0.608,0.375,1.431,-19.710,-1.462,0.298,0.483
818,0.714,0.351,-0.078,0.715,0.351,0.453,0.714,0.351,0.373,1.026,20.034,13.097,0.745,0.577
298,0.878,0.400,-0.278,0.879,0.400,0.348,0.878,0.400,0.369,0.695,19.984,29.314,0.745,0.681
626,0.648,0.771,-0.423,0.648,0.772,0.272,0.648,0.771,0.368,0.736,-17.482,40.715,0.323,0.755
142,0.358,0.785,-0.146,0.358,0.786,0.417,0.358,0.785,0.368,0.859,-23.223,17.343,0.259,0.604
992,0.577,0.819,-0.399,0.577,0.820,0.285,0.577,0.819,0.364,0.680,-21.622,36.817,0.277,0.730
85,0.334,0.652,-0.010,0.334,0.652,0.488,0.334,0.652,0.364,1.144,-21.141,0.049,0.282,0.492
24,0.640,0.775,-0.419,0.641,0.776,0.274,0.640,0.775,0.364,0.724,-17.971,39.817,0.318,0.749
253,0.511,0.550,-0.223,0.511,0.550,0.377,0.511,0.550,0.358,2.072,-8.078,12.899,0.429,0.575
491,0.394,0.547,-0.047,0.394,0.547,0.469,0.394,0.547,0.357,2.334,-13.926,2.913,0.363,0.511
315,0.625,0.455,-0.169,0.625,0.456,0.405,0.625,0.455,0.356,1.619,6.192,17.884,0.590,0.608
606,0.777,0.378,-0.159,0.778,0.378,0.410,0.777,0.378,0.355,0.888,15.606,21.777,0.696,0.633
323,0.740,0.717,-0.460,0.741,0.718,0.253,0.740,0.717,0.354,0.726,-11.866,44.509,0.386,0.780
251,0.541,0.844,-0.387,0.542,0.845,0.291,0.541,0.844,0.351,0.634,-22.849,34.922,0.263,0.718
720,0.349,0.712,-0.074,0.350,0.713,0.455,0.349,0.712,0.349,0.963,-22.016,4.331,0.272,0.520
974,0.555,0.825,-0.382,0.555,0.826,0.294,0.555,0.825,0.346,0.651,-21.896,35.439,0.274,0.721
501,0.904,0.430,-0.335,0.905,0.430,0.318,0.904,0.430,0.346,0.589,19.623,31.943,0.741,0.698
417,0.371,0.778,-0.153,0.371,0.778,0.413,0.371,0.778,0.342,0.840,-22.511,17.550,0.267,0.605
306,0.383,0.814,-0.199,0.383,0.814,0.389,0.383,0.814,0.341,0.791,-23.326,18.962,0.258,0.615
914,0.338,0.625,0.003,0.338,0.626,0.495,0.338,0.625,0.340,1.182,-20.579,-1.108,0.288,0.485
924,0.679,0.379,-0.086,0.680,0.379,0.448,0.679,0.379,0.337,1.120,18.432,12.750,0.727,0.574
197,0.651,0.767,-0.422,0.652,0.768,0.272,0.651,0.767,0.335,0.674,-16.950,40.110,0.329,0.751
751,0.869,0.446,-0.315,0.870,0.446,0.328,0.869,0.446,0.334,0.617,17.873,30.827,0.721,0.691
220,0.665,0.221,0.111,0.666,0.221,0.551,0.665,0.221,0.333,0.749,24.832,2.641,0.799,0.509
133,0.864,0.449,-0.313,0.865,0.449,0.329,0.864,0.449,0.333,0.622,17.045,31.005,0.712,0.692
907,0.356,0.683,-0.059,0.356,0.683,0.462,0.356,0.683,0.331,1.012,-21.140,3.494,0.282,0.515
559,0.674,0.739,-0.418,0.674,0.740,0.275,0.674,0.739,0.327,0.704,-15.385,41.099,0.347,0.758
588,0.832,0.411,-0.244,0.832,0.411,0.365,0.832,0.411,0.327,0.700,16.723,27.101,0.708,0.667
947,0.762,0.386,-0.154,0.762,0.386,0.413,0.762,0.386,0.323,0.860,14.922,21.369,0.688,0.630
256,0.842,0.448,-0.291,0.842,0.448,0.341,0.842,0.448,0.319,0.637,16.496,29.850,0.706,0.685
243,0.569,0.525,-0.239,0.569,0.525,0.368,0.569,0.525,0.318,1.580,0.225,18.499,0.522,0.612
150,0.863,0.556,-0.420,0.863,0.557,0.274,0.863,0.556,0.317,0.539,3.847,42.460,0.563,0.766
926,0.567,0.518,-0.234,0.567,0.518,0.371,0.567,0.518,0.316,1.611,0.654,17.679,0.527,0.606
871,0.701,0.715,-0.421,0.701,0.715,0.273,0.701,0.715,0.313,0.709,-13.718,41.719,0.366,0.762
111,0.837,0.443,-0.281,0.837,0.443,0.346,0.837,0.443,0.313,0.636,16.243,28.997,0.703,0.679
113,0.830,0.599,-0.431,0.831,0.600,0.268,0.830,0.599,0.309,0.549,0.842,41.944,0.529,0.763
897,0.575,0.788,-0.369,0.576,0.789,0.301,0.575,0.788,0.308,0.632,-20.149,35.619,0.293,0.722
695,0.393,0.559,-0.052,0.393,0.560,0.466,0.393,0.559,0.308,1.842,-14.636,2.390,0.355,0.508
175,0.686,0.721,-0.414,0.686,0.722,0.277,0.686,0.721,0.307,0.691,-14.276,40.816,0.359,0.756
616,0.667,0.746,-0.418,0.668,0.747,0.275,0.667,0.746,0.307,0.650,-15.820,40.306,0.342,0.752
313,0.523,0.806,-0.334,0.524,0.807,0.319,0.523,0.806,0.307,0.628,-21.716,32.878,0.276,0.704
653,0.706,0.696,-0.409,0.706,0.697,0.279,0.706,0.696,0.306,0.716,-12.842,41.031,0.375,0.757
282,0.364,0.665,-0.057,0.364,0.665,0.463,0.364,0.665,0.305,1.012,-20.140,3.069,0.293,0.512
112,0.508,0.818,-0.329,0.509,0.818,0.321,0.508,0.818,0.303,0.609,-22.381,32.050,0.268,0.699
567,0.793,0.410,-0.207,0.793,0.410,0.385,0.793,0.410,0.296,0.727,15.041,24.444,0.689,0.650
347,0.706,0.383,-0.108,0.707,0.383,0.437,0.706,0.383,0.295,0.909,18.441,13.938,0.727,0.582
161,0.802,0.623,-0.428,0.803,0.624,0.270,0.802,0.623,0.294,0.552,-0.516,40.967,0.514,0.757
233,0.832,0.591,-0.425,0.833,0.591,0.271,0.832,0.591,0.294,0.523,1.662,41.582,0.539,0.761
222,0.791,0.631,-0.426,0.792,0.632,0.271,0.791,0.631,0.294,0.564,-1.004,40.085,0.509,0.751
860,0.803,0.617,-0.423,0.803,0.618,0.272,0.803,0.617,0.294,0.553,0.157,40.319,0.522,0.753
951,0.769,0.651,-0.424,0.770,0.651,0.272,0.769,0.651,0.294,0.590,-2.164,39.710,0.496,0.749
977,0.668,0.370,-0.067,0.669,0.370,0.458,0.668,0.370,0.293,0.979,18.350,11.705,0.726,0.568
403,0.835,0.472,-0.309,0.836,0.472,0.332,0.835,0.472,0.291,0.577,15.484,30.557,0.694,0.689
185,0.822,0.428,-0.252,0.822,0.428,0.361,0.822,0.428,0.289,0.627,15.703,27.560,0.697,0.670
607,0.398,0.780,-0.183,0.398,0.781,0.398,0.398,0.780,0.289,0.755,-21.920,18.560,0.273,0.612
302,0.746,0.663,-0.414,0.746,0.663,0.277,0.746,0.663,0.289,0.616,-3.204,38.996,0.484,0.744
61,0.572,0.490,-0.208,0.572,0.490,0.384,0.572,0.490,0.288,1.530,2.534,17.011,0.548,0.602
548,0.390,0.568,-0.050,0.390,0.568,0.467,0.390,0.568,0.286,1.605,-15.365,2.599,0.347,0.509
938,0.570,0.506,-0.223,0.570,0.506,0.376,0.570,0.506,0.284,1.462,1.563,17.513,0.538,0.605
908,0.855,0.545,-0.401,0.855,0.545,0.284,0.855,0.545,0.282,0.495,4.218,41.332,0.567,0.759
307,0.370,0.629,-0.047,0.371,0.629,0.469,0.370,0.629,0.280,1.087,-18.645,2.472,0.310,0.508
874,0.598,0.766,-0.371,0.599,0.766,0.299,0.598,0.766,0.280,0.600,-18.443,36.367,0.312,0.727
55,0.677,0.387,-0.095,0.678,0.387,0.443,0.677,0.387,0.277,0.952,17.570,12.917,0.718,0.576
258,0.790,0.441,-0.237,0.791,0.441,0.369,0.790,0.441,0.277,0.656,14.527,26.203,0.683,0.661
898,0.720,0.665,-0.394,0.721,0.666,0.287,0.720,0.665,0.276,0.637,-4.119,38.018,0.474,0.738
891,0.810,0.427,-0.240,0.810,0.427,0.368,0.810,0.427,0.275,0.622,15.529,26.465,0.695,0.663
527,0.627,0.738,-0.375,0.627,0.739,0.297,0.627,0.738,0.274,0.621,-16.875,37.414,0.330,0.734
864,0.765,0.621,-0.392,0.766,0.621,0.288,0.765,0.621,0.273,0.571,-1.322,38.394,0.505,0.740
972,0.380,0.702,-0.102,0.380,0.703,0.440,0.380,0.702,0.273,0.844,-20.805,5.258,0.286,0.526
358,0.632,0.728,-0.371,0.632,0.729,0.299,0.632,0.728,0.271,0.631,-16.108,37.047,0.339,0.731
786,0.777,0.445,-0.230,0.778,0.445,0.373,0.777,0.445,0.270,0.666,13.451,25.789,0.671,0.659
420,0.558,0.790,-0.353,0.558,0.791,0.309,0.558,0.790,0.270,0.559,-20.656,34.549,0.288,0.715
712,0.377,0.674,-0.080,0.377,0.675,0.451,0.377,0.674,0.270,0.905,-20.107,4.279,0.294,0.520
960,0.431,0.808,-0.242,0.431,0.808,0.367,0.431,0.808,0.270,0.611,-21.226,21.464,0.281,0.631
526,0.782,0.604,-0.391,0.783,0.605,0.289,0.782,0.604,0.269,0.544,0.030,38.627,0.520,0.742
899,0.768,0.616,-0.390,0.769,0.616,0.290,0.768,0.616,0.268,0.560,-0.692,37.851,0.512,0.737
108,0.789,0.451,-0.246,0.790,0.451,0.365,0.789,0.451,0.266,0.626,14.061,27.058,0.678,0.667
290,0.407,0.758,-0.174,0.407,0.759,0.402,0.407,0.758,0.260,0.728,-20.922,18.084,0.285,0.609
849,0.492,0.804,-0.300,0.493,0.804,0.336,0.492,0.804,0.259,0.554,-20.069,24.745,0.294,0.652
585,0.781,0.436,-0.223,0.781,0.436,0.377,0.781,0.436,0.258,0.640,14.154,25.163,0.679,0.655
409,0.805,0.469,-0.278,0.805,0.470,0.348,0.805,0.469,0.258,0.564,14.503,28.955,0.683,0.679
768,0.796,0.578,-0.378,0.796,0.578,0.296,0.796,0.578,0.257,0.514,1.375,38.374,0.535,0.740
396,0.753,0.410,-0.173,0.754,0.410,0.403,0.753,0.410,0.256,0.730,14.322,22.423,0.681,0.637
574,0.611,0.738,-0.361,0.612,0.739,0.305,0.611,0.738,0.255,0.588,-17.032,36.371,0.328,0.727
511,0.829,0.544,-0.375,0.830,0.544,0.297,0.829,0.544,0.254,0.476,3.935,39.861,0.564,0.750
359,0.710,0.635,-0.360,0.711,0.635,0.305,0.710,0.635,0.250,0.616,-3.443,33.220,0.481,0.707
366,0.654,0.686,-0.357,0.654,0.686,0.307,0.654,0.686,0.248,0.654,-8.710,30.468,0.422,0.689
343,0.833,0.532,-0.367,0.834,0.532,0.301,0.833,0.532,0.246,0.462,4.728,39.740,0.573,0.749
204,0.766,0.591,-0.364,0.767,0.591,0.303,0.766,0.591,0.246,0.531,-0.133,36.324,0.518,0.727
299,0.810,0.492,-0.306,0.811,0.492,0.333,0.810,0.492,0.245,0.513,14.138,30.325,0.679,0.688
330,0.383,0.650,-0.075,0.383,0.650,0.454,0.383,0.650,0.244,0.913,-19.021,3.808,0.306,0.517
995,0.682,0.648,-0.349,0.682,0.648,0.311,0.682,0.648,0.242,0.651,-4.818,31.734,0.466,0.697
923,0.754,0.422,-0.187,0.755,0.422,0.395,0.754,0.422,0.236,0.655,13.544,23.289,0.672,0.643
804,0.562,0.588,-0.263,0.563,0.588,0.356,0.562,0.588,0.233,1.006,-8.368,21.255,0.426,0.629
340,0.748,0.420,-0.180,0.749,0.420,0.399,0.748,0.420,0.232,0.663,13.418,22.330,0.671,0.636
402,0.638,0.670,-0.335,0.639,0.671,0.318,0.638,0.670,0.231,0.656,-8.791,29.137,0.421,0.680
158,0.749,0.586,-0.347,0.750,0.586,0.312,0.749,0.586,0.231,0.528,-0.642,34.787,0.513,0.717
244,0.687,0.623,-0.334,0.688,0.623,0.318,0.687,0.623,0.230,0.623,-3.485,31.510,0.481,0.696
407,0.746,0.586,-0.344,0.747,0.586,0.313,0.746,0.586,0.230,0.530,-0.217,34.032,0.518,0.712
507,0.637,0.663,-0.330,0.638,0.664,0.321,0.637,0.663,0.226,0.659,-8.000,28.795,0.430,0.678
385,0.390,0.598,-0.063,0.390,0.599,0.460,0.390,0.598,0.226,1.080,-16.446,3.069,0.335,0.512
29,0.700,0.612,-0.334,0.700,0.612,0.319,0.700,0.612,0.225,0.590,-2.550,32.096,0.491,0.699
324,0.473,0.805,-0.283,0.474,0.806,0.346,0.473,0.805,0.223,0.485,-20.145,23.591,0.293,0.644
505,0.649,0.637,-0.321,0.650,0.637,0.325,0.649,0.637,0.223,0.686,-6.555,28.719,0.446,0.678
571,0.731,0.592,-0.338,0.731,0.592,0.317,0.731,0.592,0.223,0.538,-1.094,33.318,0.508,0.707
48,0.724,0.438,-0.183,0.725,0.438,0.397,0.724,0.438,0.219,0.669,12.249,22.410,0.658,0.637
345,0.608,0.691,-0.325,0.609,0.691,0.323,0.608,0.691,0.218,0.594,-10.271,28.085,0.404,0.674
184,0.813,0.526,-0.342,0.813,0.526,0.315,0.813,0.526,0.216,0.434,4.787,38.631,0.574,0.742
756,0.713,0.594,-0.327,0.713,0.594,0.322,0.713,0.594,0.216,0.552,-1.295,32.090,0.505,0.699
373,0.611,0.683,-0.322,0.611,0.683,0.325,0.611,0.683,0.215,0.601,-9.493,27.776,0.413,0.672
620,0.635,0.459,-0.175,0.636,0.459,0.402,0.635,0.459,0.214,0.916,6.119,18.742,0.589,0.613
466,0.623,0.648,-0.312,0.623,0.649,0.330,0.623,0.648,0.213,0.669,-7.977,27.558,0.430,0.670
288,0.627,0.636,-0.308,0.628,0.636,0.332,0.627,0.636,0.212,0.697,-6.984,27.414,0.441,0.669
966,0.616,0.654,-0.310,0.616,0.654,0.331,0.616,0.654,0.210,0.650,-8.541,26.836,0.424,0.665
475,0.615,0.466,-0.182,0.615,0.466,0.398,0.615,0.466,0.210,0.968,5.151,18.106,0.578,0.609
937,0.692,0.597,-0.317,0.692,0.598,0.327,0.692,0.597,0.209,0.572,-1.955,30.890,0.498,0.692
386,0.721,0.450,-0.195,0.722,0.450,0.391,0.721,0.450,0.206,0.623,11.276,22.698,0.647,0.639
183,0.400,0.617,-0.086,0.400,0.617,0.448,0.400,0.617,0.204,0.939,-17.281,3.855,0.326,0.517
784,0.620,0.629,-0.301,0.621,0.629,0.336,0.620,0.629,0.202,0.689,-7.123,26.416,0.440,0.663
143,0.447,0.589,-0.154,0.448,0.590,0.413,0.447,0.589,0.200,1.130,-11.185,11.942,0.394,0.569
384,0.476,0.603,-0.194,0.477,0.604,0.392,0.476,0.603,0.200,0.943,-11.010,13.875,0.396,0.582
905,0.440,0.751,-0.204,0.440,0.752,0.387,0.440,0.751,0.200,0.548,-19.614,19.442,0.299,0.618
412,0.593,0.675,-0.306,0.594,0.676,0.333,0.593,0.675,0.193,0.563,-10.160,26.554,0.406,0.664
124,0.471,0.774,-0.254,0.471,0.775,0.361,0.471,0.774,0.193,0.465,-19.276,22.194,0.303,0.635
391,0.553,0.735,-0.305,0.553,0.735,0.334,0.553,0.735,0.189,0.472,-14.668,24.611,0.355,0.651
916,0.587,0.601,-0.276,0.587,0.601,0.349,0.587,0.601,0.189,0.751,-7.974,22.624,0.430,0.638
40,0.440,0.736,-0.193,0.440,0.737,0.392,0.440,0.736,0.189,0.548,-19.157,18.569,0.304,0.612
998,0.633,0.603,-0.294,0.633,0.603,0.340,0.633,0.603,0.187,0.640,-5.231,27.027,0.461,0.667
775,0.676,0.583,-0.299,0.677,0.584,0.337,0.676,0.583,0.186,0.546,-1.601,29.419,0.502,0.682
408,0.779,0.500,-0.286,0.779,0.500,0.344,0.779,0.500,0.182,0.418,13.012,29.593,0.666,0.683
965,0.653,0.579,-0.287,0.653,0.580,0.343,0.653,0.579,0.180,0.580,-2.069,28.043,0.497,0.673
976,0.755,0.540,-0.308,0.756,0.540,0.332,0.755,0.540,0.178,0.420,1.788,31.492,0.540,0.696
86,0.416,0.684,-0.135,0.416,0.685,0.423,0.416,0.684,0.177,0.658,-18.042,15.331,0.317,0.591
618,0.422,0.688,-0.144,0.422,0.689,0.418,0.422,0.688,0.176,0.651,-18.090,16.130,0.316,0.596
457,0.590,0.660,-0.297,0.591,0.660,0.338,0.590,0.660,0.175,0.542,-9.426,25.607,0.414,0.657
793,0.583,0.666,-0.295,0.583,0.667,0.339,0.583,0.666,0.172,0.524,-10.537,25.392,0.401,0.656
229,0.556,0.681,-0.280,0.556,0.682,0.347,0.556,0.681,0.169,0.506,-12.215,24.051,0.383,0.647
257,0.525,0.601,-0.243,0.525,0.601,0.366,0.525,0.601,0.169,0.720,-9.679,19.723,0.411,0.619
419,0.670,0.419,-0.132,0.670,0.419,0.424,0.670,0.419,0.169,0.671,16.326,13.891,0.704,0.582
273,0.498,0.763,-0.272,0.498,0.763,0.351,0.498,0.763,0.163,0.396,-18.244,23.120,0.315,0.641
472,0.484,0.749,-0.248,0.484,0.749,0.364,0.484,0.749,0.163,0.423,-17.911,21.851,0.318,0.633
206,0.470,0.606,-0.186,0.470,0.606,0.396,0.470,0.606,0.162,0.772,-11.531,13.321,0.390,0.578
991,0.722,0.550,-0.294,0.723,0.550,0.339,0.722,0.550,0.162,0.422,0.866,30.673,0.530,0.690
356,0.713,0.554,-0.293,0.714,0.554,0.340,0.713,0.554,0.161,0.430,0.407,30.055,0.525,0.686
473,0.475,0.736,-0.230,0.475,0.736,0.373,0.475,0.736,0.159,0.438,-17.874,20.663,0.319,0.626
269,0.623,0.557,-0.267,0.624,0.558,0.354,0.623,0.557,0.159,0.589,0.528,21.743,0.526,0.633
760,0.444,0.716,-0.184,0.444,0.717,0.397,0.444,0.716,0.157,0.492,-18.246,17.974,0.315,0.608
787,0.550,0.680,-0.275,0.551,0.681,0.350,0.550,0.680,0.151,0.456,-12.768,23.267,0.376,0.642
510,0.727,0.474,-0.223,0.727,0.474,0.377,0.727,0.474,0.148,0.424,9.493,23.140,0.627,0.642
352,0.573,0.644,-0.281,0.574,0.645,0.346,0.573,0.644,0.147,0.492,-10.056,24.044,0.407,0.647
435,0.689,0.555,-0.282,0.689,0.555,0.346,0.689,0.555,0.147,0.428,0.057,29.006,0.521,0.679
763,0.605,0.543,-0.256,0.606,0.543,0.360,0.605,0.543,0.145,0.591,0.484,20.453,0.525,0.624
711,0.729,0.538,-0.288,0.730,0.538,0.343,0.729,0.538,0.144,0.371,1.669,30.100,0.539,0.687
569,0.579,0.520,-0.237,0.579,0.520,0.369,0.579,0.520,0.143,0.680,1.413,18.652,0.536,0.613
553,0.536,0.711,-0.275,0.536,0.711,0.349,0.536,0.711,0.140,0.388,-14.202,23.348,0.360,0.643
451,0.588,0.495,-0.215,0.589,0.495,0.381,0.588,0.495,0.136,0.656,2.667,17.975,0.550,0.608
171,0.528,0.720,-0.273,0.528,0.721,0.350,0.528,0.720,0.130,0.351,-15.259,23.249,0.348,0.642
830,0.617,0.539,-0.254,0.618,0.539,0.360,0.617,0.539,0.127,0.492,1.375,20.778,0.535,0.626
291,0.603,0.497,-0.218,0.603,0.497,0.379,0.603,0.497,0.125,0.558,2.882,18.859,0.552,0.614
480,0.540,0.657,-0.260,0.541,0.658,0.357,0.540,0.657,0.123,0.410,-11.954,22.245,0.385,0.636
456,0.487,0.705,-0.225,0.487,0.705,0.376,0.487,0.705,0.117,0.355,-16.442,20.278,0.335,0.623
196,0.450,0.667,-0.170,0.450,0.668,0.404,0.450,0.667,0.112,0.425,-16.798,16.603,0.331,0.599
321,0.735,0.489,-0.244,0.735,0.490,0.366,0.735,0.489,0.110,0.299,8.658,23.889,0.617,0.646
509,0.498,0.700,-0.234,0.498,0.701,0.371,0.498,0.700,0.105,0.319,-15.685,21.019,0.344,0.628
248,0.530,0.614,-0.247,0.530,0.615,0.364,0.530,0.614,0.105,0.419,-10.062,20.391,0.407,0.624
64,0.522,0.700,-0.257,0.522,0.700,0.359,0.522,0.700,0.101,0.296,-14.797,22.232,0.353,0.636
841,0.519,0.691,-0.251,0.519,0.692,0.362,0.519,0.691,0.100,0.303,-14.137,21.662,0.361,0.632
181,0.585,0.528,-0.244,0.585,0.529,0.366,0.585,0.528,0.100,0.457,0.921,19.347,0.530,0.617
661,0.667,0.462,-0.184,0.667,0.462,0.397,0.667,0.462,0.096,0.356,7.050,19.701,0.599,0.619
631,0.466,0.670,-0.190,0.466,0.670,0.394,0.466,0.670,0.094,0.340,-16.189,17.542,0.338,0.605
547,0.691,0.514,-0.246,0.691,0.514,0.364,0.691,0.514,0.089,0.271,6.121,23.450,0.589,0.644
816,0.494,0.638,-0.216,0.494,0.638,0.380,0.494,0.638,0.087,0.335,-12.747,17.789,0.377,0.607
467,0.608,0.486,-0.206,0.608,0.487,0.385,0.608,0.486,0.081,0.364,3.898,18.331,0.564,0.611
193,0.642,0.534,-0.253,0.643,0.534,0.361,0.642,0.534,0.079,0.281,2.074,21.659,0.543,0.632
753,0.697,0.503,-0.238,0.698,0.503,0.369,0.697,0.503,0.078,0.237,7.417,22.997,0.603,0.641
985,0.679,0.485,-0.213,0.679,0.485,0.382,0.679,0.485,0.065,0.220,7.191,21.486,0.601,0.631
759,0.693,0.507,-0.240,0.693,0.507,0.368,0.693,0.507,0.065,0.199,6.714,22.951,0.595,0.640
267,0.674,0.498,-0.226,0.675,0.498,0.375,0.674,0.498,0.055,0.183,6.217,21.944,0.590,0.634
565,0.626,0.505,-0.226,0.626,0.505,0.375,0.626,0.505,0.036,0.142,3.259,19.918,0.557,0.621
